case_group,case_name,algorithm,distribution,period,training_status,features,feature_count,method,samples,mae,rmse,central_80_coverage,central_80_average_width,notes
feature_screen,adaptive_feature_combination,elastic_net,gaussian,2019-01,superseded,"merit_order_price, wind_availability_factor, solar_availability_factor, previous_day_same_hour_residual, previous_day_same_hour_price, hour, weekend",7,adaptive_merit_order_correction,192,2.912042113836913,3.5899656841080088,,,Chronological feature-selection replay
feature_screen,adaptive_feature_combination,elastic_net,gaussian,2019-01,superseded,"merit_order_price, wind_availability_factor, solar_availability_factor, previous_day_same_hour_price, hour, weekday, weekend",7,adaptive_merit_order_correction,192,2.9143865880208453,3.584561687824225,,,Chronological feature-selection replay
feature_screen,adaptive_feature_combination,elastic_net,gaussian,2019-01,superseded,"merit_order_price, wind_availability_factor, solar_availability_factor, previous_day_same_hour_residual, previous_day_same_hour_price, hour, weekday, weekend",8,adaptive_merit_order_correction,192,2.922470707852403,3.5918100277116287,,,Chronological feature-selection replay
feature_screen,adaptive_feature_combination,elastic_net,gaussian,2019-01,superseded,"merit_order_price, wind_availability_factor, solar_availability_factor, previous_day_same_hour_price, hour, weekend",6,adaptive_merit_order_correction,192,2.9261870828926337,3.6019119864295046,,,Chronological feature-selection replay
feature_screen,adaptive_feature_combination,elastic_net,gaussian,2019-01,superseded,"merit_order_price, wind_availability_factor, solar_availability_factor, hour, weekday, weekend",6,adaptive_merit_order_correction,192,2.9485583793684538,3.663071557954365,,,Chronological feature-selection replay
feature_screen,adaptive_feature_combination,elastic_net,gaussian,2019-01,superseded,"merit_order_price, wind_availability_factor, solar_availability_factor, hour, weekend",5,adaptive_merit_order_correction,192,2.9507197492173654,3.6637367997966095,,,Chronological feature-selection replay
feature_screen,adaptive_feature_combination,elastic_net,gaussian,2019-01,superseded,"merit_order_price, wind_availability_factor, solar_availability_factor, hour, weekday",5,adaptive_merit_order_correction,192,2.952762965241669,3.768288699133534,,,Chronological feature-selection replay
feature_screen,adaptive_feature_combination,elastic_net,gaussian,2019-01,superseded,"merit_order_price, wind_availability_factor, solar_availability_factor, previous_day_same_hour_price, hour, weekday",6,adaptive_merit_order_correction,192,2.9755677712914115,3.804603824523397,,,Chronological feature-selection replay
feature_screen,adaptive_feature_combination,elastic_net,gaussian,2019-01,superseded,"merit_order_price, wind_availability_factor, solar_availability_factor, previous_day_same_hour_price, weekday, weekend",6,adaptive_merit_order_correction,192,2.9757585948999936,3.727288060357763,,,Chronological feature-selection replay
feature_screen,adaptive_feature_combination,elastic_net,gaussian,2019-01,superseded,"merit_order_price, wind_availability_factor, solar_availability_factor, previous_day_same_hour_residual, previous_day_same_hour_price, weekday, weekend",7,adaptive_merit_order_correction,192,2.9855710923175693,3.741706831849621,,,Chronological feature-selection replay
feature_screen,adaptive_feature_combination,elastic_net,gaussian,2019-01,superseded,"merit_order_price, wind_availability_factor, solar_availability_factor, previous_day_same_hour_residual, hour, weekend",6,adaptive_merit_order_correction,192,2.9889307202698228,3.701925726388692,,,Chronological feature-selection replay
feature_screen,adaptive_feature_combination,elastic_net,gaussian,2019-01,superseded,"merit_order_price, wind_availability_factor, solar_availability_factor, previous_day_same_hour_residual, previous_day_same_hour_price, hour, weekday",7,adaptive_merit_order_correction,192,2.99149075950498,3.818828874840965,,,Chronological feature-selection replay
feature_screen,adaptive_feature_combination,elastic_net,gaussian,2019-01,superseded,"merit_order_price, wind_availability_factor, solar_availability_factor, previous_day_same_hour_price, weekend",5,adaptive_merit_order_correction,192,3.002680284299038,3.769690184919344,,,Chronological feature-selection replay
feature_screen,adaptive_feature_combination,elastic_net,gaussian,2019-01,superseded,"merit_order_price, wind_availability_factor, solar_availability_factor, previous_day_same_hour_residual, hour, weekday, weekend",7,adaptive_merit_order_correction,192,3.003312934236187,3.709714912966641,,,Chronological feature-selection replay
feature_screen,adaptive_feature_combination,elastic_net,gaussian,2019-01,superseded,"merit_order_price, wind_availability_factor, solar_availability_factor, previous_day_same_hour_residual, previous_day_same_hour_price, weekend",6,adaptive_merit_order_correction,192,3.003782488266741,3.777605119629557,,,Chronological feature-selection replay
feature_screen,adaptive_feature_combination,elastic_net,gaussian,2019-01,superseded,"merit_order_price, wind_availability_factor, solar_availability_factor, previous_day_same_hour_residual, hour, weekday",6,adaptive_merit_order_correction,192,3.014125105487849,3.818847498516565,,,Chronological feature-selection replay
feature_screen,adaptive_feature_combination,elastic_net,gaussian,2019-01,superseded,"merit_order_price, wind_availability_factor, solar_availability_factor, weekday",4,adaptive_merit_order_correction,192,3.045610797751076,3.890718008285073,,,Chronological feature-selection replay
feature_screen,adaptive_feature_combination,elastic_net,gaussian,2019-01,superseded,"merit_order_price, wind_availability_factor, solar_availability_factor, weekday, weekend",5,adaptive_merit_order_correction,192,3.047312059796632,3.8416534904467663,,,Chronological feature-selection replay
feature_screen,adaptive_feature_combination,elastic_net,gaussian,2019-01,superseded,"merit_order_price, wind_availability_factor, solar_availability_factor, previous_day_same_hour_price, weekday",5,adaptive_merit_order_correction,192,3.0518713802353137,3.88276813696702,,,Chronological feature-selection replay
feature_screen,adaptive_feature_combination,elastic_net,gaussian,2019-01,superseded,"merit_order_price, wind_availability_factor, solar_availability_factor, weekend",4,adaptive_merit_order_correction,192,3.0538270743879097,3.844472457983225,,,Chronological feature-selection replay
feature_screen,adaptive_feature_combination,elastic_net,gaussian,2019-01,superseded,"merit_order_price, wind_availability_factor, solar_availability_factor, previous_day_same_hour_residual, previous_day_same_hour_price, weekday",6,adaptive_merit_order_correction,192,3.061657556602114,3.89204544269076,,,Chronological feature-selection replay
feature_screen,adaptive_feature_combination,elastic_net,gaussian,2019-01,superseded,"merit_order_price, wind_availability_factor, solar_availability_factor, previous_day_same_hour_residual, weekday, weekend",6,adaptive_merit_order_correction,192,3.095493904222829,3.885634759255654,,,Chronological feature-selection replay
feature_screen,adaptive_feature_combination,elastic_net,gaussian,2019-01,superseded,"merit_order_price, wind_availability_factor, solar_availability_factor, previous_day_same_hour_residual, weekday",5,adaptive_merit_order_correction,192,3.095827312859626,3.933102201987902,,,Chronological feature-selection replay
feature_screen,adaptive_feature_combination,elastic_net,gaussian,2019-01,superseded,"merit_order_price, wind_availability_factor, solar_availability_factor, previous_day_same_hour_residual, weekend",5,adaptive_merit_order_correction,192,3.099757085518789,3.892984548361332,,,Chronological feature-selection replay
feature_screen,adaptive_feature_combination,elastic_net,gaussian,2019-01,superseded,"merit_order_price, wind_availability_factor, solar_availability_factor, residual_load, previous_day_same_hour_price, hour, weekday, weekend",8,adaptive_merit_order_correction,192,3.131818536344281,3.817815734609717,,,Chronological feature-selection replay
feature_screen,adaptive_feature_combination,elastic_net,gaussian,2019-01,superseded,"merit_order_price, wind_availability_factor, solar_availability_factor, hour",4,adaptive_merit_order_correction,192,3.136349619733694,3.97015371699584,,,Chronological feature-selection replay
feature_screen,adaptive_feature_combination,elastic_net,gaussian,2019-01,superseded,"merit_order_price, wind_availability_factor, solar_availability_factor, residual_load, previous_day_same_hour_residual, previous_day_same_hour_price, hour, weekday, weekend",9,adaptive_merit_order_correction,192,3.1416256740375625,3.829791056714161,,,Chronological feature-selection replay
feature_screen,adaptive_feature_combination,elastic_net,gaussian,2019-01,superseded,"merit_order_price, wind_availability_factor, solar_availability_factor, residual_load, previous_day_same_hour_residual, previous_day_same_hour_price, hour, weekend",8,adaptive_merit_order_correction,192,3.1503340172691803,3.840530565576692,,,Chronological feature-selection replay
feature_screen,adaptive_feature_combination,elastic_net,gaussian,2019-01,superseded,"merit_order_price, wind_availability_factor, solar_availability_factor, previous_day_same_hour_residual, hour",5,adaptive_merit_order_correction,192,3.1582037662086706,3.9922484126182702,,,Chronological feature-selection replay
feature_screen,adaptive_feature_combination,elastic_net,gaussian,2019-01,superseded,"merit_order_price, wind_availability_factor, solar_availability_factor, residual_load, previous_day_same_hour_price, hour, weekend",7,adaptive_merit_order_correction,192,3.1607108336691456,3.8513379305678304,,,Chronological feature-selection replay
feature_screen,adaptive_feature_combination,elastic_net,gaussian,2019-01,superseded,"merit_order_price, wind_availability_factor, solar_availability_factor, previous_day_same_hour_residual, previous_day_same_hour_price, hour",6,adaptive_merit_order_correction,192,3.1732640530950307,3.981144951115596,,,Chronological feature-selection replay
feature_screen,adaptive_feature_combination,elastic_net,gaussian,2019-01,superseded,"merit_order_price, wind_availability_factor, solar_availability_factor, residual_load, previous_day_same_hour_price, weekday, weekend",7,adaptive_merit_order_correction,192,3.1771180818443816,3.929474359912609,,,Chronological feature-selection replay
feature_screen,adaptive_feature_combination,elastic_net,gaussian,2019-01,superseded,"merit_order_price, wind_availability_factor, solar_availability_factor",3,adaptive_merit_order_correction,192,3.185497004999352,4.042292291641668,,,Chronological feature-selection replay
feature_screen,adaptive_feature_combination,elastic_net,gaussian,2019-01,superseded,"merit_order_price, wind_availability_factor, solar_availability_factor, residual_load, previous_day_same_hour_residual, previous_day_same_hour_price, weekday, weekend",8,adaptive_merit_order_correction,192,3.193250136644829,3.940895620536872,,,Chronological feature-selection replay
feature_screen,adaptive_feature_combination,elastic_net,gaussian,2019-01,superseded,"merit_order_price, wind_availability_factor, solar_availability_factor, previous_day_same_hour_price, hour",5,adaptive_merit_order_correction,192,3.1933415953453537,4.013369511018887,,,Chronological feature-selection replay
feature_screen,adaptive_feature_combination,elastic_net,gaussian,2019-01,superseded,"merit_order_price, wind_availability_factor, solar_availability_factor, previous_day_same_hour_residual",4,adaptive_merit_order_correction,192,3.2024523900004938,4.065510268350893,,,Chronological feature-selection replay
feature_screen,adaptive_feature_combination,elastic_net,gaussian,2019-01,superseded,"merit_order_price, wind_availability_factor, solar_availability_factor, residual_load, previous_day_same_hour_residual, previous_day_same_hour_price, weekend",7,adaptive_merit_order_correction,192,3.205101572464391,3.956536547395298,,,Chronological feature-selection replay
feature_screen,adaptive_feature_combination,elastic_net,gaussian,2019-01,superseded,"merit_order_price, wind_availability_factor, solar_availability_factor, previous_day_same_hour_residual, previous_day_same_hour_price",5,adaptive_merit_order_correction,192,3.205930347514728,4.0315966954991405,,,Chronological feature-selection replay
feature_screen,adaptive_feature_combination,elastic_net,gaussian,2019-01,superseded,"merit_order_price, wind_availability_factor, solar_availability_factor, residual_load, previous_day_same_hour_price, weekend",6,adaptive_merit_order_correction,192,3.2090914833493467,3.9652086978786736,,,Chronological feature-selection replay
feature_screen,adaptive_feature_combination,elastic_net,gaussian,2019-01,superseded,"merit_order_price, wind_availability_factor, solar_availability_factor, residual_load, previous_day_same_hour_price, hour, weekday",7,adaptive_merit_order_correction,192,3.210704465127982,3.993063992495733,,,Chronological feature-selection replay
feature_screen,adaptive_feature_combination,elastic_net,gaussian,2019-01,superseded,"merit_order_price, wind_availability_factor, solar_availability_factor, residual_load, hour, weekend",6,adaptive_merit_order_correction,192,3.215900627941355,3.894598426710219,,,Chronological feature-selection replay
feature_screen,adaptive_feature_combination,elastic_net,gaussian,2019-01,superseded,"merit_order_price, wind_availability_factor, solar_availability_factor, residual_load, hour, weekday, weekend",7,adaptive_merit_order_correction,192,3.223311940025056,3.891946691126536,,,Chronological feature-selection replay
feature_screen,adaptive_feature_combination,elastic_net,gaussian,2019-01,superseded,"merit_order_price, wind_availability_factor, solar_availability_factor, residual_load, previous_day_same_hour_residual, previous_day_same_hour_price, hour, weekday",8,adaptive_merit_order_correction,192,3.227568217875345,4.002818997434336,,,Chronological feature-selection replay
feature_screen,adaptive_feature_combination,elastic_net,gaussian,2019-01,superseded,"merit_order_price, wind_availability_factor, solar_availability_factor, residual_load, previous_day_same_hour_residual, hour, weekend",7,adaptive_merit_order_correction,192,3.229822800414866,3.913230332463666,,,Chronological feature-selection replay
feature_screen,adaptive_feature_combination,elastic_net,gaussian,2019-01,superseded,"merit_order_price, wind_availability_factor, solar_availability_factor, previous_day_same_hour_price",4,adaptive_merit_order_correction,192,3.2369769865996383,4.070602101608108,,,Chronological feature-selection replay
feature_screen,adaptive_feature_combination,elastic_net,gaussian,2019-01,superseded,"merit_order_price, wind_availability_factor, solar_availability_factor, residual_load, previous_day_same_hour_price, weekday",6,adaptive_merit_order_correction,192,3.23937963433117,4.040447289419944,,,Chronological feature-selection replay
feature_screen,adaptive_feature_combination,elastic_net,gaussian,2019-01,superseded,"merit_order_price, wind_availability_factor, solar_availability_factor, residual_load, hour, weekday",6,adaptive_merit_order_correction,192,3.241265812272362,3.972659421815455,,,Chronological feature-selection replay
feature_screen,adaptive_feature_combination,elastic_net,gaussian,2019-01,superseded,"merit_order_price, wind_availability_factor, solar_availability_factor, residual_load, previous_day_same_hour_residual, hour, weekday, weekend",8,adaptive_merit_order_correction,192,3.247816186564938,3.923790124572352,,,Chronological feature-selection replay
feature_screen,adaptive_feature_combination,elastic_net,gaussian,2019-01,superseded,"merit_order_price, wind_availability_factor, solar_availability_factor, residual_load, weekday",5,adaptive_merit_order_correction,192,3.25591980232168,4.032377703716185,,,Chronological feature-selection replay
feature_screen,adaptive_feature_combination,elastic_net,gaussian,2019-01,superseded,"merit_order_price, wind_availability_factor, solar_availability_factor, residual_load, previous_day_same_hour_residual, previous_day_same_hour_price, weekday",7,adaptive_merit_order_correction,192,3.258123839997445,4.048954394606504,,,Chronological feature-selection replay
feature_screen,adaptive_feature_combination,elastic_net,gaussian,2019-01,superseded,"merit_order_price, wind_availability_factor, solar_availability_factor, residual_load, weekend",5,adaptive_merit_order_correction,192,3.263751685349194,4.004227717367192,,,Chronological feature-selection replay
feature_screen,adaptive_feature_combination,elastic_net,gaussian,2019-01,superseded,"merit_order_price, wind_availability_factor, solar_availability_factor, residual_load, weekday, weekend",6,adaptive_merit_order_correction,192,3.2655341414819765,4.000779850405612,,,Chronological feature-selection replay
feature_screen,adaptive_feature_combination,elastic_net,gaussian,2019-01,superseded,"merit_order_price, wind_availability_factor, solar_availability_factor, residual_load, previous_day_same_hour_residual, hour, weekday",7,adaptive_merit_order_correction,192,3.268047472742364,4.003019579253444,,,Chronological feature-selection replay
feature_screen,adaptive_feature_combination,elastic_net,gaussian,2019-01,superseded,"merit_order_price, wind_availability_factor, solar_availability_factor, residual_load, previous_day_same_hour_residual, weekend",6,adaptive_merit_order_correction,192,3.2850807641658464,4.029017049046162,,,Chronological feature-selection replay
feature_screen,adaptive_feature_combination,elastic_net,gaussian,2019-01,superseded,"merit_order_price, wind_availability_factor, solar_availability_factor, residual_load, previous_day_same_hour_residual, weekday",6,adaptive_merit_order_correction,192,3.2894216493022443,4.067677329983659,,,Chronological feature-selection replay
feature_screen,adaptive_feature_combination,elastic_net,gaussian,2019-01,superseded,"merit_order_price, wind_availability_factor, solar_availability_factor, residual_load",4,adaptive_merit_order_correction,192,3.2945738353908616,4.130664436991702,,,Chronological feature-selection replay
feature_screen,adaptive_feature_combination,elastic_net,gaussian,2019-01,superseded,"merit_order_price, wind_availability_factor, solar_availability_factor, residual_load, previous_day_same_hour_residual, weekday, weekend",7,adaptive_merit_order_correction,192,3.2962254123674604,4.038260734536119,,,Chronological feature-selection replay
feature_screen,adaptive_feature_combination,elastic_net,gaussian,2019-01,superseded,"merit_order_price, wind_availability_factor, solar_availability_factor, residual_load, hour",5,adaptive_merit_order_correction,192,3.296539488006579,4.09361322380051,,,Chronological feature-selection replay
feature_screen,adaptive_feature_combination,elastic_net,gaussian,2019-01,superseded,"merit_order_price, wind_availability_factor, solar_availability_factor, residual_load, previous_day_same_hour_residual",5,adaptive_merit_order_correction,192,3.3048486788318683,4.1333971393431534,,,Chronological feature-selection replay
feature_screen,adaptive_feature_combination,elastic_net,gaussian,2019-01,superseded,"merit_order_price, wind_availability_factor, solar_availability_factor, residual_load, previous_day_same_hour_residual, previous_day_same_hour_price",6,adaptive_merit_order_correction,192,3.305774423431162,4.124764113455731,,,Chronological feature-selection replay
feature_screen,adaptive_feature_combination,elastic_net,gaussian,2019-01,superseded,"merit_order_price, wind_availability_factor, solar_availability_factor, residual_load, previous_day_same_hour_residual, hour",6,adaptive_merit_order_correction,192,3.318619715446112,4.116361860356465,,,Chronological feature-selection replay
feature_screen,adaptive_feature_combination,elastic_net,gaussian,2019-01,superseded,"merit_order_price, wind_availability_factor, solar_availability_factor, residual_load, previous_day_same_hour_residual, previous_day_same_hour_price, hour",7,adaptive_merit_order_correction,192,3.3320067065907786,4.139491250020203,,,Chronological feature-selection replay
feature_screen,adaptive_feature_combination,elastic_net,gaussian,2019-01,superseded,"merit_order_price, wind_availability_factor, solar_availability_factor, residual_load, previous_day_same_hour_price",5,adaptive_merit_order_correction,192,3.3417941430899014,4.181923201252025,,,Chronological feature-selection replay
feature_screen,adaptive_feature_combination,elastic_net,gaussian,2019-01,superseded,"merit_order_price, wind_availability_factor, solar_availability_factor, residual_load, previous_day_same_hour_price, hour",6,adaptive_merit_order_correction,192,3.35863870601865,4.169028677887251,,,Chronological feature-selection replay
feature_screen,adaptive_feature_combination,elastic_net,gaussian,2019-01_to_2019-09,superseded,"merit_order_price, wind_availability_factor, solar_availability_factor, residual_load, previous_day_same_hour_residual, previous_day_same_hour_price, weekday, weekend",8,adaptive_merit_order_correction,6047,3.266053707905092,4.537696297047395,,,Chronological feature-selection replay
feature_screen,adaptive_feature_combination,elastic_net,gaussian,2019-01_to_2019-09,superseded,"merit_order_price, wind_availability_factor, solar_availability_factor, residual_load, previous_day_same_hour_residual, previous_day_same_hour_price, hour, weekday, weekend",9,adaptive_merit_order_correction,6047,3.2834082859071034,4.546290798585038,,,Chronological feature-selection replay
feature_screen,adaptive_feature_combination,elastic_net,gaussian,2019-01_to_2019-09,superseded,"merit_order_price, wind_availability_factor, solar_availability_factor, residual_load, previous_day_same_hour_residual, previous_day_same_hour_price, weekend",7,adaptive_merit_order_correction,6047,3.3052973326564965,4.613794780003131,,,Chronological feature-selection replay
feature_screen,adaptive_feature_combination,elastic_net,gaussian,2019-01_to_2019-09,superseded,"merit_order_price, wind_availability_factor, solar_availability_factor, previous_day_same_hour_residual, previous_day_same_hour_price, hour, weekday, weekend",8,adaptive_merit_order_correction,6047,3.318754888456825,4.669883340216998,,,Chronological feature-selection replay
feature_screen,adaptive_feature_combination,elastic_net,gaussian,2019-01_to_2019-09,superseded,"merit_order_price, wind_availability_factor, solar_availability_factor, residual_load, previous_day_same_hour_residual, previous_day_same_hour_price, weekday",7,adaptive_merit_order_correction,6047,3.318801405821724,4.589372960030122,,,Chronological feature-selection replay
feature_screen,adaptive_feature_combination,elastic_net,gaussian,2019-01_to_2019-09,superseded,"merit_order_price, wind_availability_factor, solar_availability_factor, residual_load, previous_day_same_hour_residual, previous_day_same_hour_price, hour, weekday",8,adaptive_merit_order_correction,6047,3.319727777645371,4.596598187623363,,,Chronological feature-selection replay
feature_screen,adaptive_feature_combination,elastic_net,gaussian,2019-01_to_2019-09,superseded,"merit_order_price, wind_availability_factor, solar_availability_factor, residual_load, previous_day_same_hour_residual, previous_day_same_hour_price, hour, weekend",8,adaptive_merit_order_correction,6047,3.321328757906181,4.615264904541238,,,Chronological feature-selection replay
feature_screen,adaptive_feature_combination,elastic_net,gaussian,2019-01_to_2019-09,superseded,"merit_order_price, wind_availability_factor, solar_availability_factor, residual_load, previous_day_same_hour_price, weekday, weekend",7,adaptive_merit_order_correction,6047,3.3348931757045333,4.592664793471162,,,Chronological feature-selection replay
feature_screen,adaptive_feature_combination,elastic_net,gaussian,2019-01_to_2019-09,superseded,"merit_order_price, wind_availability_factor, solar_availability_factor, residual_load, previous_day_same_hour_price, hour, weekday, weekend",8,adaptive_merit_order_correction,6047,3.342573576504804,4.591565957846475,,,Chronological feature-selection replay
feature_screen,adaptive_feature_combination,elastic_net,gaussian,2019-01_to_2019-09,superseded,"merit_order_price, wind_availability_factor, solar_availability_factor, residual_load, previous_day_same_hour_residual, previous_day_same_hour_price",6,adaptive_merit_order_correction,6047,3.345000715130971,4.653792604222256,,,Chronological feature-selection replay
feature_screen,adaptive_feature_combination,elastic_net,gaussian,2019-01_to_2019-09,superseded,"merit_order_price, wind_availability_factor, solar_availability_factor, residual_load, previous_day_same_hour_residual, previous_day_same_hour_price, hour",7,adaptive_merit_order_correction,6047,3.3550544124458,4.662277528147948,,,Chronological feature-selection replay
feature_screen,adaptive_feature_combination,elastic_net,gaussian,2019-01_to_2019-09,superseded,"merit_order_price, wind_availability_factor, solar_availability_factor, previous_day_same_hour_residual, previous_day_same_hour_price, weekday, weekend",7,adaptive_merit_order_correction,6047,3.355860027195593,4.794676009730601,,,Chronological feature-selection replay
feature_screen,adaptive_feature_combination,elastic_net,gaussian,2019-01_to_2019-09,superseded,"merit_order_price, wind_availability_factor, solar_availability_factor, previous_day_same_hour_residual, previous_day_same_hour_price, hour, weekend",7,adaptive_merit_order_correction,6047,3.3651293942259435,4.735402030314257,,,Chronological feature-selection replay
feature_screen,adaptive_feature_combination,elastic_net,gaussian,2019-01_to_2019-09,superseded,"merit_order_price, wind_availability_factor, solar_availability_factor, previous_day_same_hour_price, hour, weekday, weekend",7,adaptive_merit_order_correction,6047,3.383952922963471,4.710052252149238,,,Chronological feature-selection replay
feature_screen,adaptive_feature_combination,elastic_net,gaussian,2019-01_to_2019-09,superseded,"merit_order_price, wind_availability_factor, solar_availability_factor, residual_load, previous_day_same_hour_price, hour, weekday",7,adaptive_merit_order_correction,6047,3.3936784722821094,4.6508456643540255,,,Chronological feature-selection replay
feature_screen,adaptive_feature_combination,elastic_net,gaussian,2019-01_to_2019-09,superseded,"merit_order_price, wind_availability_factor, solar_availability_factor, residual_load, previous_day_same_hour_residual, weekday, weekend",7,adaptive_merit_order_correction,6047,3.3951954626235548,4.685546578093039,,,Chronological feature-selection replay
feature_screen,adaptive_feature_combination,elastic_net,gaussian,2019-01_to_2019-09,superseded,"merit_order_price, wind_availability_factor, solar_availability_factor, residual_load, previous_day_same_hour_residual, hour, weekday, weekend",8,adaptive_merit_order_correction,6047,3.3980100423178965,4.676346519782423,,,Chronological feature-selection replay
feature_screen,adaptive_feature_combination,elastic_net,gaussian,2019-01_to_2019-09,superseded,"merit_order_price, wind_availability_factor, solar_availability_factor, residual_load, previous_day_same_hour_price, weekday",6,adaptive_merit_order_correction,6047,3.401440248543531,4.652903059712572,,,Chronological feature-selection replay
feature_screen,adaptive_feature_combination,elastic_net,gaussian,2019-01_to_2019-09,superseded,"merit_order_price, wind_availability_factor, solar_availability_factor, residual_load, previous_day_same_hour_price, weekend",6,adaptive_merit_order_correction,6047,3.402215529349172,4.697405584238927,,,Chronological feature-selection replay
feature_screen,adaptive_feature_combination,elastic_net,gaussian,2019-01_to_2019-09,superseded,"merit_order_price, wind_availability_factor, solar_availability_factor, residual_load, previous_day_same_hour_residual, weekend",6,adaptive_merit_order_correction,6047,3.407962648515423,4.723146056955066,,,Chronological feature-selection replay
feature_screen,adaptive_feature_combination,elastic_net,gaussian,2019-01_to_2019-09,superseded,"merit_order_price, wind_availability_factor, solar_availability_factor, residual_load, previous_day_same_hour_price, hour, weekend",7,adaptive_merit_order_correction,6047,3.408563946144642,4.683685738824458,,,Chronological feature-selection replay
feature_screen,adaptive_feature_combination,elastic_net,gaussian,2019-01_to_2019-09,superseded,"merit_order_price, wind_availability_factor, solar_availability_factor, previous_day_same_hour_residual, previous_day_same_hour_price, weekend",6,adaptive_merit_order_correction,6047,3.40976072979696,4.883929889651107,,,Chronological feature-selection replay
feature_screen,adaptive_feature_combination,elastic_net,gaussian,2019-01_to_2019-09,superseded,"merit_order_price, wind_availability_factor, solar_availability_factor, residual_load, previous_day_same_hour_residual, hour, weekday",7,adaptive_merit_order_correction,6047,3.4140230846914537,4.698699443379213,,,Chronological feature-selection replay
feature_screen,adaptive_feature_combination,elastic_net,gaussian,2019-01_to_2019-09,superseded,"merit_order_price, wind_availability_factor, solar_availability_factor, residual_load, previous_day_same_hour_residual, hour, weekend",7,adaptive_merit_order_correction,6047,3.414803710352201,4.712076406547585,,,Chronological feature-selection replay
feature_screen,adaptive_feature_combination,elastic_net,gaussian,2019-01_to_2019-09,superseded,"merit_order_price, wind_availability_factor, solar_availability_factor, residual_load, previous_day_same_hour_residual, weekday",6,adaptive_merit_order_correction,6047,3.4206195754898223,4.706972101347979,,,Chronological feature-selection replay
feature_screen,adaptive_feature_combination,elastic_net,gaussian,2019-01_to_2019-09,superseded,"merit_order_price, wind_availability_factor, solar_availability_factor, previous_day_same_hour_residual, previous_day_same_hour_price, hour, weekday",7,adaptive_merit_order_correction,6047,3.4222293344449164,4.835256529717652,,,Chronological feature-selection replay
feature_screen,adaptive_feature_combination,elastic_net,gaussian,2019-01_to_2019-09,superseded,"merit_order_price, wind_availability_factor, solar_availability_factor, residual_load, previous_day_same_hour_residual",5,adaptive_merit_order_correction,6046,3.441156,4.751142,,,Chronological feature-selection replay
feature_screen,adaptive_feature_combination,elastic_net,gaussian,2019-01_to_2019-09,superseded,"merit_order_price, wind_availability_factor, solar_availability_factor, residual_load, previous_day_same_hour_residual, hour",6,adaptive_merit_order_correction,6047,3.444462976763994,4.750007743300897,,,Chronological feature-selection replay
feature_screen,adaptive_feature_combination,elastic_net,gaussian,2019-01_to_2019-09,superseded,"merit_order_price, wind_availability_factor, solar_availability_factor, previous_day_same_hour_price, weekday, weekend",6,adaptive_merit_order_correction,6047,3.4490041015157287,4.85148428107968,,,Chronological feature-selection replay
feature_screen,adaptive_feature_combination,elastic_net,gaussian,2019-01_to_2019-09,superseded,"merit_order_price, wind_availability_factor, solar_availability_factor, residual_load, previous_day_same_hour_price",5,adaptive_merit_order_correction,6046,3.450168,4.744388,,,Chronological feature-selection replay
feature_screen,adaptive_feature_combination,elastic_net,gaussian,2019-01_to_2019-09,superseded,"merit_order_price, wind_availability_factor, solar_availability_factor, residual_load, previous_day_same_hour_price, hour",6,adaptive_merit_order_correction,6047,3.4520548044338395,4.740013968493841,,,Chronological feature-selection replay
feature_screen,adaptive_feature_combination,elastic_net,gaussian,2019-01_to_2019-09,superseded,"merit_order_price, wind_availability_factor, solar_availability_factor, previous_day_same_hour_price, hour, weekend",6,adaptive_merit_order_correction,6047,3.453032706988203,4.798152664076042,,,Chronological feature-selection replay
feature_screen,adaptive_feature_combination,elastic_net,gaussian,2019-01_to_2019-09,superseded,"merit_order_price, wind_availability_factor, solar_availability_factor, previous_day_same_hour_residual, previous_day_same_hour_price, weekday",6,adaptive_merit_order_correction,6047,3.470749436802663,4.9469292349318925,,,Chronological feature-selection replay
feature_screen,adaptive_feature_combination,elastic_net,gaussian,2019-01_to_2019-09,superseded,"merit_order_price, wind_availability_factor, solar_availability_factor, previous_day_same_hour_residual, hour, weekday, weekend",7,adaptive_merit_order_correction,6047,3.4755841510021286,4.842135486676628,,,Chronological feature-selection replay
feature_screen,adaptive_feature_combination,elastic_net,gaussian,2019-01_to_2019-09,superseded,"merit_order_price, wind_availability_factor, solar_availability_factor, previous_day_same_hour_residual, previous_day_same_hour_price, hour",6,adaptive_merit_order_correction,6047,3.477499597577849,4.996816334280823,,,Chronological feature-selection replay
feature_screen,adaptive_feature_combination,elastic_net,gaussian,2019-01_to_2019-09,superseded,"merit_order_price, wind_availability_factor, solar_availability_factor, previous_day_same_hour_residual, hour, weekend",6,adaptive_merit_order_correction,6047,3.493019236266241,4.872787362844801,,,Chronological feature-selection replay
feature_screen,adaptive_feature_combination,elastic_net,gaussian,2019-01_to_2019-09,superseded,"merit_order_price, wind_availability_factor, solar_availability_factor, previous_day_same_hour_residual, previous_day_same_hour_price",5,adaptive_merit_order_correction,6047,3.507899735266749,5.078916341710697,,,Chronological feature-selection replay
feature_screen,adaptive_feature_combination,elastic_net,gaussian,2019-01_to_2019-09,superseded,"merit_order_price, wind_availability_factor, solar_availability_factor, residual_load, hour, weekday, weekend",7,adaptive_merit_order_correction,6047,3.508522681678752,4.798883814989772,,,Chronological feature-selection replay
feature_screen,adaptive_feature_combination,elastic_net,gaussian,2019-01_to_2019-09,superseded,"merit_order_price, wind_availability_factor, solar_availability_factor, previous_day_same_hour_price, hour, weekday",6,adaptive_merit_order_correction,6047,3.516808984300265,4.891884375358557,,,Chronological feature-selection replay
feature_screen,adaptive_feature_combination,elastic_net,gaussian,2019-01_to_2019-09,superseded,"merit_order_price, wind_availability_factor, solar_availability_factor, residual_load, hour, weekend",6,adaptive_merit_order_correction,6047,3.525141531836617,4.827315499969782,,,Chronological feature-selection replay
feature_screen,adaptive_feature_combination,elastic_net,gaussian,2019-01_to_2019-09,superseded,"merit_order_price, wind_availability_factor, solar_availability_factor, previous_day_same_hour_price, weekend",5,adaptive_merit_order_correction,6047,3.533281268026577,4.976147621791172,,,Chronological feature-selection replay
feature_screen,adaptive_feature_combination,elastic_net,gaussian,2019-01_to_2019-09,superseded,"merit_order_price, wind_availability_factor, solar_availability_factor, previous_day_same_hour_residual, hour, weekday",6,adaptive_merit_order_correction,6047,3.538724814316353,4.946355264070164,,,Chronological feature-selection replay
feature_screen,adaptive_feature_combination,elastic_net,gaussian,2019-01_to_2019-09,superseded,"merit_order_price, wind_availability_factor, solar_availability_factor, residual_load, hour, weekday",6,adaptive_merit_order_correction,6047,3.541267497338757,4.825763498253012,,,Chronological feature-selection replay
feature_screen,adaptive_feature_combination,elastic_net,gaussian,2019-01_to_2019-09,superseded,"merit_order_price, wind_availability_factor, solar_availability_factor, residual_load, weekday, weekend",6,adaptive_merit_order_correction,6047,3.5480483706172152,4.87820846917186,,,Chronological feature-selection replay
feature_screen,adaptive_feature_combination,elastic_net,gaussian,2019-01_to_2019-09,superseded,"merit_order_price, wind_availability_factor, solar_availability_factor, previous_day_same_hour_residual, weekday, weekend",6,adaptive_merit_order_correction,6047,3.562031426898432,5.039355627638099,,,Chronological feature-selection replay
feature_screen,adaptive_feature_combination,elastic_net,gaussian,2019-01_to_2019-09,superseded,"merit_order_price, wind_availability_factor, solar_availability_factor, residual_load, weekend",5,adaptive_merit_order_correction,6047,3.5624991740874803,4.914774987716205,,,Chronological feature-selection replay
feature_screen,adaptive_feature_combination,elastic_net,gaussian,2019-01_to_2019-09,superseded,"merit_order_price, wind_availability_factor, solar_availability_factor, residual_load, hour",5,adaptive_merit_order_correction,6046,3.57255,4.87514,,,Chronological feature-selection replay
feature_screen,adaptive_feature_combination,elastic_net,gaussian,2019-01_to_2019-09,superseded,"merit_order_price, wind_availability_factor, solar_availability_factor, previous_day_same_hour_residual, weekend",5,adaptive_merit_order_correction,6047,3.572877093768935,5.07171556141925,,,Chronological feature-selection replay
feature_screen,adaptive_feature_combination,elastic_net,gaussian,2019-01_to_2019-09,superseded,"merit_order_price, wind_availability_factor, solar_availability_factor, residual_load, weekday",5,adaptive_merit_order_correction,6047,3.5758771859032854,4.89414239413267,,,Chronological feature-selection replay
feature_screen,adaptive_feature_combination,elastic_net,gaussian,2019-01_to_2019-09,superseded,"merit_order_price, wind_availability_factor, solar_availability_factor, residual_load",4,adaptive_merit_order_correction,6046,3.59099,4.932842,,,Chronological feature-selection replay
feature_screen,adaptive_feature_combination,elastic_net,gaussian,2019-01_to_2019-09,superseded,"merit_order_price, wind_availability_factor, solar_availability_factor, previous_day_same_hour_price, hour",5,adaptive_merit_order_correction,6047,3.597517880268239,5.077702482464427,,,Chronological feature-selection replay
feature_screen,adaptive_feature_combination,elastic_net,gaussian,2019-01_to_2019-09,superseded,"merit_order_price, wind_availability_factor, solar_availability_factor, previous_day_same_hour_price, weekday",5,adaptive_merit_order_correction,6047,3.598533011718448,5.028153341905512,,,Chronological feature-selection replay
feature_screen,adaptive_feature_combination,elastic_net,gaussian,2019-01_to_2019-09,superseded,"merit_order_price, wind_availability_factor, solar_availability_factor, previous_day_same_hour_residual, hour",5,adaptive_merit_order_correction,6047,3.6006170531649544,5.124036855704005,,,Chronological feature-selection replay
feature_screen,adaptive_feature_combination,elastic_net,gaussian,2019-01_to_2019-09,superseded,"merit_order_price, wind_availability_factor, solar_availability_factor, previous_day_same_hour_residual, weekday",5,adaptive_merit_order_correction,6047,3.621680841537249,5.119178945230409,,,Chronological feature-selection replay
feature_screen,adaptive_feature_combination,elastic_net,gaussian,2019-01_to_2019-09,superseded,"merit_order_price, wind_availability_factor, solar_availability_factor, hour, weekday, weekend",6,adaptive_merit_order_correction,6047,3.625831292367783,5.0049385066679255,,,Chronological feature-selection replay
feature_screen,adaptive_feature_combination,elastic_net,gaussian,2019-01_to_2019-09,superseded,"merit_order_price, wind_availability_factor, solar_availability_factor, hour, weekend",5,adaptive_merit_order_correction,6047,3.6375087947468967,5.032376740634243,,,Chronological feature-selection replay
feature_screen,adaptive_feature_combination,elastic_net,gaussian,2019-01_to_2019-09,superseded,"merit_order_price, wind_availability_factor, solar_availability_factor, previous_day_same_hour_residual",4,adaptive_merit_order_correction,6046,3.6537,5.244874,,,Chronological feature-selection replay
feature_screen,adaptive_feature_combination,elastic_net,gaussian,2019-01_to_2019-09,superseded,"merit_order_price, wind_availability_factor, solar_availability_factor, previous_day_same_hour_price",4,adaptive_merit_order_correction,6046,3.657222,5.188275,,,Chronological feature-selection replay
feature_screen,adaptive_feature_combination,elastic_net,gaussian,2019-01_to_2019-09,superseded,"merit_order_price, wind_availability_factor, solar_availability_factor, hour, weekday",5,adaptive_merit_order_correction,6047,3.707746128234008,5.104604352537754,,,Chronological feature-selection replay
feature_screen,adaptive_feature_combination,elastic_net,gaussian,2019-01_to_2019-09,superseded,"merit_order_price, wind_availability_factor, solar_availability_factor, hour",4,adaptive_merit_order_correction,6046,3.787809,5.300647,,,Chronological feature-selection replay
feature_screen,adaptive_feature_combination,elastic_net,gaussian,2019-01_to_2019-09,superseded,"merit_order_price, wind_availability_factor, solar_availability_factor, weekend",4,adaptive_merit_order_correction,6046,3.798992,5.374931,,,Chronological feature-selection replay
feature_screen,adaptive_feature_combination,elastic_net,gaussian,2019-01_to_2019-09,superseded,"merit_order_price, wind_availability_factor, solar_availability_factor, weekday, weekend",5,adaptive_merit_order_correction,6047,3.799798425659666,5.346502729073403,,,Chronological feature-selection replay
feature_screen,adaptive_feature_combination,elastic_net,gaussian,2019-01_to_2019-09,superseded,"merit_order_price, wind_availability_factor, solar_availability_factor, weekday",4,adaptive_merit_order_correction,6046,3.871357,5.413584,,,Chronological feature-selection replay
feature_screen,adaptive_feature_combination,elastic_net,gaussian,2019-01_to_2019-09,superseded,"merit_order_price, wind_availability_factor, solar_availability_factor",3,adaptive_merit_order_correction,6046,3.894524,5.541114,,,Chronological feature-selection replay
feature_screen,adaptive_feature_combination,lasso,gaussian,2019-01_to_2019-09,current,"merit_order_price, wind_availability_factor, solar_availability_factor, residual_load, previous_day_same_hour_residual, previous_day_same_hour_price, weekday, weekend",8,adaptive_merit_order_correction,6047,3.270615425722172,4.537093641118861,,,Chronological feature-selection replay
feature_screen,adaptive_feature_combination,lasso,gaussian,2019-01_to_2019-09,current,"merit_order_price, wind_availability_factor, solar_availability_factor, residual_load, previous_day_same_hour_residual, previous_day_same_hour_price, hour, weekday, weekend",9,adaptive_merit_order_correction,6047,3.288526124022832,4.547676031357126,,,Chronological feature-selection replay
feature_screen,adaptive_feature_combination,lasso,gaussian,2019-01_to_2019-09,current,"merit_order_price, wind_availability_factor, solar_availability_factor, residual_load, previous_day_same_hour_residual, previous_day_same_hour_price, weekend",7,adaptive_merit_order_correction,6047,3.3094329569853325,4.6133660253680855,,,Chronological feature-selection replay
feature_screen,adaptive_feature_combination,lasso,gaussian,2019-01_to_2019-09,current,"merit_order_price, wind_availability_factor, solar_availability_factor, previous_day_same_hour_residual, previous_day_same_hour_price, hour, weekday, weekend",8,adaptive_merit_order_correction,6047,3.3213922033914303,4.669655091614017,,,Chronological feature-selection replay
feature_screen,adaptive_feature_combination,lasso,gaussian,2019-01_to_2019-09,current,"merit_order_price, wind_availability_factor, solar_availability_factor, residual_load, previous_day_same_hour_residual, previous_day_same_hour_price, weekday",7,adaptive_merit_order_correction,6047,3.3230731560914477,4.588772473134803,,,Chronological feature-selection replay
feature_screen,adaptive_feature_combination,lasso,gaussian,2019-01_to_2019-09,current,"merit_order_price, wind_availability_factor, solar_availability_factor, residual_load, previous_day_same_hour_residual, previous_day_same_hour_price, hour, weekday",8,adaptive_merit_order_correction,6047,3.324205735238781,4.5974071735121225,,,Chronological feature-selection replay
feature_screen,adaptive_feature_combination,lasso,gaussian,2019-01_to_2019-09,current,"merit_order_price, wind_availability_factor, solar_availability_factor, residual_load, previous_day_same_hour_residual, previous_day_same_hour_price, hour, weekend",8,adaptive_merit_order_correction,6047,3.3260900329308627,4.617029100548613,,,Chronological feature-selection replay
feature_screen,adaptive_feature_combination,lasso,gaussian,2019-01_to_2019-09,current,"merit_order_price, wind_availability_factor, solar_availability_factor, residual_load, previous_day_same_hour_price, weekday, weekend",7,adaptive_merit_order_correction,6047,3.338382863740004,4.59233486226809,,,Chronological feature-selection replay
feature_screen,adaptive_feature_combination,lasso,gaussian,2019-01_to_2019-09,current,"merit_order_price, wind_availability_factor, solar_availability_factor, residual_load, previous_day_same_hour_price, hour, weekday, weekend",8,adaptive_merit_order_correction,6047,3.3482080737860507,4.594838110212338,,,Chronological feature-selection replay
feature_screen,adaptive_feature_combination,lasso,gaussian,2019-01_to_2019-09,current,"merit_order_price, wind_availability_factor, solar_availability_factor, residual_load, previous_day_same_hour_residual, previous_day_same_hour_price",6,adaptive_merit_order_correction,6047,3.34966603991525,4.653553604157889,,,Chronological feature-selection replay
feature_screen,adaptive_feature_combination,lasso,gaussian,2019-01_to_2019-09,current,"merit_order_price, wind_availability_factor, solar_availability_factor, previous_day_same_hour_residual, previous_day_same_hour_price, weekday, weekend",7,adaptive_merit_order_correction,6047,3.3572423844637096,4.794189422640216,,,Chronological feature-selection replay
feature_screen,adaptive_feature_combination,lasso,gaussian,2019-01_to_2019-09,current,"merit_order_price, wind_availability_factor, solar_availability_factor, residual_load, previous_day_same_hour_residual, previous_day_same_hour_price, hour",7,adaptive_merit_order_correction,6047,3.359869888326092,4.6630044214943975,,,Chronological feature-selection replay
feature_screen,adaptive_feature_combination,lasso,gaussian,2019-01_to_2019-09,current,"merit_order_price, wind_availability_factor, solar_availability_factor, previous_day_same_hour_residual, previous_day_same_hour_price, hour, weekend",7,adaptive_merit_order_correction,6047,3.367595717105603,4.735483430348994,,,Chronological feature-selection replay
feature_screen,adaptive_feature_combination,lasso,gaussian,2019-01_to_2019-09,current,"merit_order_price, wind_availability_factor, solar_availability_factor, previous_day_same_hour_price, hour, weekday, weekend",7,adaptive_merit_order_correction,6047,3.38605290371759,4.710756903468468,,,Chronological feature-selection replay
feature_screen,adaptive_feature_combination,lasso,gaussian,2019-01_to_2019-09,current,"merit_order_price, wind_availability_factor, solar_availability_factor, residual_load, previous_day_same_hour_price, hour, weekday",7,adaptive_merit_order_correction,6047,3.3978909048530714,4.6530724456858525,,,Chronological feature-selection replay
feature_screen,adaptive_feature_combination,lasso,gaussian,2019-01_to_2019-09,current,"merit_order_price, wind_availability_factor, solar_availability_factor, residual_load, previous_day_same_hour_residual, weekday, weekend",7,adaptive_merit_order_correction,6047,3.3989930631639003,4.684835625982878,,,Chronological feature-selection replay
feature_screen,adaptive_feature_combination,lasso,gaussian,2019-01_to_2019-09,current,"merit_order_price, wind_availability_factor, solar_availability_factor, residual_load, previous_day_same_hour_residual, hour, weekday, weekend",8,adaptive_merit_order_correction,6047,3.403559210971438,4.679404612312351,,,Chronological feature-selection replay
feature_screen,adaptive_feature_combination,lasso,gaussian,2019-01_to_2019-09,current,"merit_order_price, wind_availability_factor, solar_availability_factor, residual_load, previous_day_same_hour_price, weekday",6,adaptive_merit_order_correction,6047,3.4047573832791382,4.652565060319961,,,Chronological feature-selection replay
feature_screen,adaptive_feature_combination,lasso,gaussian,2019-01_to_2019-09,current,"merit_order_price, wind_availability_factor, solar_availability_factor, residual_load, previous_day_same_hour_price, weekend",6,adaptive_merit_order_correction,6047,3.405432252853872,4.697182411968522,,,Chronological feature-selection replay
feature_screen,adaptive_feature_combination,lasso,gaussian,2019-01_to_2019-09,current,"merit_order_price, wind_availability_factor, solar_availability_factor, previous_day_same_hour_residual, previous_day_same_hour_price, weekend",6,adaptive_merit_order_correction,6047,3.4105908966166862,4.883810592705697,,,Chronological feature-selection replay
feature_screen,adaptive_feature_combination,lasso,gaussian,2019-01_to_2019-09,current,"merit_order_price, wind_availability_factor, solar_availability_factor, residual_load, previous_day_same_hour_residual, weekend",6,adaptive_merit_order_correction,6047,3.4117092885577147,4.722691057812775,,,Chronological feature-selection replay
feature_screen,adaptive_feature_combination,lasso,gaussian,2019-01_to_2019-09,current,"merit_order_price, wind_availability_factor, solar_availability_factor, residual_load, previous_day_same_hour_price, hour, weekend",7,adaptive_merit_order_correction,6047,3.413017485887332,4.687243742652345,,,Chronological feature-selection replay
feature_screen,adaptive_feature_combination,lasso,gaussian,2019-01_to_2019-09,current,"merit_order_price, wind_availability_factor, solar_availability_factor, residual_load, previous_day_same_hour_residual, hour, weekday",7,adaptive_merit_order_correction,6047,3.4189762043496805,4.700759952873423,,,Chronological feature-selection replay
feature_screen,adaptive_feature_combination,lasso,gaussian,2019-01_to_2019-09,current,"merit_order_price, wind_availability_factor, solar_availability_factor, residual_load, previous_day_same_hour_residual, hour, weekend",7,adaptive_merit_order_correction,6047,3.420420038946001,4.715450063397703,,,Chronological feature-selection replay
feature_screen,adaptive_feature_combination,lasso,gaussian,2019-01_to_2019-09,current,"merit_order_price, wind_availability_factor, solar_availability_factor, previous_day_same_hour_residual, previous_day_same_hour_price, hour, weekday",7,adaptive_merit_order_correction,6047,3.4231605189673666,4.835629155462138,,,Chronological feature-selection replay
feature_screen,adaptive_feature_combination,lasso,gaussian,2019-01_to_2019-09,current,"merit_order_price, wind_availability_factor, solar_availability_factor, residual_load, previous_day_same_hour_residual, weekday",6,adaptive_merit_order_correction,6047,3.4242922232230057,4.706283663249344,,,Chronological feature-selection replay
feature_screen,adaptive_feature_combination,lasso,gaussian,2019-01_to_2019-09,current,"merit_order_price, wind_availability_factor, solar_availability_factor, residual_load, previous_day_same_hour_residual",5,adaptive_merit_order_correction,6047,3.4457033425943724,4.751004543944395,,,Chronological feature-selection replay
feature_screen,adaptive_feature_combination,lasso,gaussian,2019-01_to_2019-09,current,"merit_order_price, wind_availability_factor, solar_availability_factor, residual_load, previous_day_same_hour_residual, hour",6,adaptive_merit_order_correction,6047,3.4496515460583157,4.751712138653438,,,Chronological feature-selection replay
feature_screen,adaptive_feature_combination,lasso,gaussian,2019-01_to_2019-09,current,"merit_order_price, wind_availability_factor, solar_availability_factor, previous_day_same_hour_price, weekday, weekend",6,adaptive_merit_order_correction,6047,3.450179755617512,4.851114297919002,,,Chronological feature-selection replay
feature_screen,adaptive_feature_combination,lasso,gaussian,2019-01_to_2019-09,current,"merit_order_price, wind_availability_factor, solar_availability_factor, residual_load, previous_day_same_hour_price",5,adaptive_merit_order_correction,6047,3.45396069558442,4.744247146809608,,,Chronological feature-selection replay
feature_screen,adaptive_feature_combination,lasso,gaussian,2019-01_to_2019-09,current,"merit_order_price, wind_availability_factor, solar_availability_factor, previous_day_same_hour_price, hour, weekend",6,adaptive_merit_order_correction,6047,3.455046824621851,4.799114328632036,,,Chronological feature-selection replay
feature_screen,adaptive_feature_combination,lasso,gaussian,2019-01_to_2019-09,current,"merit_order_price, wind_availability_factor, solar_availability_factor, residual_load, previous_day_same_hour_price, hour",6,adaptive_merit_order_correction,6047,3.4562851213202856,4.74168563392333,,,Chronological feature-selection replay
feature_screen,adaptive_feature_combination,lasso,gaussian,2019-01_to_2019-09,current,"merit_order_price, wind_availability_factor, solar_availability_factor, previous_day_same_hour_residual, previous_day_same_hour_price, weekday",6,adaptive_merit_order_correction,6047,3.471025278754966,4.946944999743588,,,Chronological feature-selection replay
feature_screen,adaptive_feature_combination,lasso,gaussian,2019-01_to_2019-09,current,"merit_order_price, wind_availability_factor, solar_availability_factor, previous_day_same_hour_residual, hour, weekday, weekend",7,adaptive_merit_order_correction,6047,3.477850313944615,4.842836128523056,,,Chronological feature-selection replay
feature_screen,adaptive_feature_combination,lasso,gaussian,2019-01_to_2019-09,current,"merit_order_price, wind_availability_factor, solar_availability_factor, previous_day_same_hour_residual, previous_day_same_hour_price, hour",6,adaptive_merit_order_correction,6047,3.4783435443578226,4.997530262947438,,,Chronological feature-selection replay
feature_screen,adaptive_feature_combination,lasso,gaussian,2019-01_to_2019-09,current,"merit_order_price, wind_availability_factor, solar_availability_factor, previous_day_same_hour_residual, hour, weekend",6,adaptive_merit_order_correction,6047,3.495523545172188,4.873626344471683,,,Chronological feature-selection replay
feature_screen,adaptive_feature_combination,lasso,gaussian,2019-01_to_2019-09,current,"merit_order_price, wind_availability_factor, solar_availability_factor, previous_day_same_hour_residual, previous_day_same_hour_price",5,adaptive_merit_order_correction,6047,3.5081664364966403,5.079296635477213,,,Chronological feature-selection replay
feature_screen,adaptive_feature_combination,lasso,gaussian,2019-01_to_2019-09,current,"merit_order_price, wind_availability_factor, solar_availability_factor, residual_load, hour, weekday, weekend",7,adaptive_merit_order_correction,6047,3.5122435476936267,4.798642958099284,,,Chronological feature-selection replay
feature_screen,adaptive_feature_combination,lasso,gaussian,2019-01_to_2019-09,current,"merit_order_price, wind_availability_factor, solar_availability_factor, previous_day_same_hour_price, hour, weekday",6,adaptive_merit_order_correction,6047,3.517591317785203,4.893007015729078,,,Chronological feature-selection replay
feature_screen,adaptive_feature_combination,lasso,gaussian,2019-01_to_2019-09,current,"merit_order_price, wind_availability_factor, solar_availability_factor, residual_load, hour, weekend",6,adaptive_merit_order_correction,6047,3.5287738132949094,4.827147943479488,,,Chronological feature-selection replay
feature_screen,adaptive_feature_combination,lasso,gaussian,2019-01_to_2019-09,current,"merit_order_price, wind_availability_factor, solar_availability_factor, previous_day_same_hour_price, weekend",5,adaptive_merit_order_correction,6047,3.534151204314946,4.976120387969858,,,Chronological feature-selection replay
feature_screen,adaptive_feature_combination,lasso,gaussian,2019-01_to_2019-09,current,"merit_order_price, wind_availability_factor, solar_availability_factor, previous_day_same_hour_residual, hour, weekday",6,adaptive_merit_order_correction,6047,3.540206569643318,4.9472721882358215,,,Chronological feature-selection replay
feature_screen,adaptive_feature_combination,lasso,gaussian,2019-01_to_2019-09,current,"merit_order_price, wind_availability_factor, solar_availability_factor, residual_load, hour, weekday",6,adaptive_merit_order_correction,6047,3.5453082740687663,4.825277608864652,,,Chronological feature-selection replay
feature_screen,adaptive_feature_combination,lasso,gaussian,2019-01_to_2019-09,current,"merit_order_price, wind_availability_factor, solar_availability_factor, residual_load, weekday, weekend",6,adaptive_merit_order_correction,6047,3.552142501600303,4.877786489697265,,,Chronological feature-selection replay
feature_screen,adaptive_feature_combination,lasso,gaussian,2019-01_to_2019-09,current,"merit_order_price, wind_availability_factor, solar_availability_factor, previous_day_same_hour_residual, weekday, weekend",6,adaptive_merit_order_correction,6047,3.5625398748430346,5.03908574041894,,,Chronological feature-selection replay
feature_screen,adaptive_feature_combination,lasso,gaussian,2019-01_to_2019-09,current,"merit_order_price, wind_availability_factor, solar_availability_factor, residual_load, weekend",5,adaptive_merit_order_correction,6047,3.566769357114073,4.9144453359342615,,,Chronological feature-selection replay
feature_screen,adaptive_feature_combination,lasso,gaussian,2019-01_to_2019-09,current,"merit_order_price, wind_availability_factor, solar_availability_factor, previous_day_same_hour_residual, weekend",5,adaptive_merit_order_correction,6047,3.5740413733332383,5.071511715142356,,,Chronological feature-selection replay
feature_screen,adaptive_feature_combination,lasso,gaussian,2019-01_to_2019-09,current,"merit_order_price, wind_availability_factor, solar_availability_factor, residual_load, hour",5,adaptive_merit_order_correction,6047,3.5764979066247675,4.874588735108037,,,Chronological feature-selection replay
feature_screen,adaptive_feature_combination,lasso,gaussian,2019-01_to_2019-09,current,"merit_order_price, wind_availability_factor, solar_availability_factor, residual_load, weekday",5,adaptive_merit_order_correction,6047,3.580452132450752,4.89359771810405,,,Chronological feature-selection replay
feature_screen,adaptive_feature_combination,lasso,gaussian,2019-01_to_2019-09,current,"merit_order_price, wind_availability_factor, solar_availability_factor, residual_load",4,adaptive_merit_order_correction,6047,3.5953557467909865,4.932123443700403,,,Chronological feature-selection replay
feature_screen,adaptive_feature_combination,lasso,gaussian,2019-01_to_2019-09,current,"merit_order_price, wind_availability_factor, solar_availability_factor, previous_day_same_hour_price, hour",5,adaptive_merit_order_correction,6047,3.5985381375306917,5.078911483851038,,,Chronological feature-selection replay
feature_screen,adaptive_feature_combination,lasso,gaussian,2019-01_to_2019-09,current,"merit_order_price, wind_availability_factor, solar_availability_factor, previous_day_same_hour_price, weekday",5,adaptive_merit_order_correction,6047,3.5986373825228326,5.028259537274065,,,Chronological feature-selection replay
feature_screen,adaptive_feature_combination,lasso,gaussian,2019-01_to_2019-09,current,"merit_order_price, wind_availability_factor, solar_availability_factor, previous_day_same_hour_residual, hour",5,adaptive_merit_order_correction,6047,3.601909354138698,5.1252686826273015,,,Chronological feature-selection replay
feature_screen,adaptive_feature_combination,lasso,gaussian,2019-01_to_2019-09,current,"merit_order_price, wind_availability_factor, solar_availability_factor, previous_day_same_hour_residual, weekday",5,adaptive_merit_order_correction,6047,3.621852829740112,5.118994361101866,,,Chronological feature-selection replay
feature_screen,adaptive_feature_combination,lasso,gaussian,2019-01_to_2019-09,current,"merit_order_price, wind_availability_factor, solar_availability_factor, hour, weekday, weekend",6,adaptive_merit_order_correction,6047,3.628088687309319,5.004757035426742,,,Chronological feature-selection replay
feature_screen,adaptive_feature_combination,lasso,gaussian,2019-01_to_2019-09,current,"merit_order_price, wind_availability_factor, solar_availability_factor, hour, weekend",5,adaptive_merit_order_correction,6047,3.639766475706305,5.032193239072772,,,Chronological feature-selection replay
feature_screen,adaptive_feature_combination,lasso,gaussian,2019-01_to_2019-09,current,"merit_order_price, wind_availability_factor, solar_availability_factor, previous_day_same_hour_residual",4,adaptive_merit_order_correction,6047,3.6545497418635424,5.245208023567925,,,Chronological feature-selection replay
feature_screen,adaptive_feature_combination,lasso,gaussian,2019-01_to_2019-09,current,"merit_order_price, wind_availability_factor, solar_availability_factor, previous_day_same_hour_price",4,adaptive_merit_order_correction,6047,3.6573699694494497,5.188681505737229,,,Chronological feature-selection replay
feature_screen,adaptive_feature_combination,lasso,gaussian,2019-01_to_2019-09,current,"merit_order_price, wind_availability_factor, solar_availability_factor, hour, weekday",5,adaptive_merit_order_correction,6047,3.709858313436329,5.104563317247389,,,Chronological feature-selection replay
feature_screen,adaptive_feature_combination,lasso,gaussian,2019-01_to_2019-09,current,"merit_order_price, wind_availability_factor, solar_availability_factor, hour",4,adaptive_merit_order_correction,6047,3.789154577485869,5.300606243260015,,,Chronological feature-selection replay
feature_screen,adaptive_feature_combination,lasso,gaussian,2019-01_to_2019-09,current,"merit_order_price, wind_availability_factor, solar_availability_factor, weekend",4,adaptive_merit_order_correction,6047,3.8002983156768986,5.375284105637412,,,Chronological feature-selection replay
feature_screen,adaptive_feature_combination,lasso,gaussian,2019-01_to_2019-09,current,"merit_order_price, wind_availability_factor, solar_availability_factor, weekday, weekend",5,adaptive_merit_order_correction,6047,3.8012660563917047,5.346891194689999,,,Chronological feature-selection replay
feature_screen,adaptive_feature_combination,lasso,gaussian,2019-01_to_2019-09,current,"merit_order_price, wind_availability_factor, solar_availability_factor, weekday",4,adaptive_merit_order_correction,6047,3.872763687901628,5.413862532598144,,,Chronological feature-selection replay
feature_screen,adaptive_feature_combination,lasso,gaussian,2019-01_to_2019-09,current,"merit_order_price, wind_availability_factor, solar_availability_factor",3,adaptive_merit_order_correction,6047,3.895534398358356,5.541253424857408,,,Chronological feature-selection replay
full_replay,eight_feature_selected_model,elastic_net,gaussian,development_trained,trained_only,"merit_order_price, wind_availability_factor, solar_availability_factor, residual_load, previous_day_same_hour_residual, previous_day_same_hour_price, weekday, weekend",8,adaptive_merit_order_correction,6047,3.266053707905092,4.537696297047395,0.6522242434264924,7.259596055333994,Full chronological replay
full_replay,eight_feature_selected_model,elastic_net,gaussian,development_trained,trained_only,,0,merit_order_only,6047,5.570989666665386,8.1926259337093,,,Full chronological replay
full_replay,eight_feature_selected_model,elastic_net,gaussian,development_trained,trained_only,,0,constant_historical_bias,6047,5.67949701882561,8.064856368238157,,,Full chronological replay
full_replay,eight_feature_selected_model,elastic_net,gaussian,holdout_2019-10_to_2019-12,all_trained,"merit_order_price, wind_availability_factor, solar_availability_factor, residual_load, previous_day_same_hour_residual, previous_day_same_hour_price, weekday, weekend",8,adaptive_merit_order_correction,2184,2.9578505389661722,4.248906597766845,0.6639194139194139,6.5607300993486035,Full chronological replay
full_replay,eight_feature_selected_model,elastic_net,gaussian,holdout_2019-10_to_2019-12,all_trained,,0,merit_order_only,2184,3.7066335018666288,6.499530159210693,,,Full chronological replay
full_replay,eight_feature_selected_model,elastic_net,gaussian,holdout_2019-10_to_2019-12,all_trained,,0,constant_historical_bias,2184,3.795651887847361,6.517744639264715,,,Full chronological replay
full_replay,eight_feature_selected_model,lasso,gaussian,development_trained,trained_only,"merit_order_price, wind_availability_factor, solar_availability_factor, residual_load, previous_day_same_hour_residual, previous_day_same_hour_price, weekday, weekend",8,adaptive_merit_order_correction,6047,3.2706154257221765,4.537093641118862,0.6532164709773441,7.295155315469717,Full chronological replay
full_replay,single_previous_day_price_feature,lasso,gaussian,development_trained,trained_only,previous_day_same_hour_price,1,adaptive_merit_order_correction,6047,4.709879811281764,6.8576184801188385,0.6461055068629072,9.454097616263542,Full chronological replay
full_replay,eight_feature_selected_model,lasso,gaussian,development_trained,trained_only,,0,merit_order_only,6047,5.570989666665386,8.1926259337093,,,Full chronological replay
full_replay,single_previous_day_price_feature,lasso,gaussian,development_trained,trained_only,,0,merit_order_only,6047,5.570989666665386,8.1926259337093,,,Full chronological replay
full_replay,eight_feature_selected_model,lasso,gaussian,development_trained,trained_only,,0,constant_historical_bias,6047,5.67949701882561,8.064856368238157,,,Full chronological replay
full_replay,single_previous_day_price_feature,lasso,gaussian,development_trained,trained_only,,0,constant_historical_bias,6047,5.67949701882561,8.064856368238157,,,Full chronological replay
full_replay,eight_feature_selected_model,lasso,gaussian,holdout_2019-10_to_2019-12,all_trained,"merit_order_price, wind_availability_factor, solar_availability_factor, residual_load, previous_day_same_hour_residual, previous_day_same_hour_price, weekday, weekend",8,adaptive_merit_order_correction,2184,2.963375852703176,4.248148026695122,0.6620879120879121,6.559344723648794,Full chronological replay
full_replay,eight_feature_selected_model,lasso,gaussian,holdout_2019-10_to_2019-12,all_trained,,0,merit_order_only,2184,3.7066335018666288,6.499530159210693,,,Full chronological replay
full_replay,single_previous_day_price_feature,lasso,gaussian,holdout_2019-10_to_2019-12,all_trained,,0,merit_order_only,2184,3.7066335018666288,6.499530159210693,,,Full chronological replay
full_replay,single_previous_day_price_feature,lasso,gaussian,holdout_2019-10_to_2019-12,all_trained,previous_day_same_hour_price,1,adaptive_merit_order_correction,2184,3.7469426392884873,6.2309679060122924,0.657051282051282,6.609720007505215,Full chronological replay
full_replay,eight_feature_selected_model,lasso,gaussian,holdout_2019-10_to_2019-12,all_trained,,0,constant_historical_bias,2184,3.795651887847361,6.517744639264715,,,Full chronological replay
full_replay,single_previous_day_price_feature,lasso,gaussian,holdout_2019-10_to_2019-12,all_trained,,0,constant_historical_bias,2184,3.795651887847361,6.517744639264715,,,Full chronological replay
full_replay,eight_feature_selected_model,lasso,johnson_su,development_trained,trained_only,"merit_order_price, wind_availability_factor, solar_availability_factor, residual_load, previous_day_same_hour_residual, previous_day_same_hour_price, weekday, weekend",8,adaptive_merit_order_correction,6047,3.2706154257221765,4.537093641118862,0.6530510997188689,7.291009418079598,Full chronological replay
full_replay,eight_feature_selected_model,lasso,johnson_su,development_trained,trained_only,,0,merit_order_only,6047,5.570989666665386,8.1926259337093,,,Full chronological replay
full_replay,eight_feature_selected_model,lasso,johnson_su,development_trained,trained_only,,0,constant_historical_bias,6047,5.67949701882561,8.064856368238157,,,Full chronological replay
full_replay,eight_feature_selected_model,lasso,johnson_su,holdout_2019-10_to_2019-12,all_trained,"merit_order_price, wind_availability_factor, solar_availability_factor, residual_load, previous_day_same_hour_residual, previous_day_same_hour_price, weekday, weekend",8,adaptive_merit_order_correction,2184,2.963375852703176,4.248148026695122,0.6620879120879121,6.555608512957729,Full chronological replay
full_replay,eight_feature_selected_model,lasso,johnson_su,holdout_2019-10_to_2019-12,all_trained,,0,merit_order_only,2184,3.7066335018666288,6.499530159210693,,,Full chronological replay
full_replay,eight_feature_selected_model,lasso,johnson_su,holdout_2019-10_to_2019-12,all_trained,,0,constant_historical_bias,2184,3.795651887847361,6.517744639264715,,,Full chronological replay
