datetime,price_EOM,hs_north_heat,hs_east_heat,hs_west_heat
01-01-23 0:00,40,4,6,8
01-01-23 1:00,40,4,6,8
01-01-23 2:00,40,4,6,8
01-01-23 3:00,40,4,6,8
01-01-23 4:00,40,4,6,8
01-01-23 5:00,40,4,6,8
01-01-23 6:00,40,4,6,8
01-01-23 7:00,40,4,6,8
01-01-23 8:00,40,4,6,8
01-01-23 9:00,40,4,6,8
01-01-23 10:00,40,4,6,8
01-01-23 11:00,40,4,6,8
01-01-23 12:00,40,4,6,8
01-01-23 13:00,40,4,6,8
01-01-23 14:00,40,4,6,8
01-01-23 15:00,40,4,6,8
01-01-23 16:00,40,4,6,8
01-01-23 17:00,40,4,6,8
01-01-23 18:00,40,4,6,8
01-01-23 19:00,40,4,6,8
01-01-23 20:00,40,4,6,8
01-01-23 21:00,40,4,6,8
01-01-23 22:00,40,4,6,8
01-01-23 23:00,40,4,6,8
02-01-23 0:00,40,4,6,8
02-01-23 1:00,40,4,6,8
02-01-23 2:00,40,4,6,8
02-01-23 3:00,40,4,6,8
02-01-23 4:00,40,4,6,8
02-01-23 5:00,40,4,6,8
02-01-23 6:00,40,4,6,8
02-01-23 7:00,40,4,6,8
02-01-23 8:00,40,4,6,8
02-01-23 9:00,40,4,6,8
02-01-23 10:00,40,4,6,8
02-01-23 11:00,40,4,6,8
02-01-23 12:00,40,4,6,8
02-01-23 13:00,40,4,6,8
02-01-23 14:00,40,4,6,8
02-01-23 15:00,40,4,6,8
02-01-23 16:00,40,4,6,8
02-01-23 17:00,40,4,6,8
02-01-23 18:00,40,4,6,8
02-01-23 19:00,40,4,6,8
02-01-23 20:00,40,4,6,8
02-01-23 21:00,40,4,6,8
02-01-23 22:00,40,4,6,8
02-01-23 23:00,40,4,6,8
03-01-23 0:00,40,4,6,8
03-01-23 1:00,40,4,6,8
03-01-23 2:00,40,4,6,8
03-01-23 3:00,40,4,6,8
03-01-23 4:00,40,4,6,8
03-01-23 5:00,40,4,6,8
03-01-23 6:00,40,4,6,8
03-01-23 7:00,40,4,6,8
03-01-23 8:00,40,4,6,8
03-01-23 9:00,40,4,6,8
03-01-23 10:00,40,4,6,8
03-01-23 11:00,40,4,6,8
03-01-23 12:00,40,4,6,8
03-01-23 13:00,40,4,6,8
03-01-23 14:00,40,4,6,8
03-01-23 15:00,40,4,6,8
03-01-23 16:00,40,4,6,8
03-01-23 17:00,40,4,6,8
03-01-23 18:00,40,4,6,8
03-01-23 19:00,40,4,6,8
03-01-23 20:00,40,4,6,8
03-01-23 21:00,40,4,6,8
03-01-23 22:00,40,4,6,8
03-01-23 23:00,40,4,6,8
04-01-23 0:00,40,4,6,8
04-01-23 1:00,40,4,6,8
04-01-23 2:00,40,4,6,8
04-01-23 3:00,40,4,6,8
04-01-23 4:00,40,4,6,8
04-01-23 5:00,40,4,6,8
04-01-23 6:00,40,4,6,8
04-01-23 7:00,40,4,6,8
04-01-23 8:00,40,4,6,8
04-01-23 9:00,40,4,6,8
04-01-23 10:00,40,4,6,8
04-01-23 11:00,40,4,6,8
04-01-23 12:00,40,4,6,8
04-01-23 13:00,40,4,6,8
04-01-23 14:00,40,4,6,8
04-01-23 15:00,40,4,6,8
04-01-23 16:00,40,4,6,8
04-01-23 17:00,40,4,6,8
04-01-23 18:00,40,4,6,8
04-01-23 19:00,40,4,6,8
04-01-23 20:00,40,4,6,8
04-01-23 21:00,40,4,6,8
04-01-23 22:00,40,4,6,8
04-01-23 23:00,40,4,6,8
