,h2_demand,h2_fuel_price
2019-01-01 00:00:00,0.465475071,7000.0
2019-01-01 01:00:00,0.572242539,7000.0
2019-01-01 02:00:00,0.500096026,7000.0
2019-01-01 03:00:00,0.462952888,7000.0
2019-01-01 04:00:00,0.385157664,7000.0
2019-01-01 05:00:00,0.527774077,7000.0
2019-01-01 06:00:00,0.394098434,7000.0
2019-01-01 07:00:00,0.685560583,7000.0
2019-01-01 08:00:00,0.731694003,7000.0
2019-01-01 09:00:00,0.359351817,7000.0
2019-01-01 10:00:00,0.621357354,7000.0
2019-01-01 11:00:00,0.452692828,7000.0
2019-01-01 12:00:00,0.477816112,7000.0
2019-01-01 13:00:00,0.70726604,7000.0
2019-01-01 14:00:00,0.158873579,7000.0
2019-01-01 15:00:00,0.169201006,7000.0
2019-01-01 16:00:00,0.126262641,7000.0
2019-01-01 17:00:00,0.647600554,7000.0
2019-01-01 18:00:00,0.612650252,7000.0
2019-01-01 19:00:00,0.671596111,7000.0
2019-01-01 20:00:00,0.741291366,7000.0
2019-01-01 21:00:00,0.62612763,7000.0
2019-01-01 22:00:00,0.409430613,7000.0
2019-01-01 23:00:00,0.614172695,7000.0
2019-01-02 00:00:00,0.189187597,7000.0
2019-01-02 01:00:00,0.523940997,7000.0
2019-01-02 02:00:00,0.205281317,7000.0
2019-01-02 03:00:00,0.719505188,7000.0
2019-01-02 04:00:00,0.448170853,7000.0
2019-01-02 05:00:00,0.379386726,7000.0
2019-01-02 06:00:00,0.283059818,7000.0
2019-01-02 07:00:00,0.610132727,7000.0
2019-01-02 08:00:00,0.406010844,7000.0
2019-01-02 09:00:00,0.478065992,7000.0
2019-01-02 10:00:00,0.125345875,7000.0
2019-01-02 11:00:00,0.509639831,7000.0
2019-01-02 12:00:00,0.506084822,7000.0
2019-01-02 13:00:00,0.509189661,7000.0
2019-01-02 14:00:00,0.718914264,7000.0
2019-01-02 15:00:00,0.550828791,7000.0
2019-01-02 16:00:00,0.343993028,7000.0
2019-01-02 17:00:00,0.393742112,7000.0
2019-01-02 18:00:00,0.56097503,7000.0
2019-01-02 19:00:00,0.151936161,7000.0
2019-01-02 20:00:00,0.81168537,7000.0
2019-01-02 21:00:00,0.83652752,7000.0
2019-01-02 22:00:00,0.248295644,7000.0
2019-01-02 23:00:00,0.196023164,7000.0
2019-01-03 00:00:00,0.315706101,7000.0
2019-01-03 01:00:00,0.346690113,7000.0
2019-01-03 02:00:00,0.479197237,7000.0
2019-01-03 03:00:00,0.394749337,7000.0
2019-01-03 04:00:00,0.747551707,7000.0
2019-01-03 05:00:00,0.178772655,7000.0
2019-01-03 06:00:00,0.247329332,7000.0
2019-01-03 07:00:00,0.21680427,7000.0
2019-01-03 08:00:00,0.532403614,7000.0
2019-01-03 09:00:00,0.275831427,7000.0
2019-01-03 10:00:00,0.412531048,7000.0
2019-01-03 11:00:00,0.270141891,7000.0
2019-01-03 12:00:00,0.215302677,7000.0
2019-01-03 13:00:00,0.184118432,7000.0
2019-01-03 14:00:00,0.534470778,7000.0
2019-01-03 15:00:00,0.201963385,7000.0
2019-01-03 16:00:00,0.239439718,7000.0
2019-01-03 17:00:00,0.349907976,7000.0
2019-01-03 18:00:00,0.64013947,7000.0
2019-01-03 19:00:00,0.175600268,7000.0
2019-01-03 20:00:00,0.651017777,7000.0
2019-01-03 21:00:00,0.174956703,7000.0
2019-01-03 22:00:00,0.739905962,7000.0
2019-01-03 23:00:00,0.414032958,7000.0
2019-01-04 00:00:00,0.740099521,7000.0
2019-01-04 01:00:00,0.501432189,7000.0
2019-01-04 02:00:00,0.587691551,7000.0
2019-01-04 03:00:00,0.138435766,7000.0
2019-01-04 04:00:00,0.294772157,7000.0
2019-01-04 05:00:00,0.190421078,7000.0
2019-01-04 06:00:00,0.30332842,7000.0
2019-01-04 07:00:00,0.189478486,7000.0
2019-01-04 08:00:00,0.317345597,7000.0
2019-01-04 09:00:00,0.379130713,7000.0
2019-01-04 10:00:00,0.15445302,7000.0
2019-01-04 11:00:00,0.557664325,7000.0
2019-01-04 12:00:00,0.476890035,7000.0
2019-01-04 13:00:00,0.283594938,7000.0
2019-01-04 14:00:00,0.449069095,7000.0
2019-01-04 15:00:00,0.173571927,7000.0
2019-01-04 16:00:00,0.482886977,7000.0
2019-01-04 17:00:00,0.709640138,7000.0
2019-01-04 18:00:00,0.317721502,7000.0
2019-01-04 19:00:00,0.81581592,7000.0
2019-01-04 20:00:00,0.197865917,7000.0
2019-01-04 21:00:00,0.572972717,7000.0
2019-01-04 22:00:00,0.29900698,7000.0
2019-01-04 23:00:00,0.230846385,7000.0
2019-01-05 00:00:00,0.48966772,7000.0
2019-01-05 01:00:00,0.126191505,7000.0
2019-01-05 02:00:00,0.645239126,7000.0
2019-01-05 03:00:00,0.116301202,7000.0
2019-01-05 04:00:00,0.88259478,7000.0
2019-01-05 05:00:00,0.286558732,7000.0
2019-01-05 06:00:00,0.585080016,7000.0
2019-01-05 07:00:00,0.730747963,7000.0
2019-01-05 08:00:00,0.272918987,7000.0
2019-01-05 09:00:00,0.483022277,7000.0
2019-01-05 10:00:00,0.493215812,7000.0
2019-01-05 11:00:00,0.480516068,7000.0
2019-01-05 12:00:00,0.256444949,7000.0
2019-01-05 13:00:00,0.724690383,7000.0
2019-01-05 14:00:00,0.40021931,7000.0
2019-01-05 15:00:00,0.656449182,7000.0
2019-01-05 16:00:00,0.562160988,7000.0
2019-01-05 17:00:00,0.304160579,7000.0
2019-01-05 18:00:00,0.635521999,7000.0
2019-01-05 19:00:00,0.367735448,7000.0
2019-01-05 20:00:00,0.678713509,7000.0
2019-01-05 21:00:00,0.486305044,7000.0
2019-01-05 22:00:00,0.679119184,7000.0
2019-01-05 23:00:00,0.557702488,7000.0
2019-01-06 00:00:00,0.57870144,7000.0
2019-01-06 01:00:00,0.435000138,7000.0
2019-01-06 02:00:00,0.726830292,7000.0
2019-01-06 03:00:00,0.526552289,7000.0
2019-01-06 04:00:00,0.385286169,7000.0
2019-01-06 05:00:00,0.502425382,7000.0
2019-01-06 06:00:00,0.125604746,7000.0
2019-01-06 07:00:00,0.306815948,7000.0
2019-01-06 08:00:00,0.536937533,7000.0
2019-01-06 09:00:00,0.299437907,7000.0
2019-01-06 10:00:00,0.509883642,7000.0
2019-01-06 11:00:00,0.38843938,7000.0
2019-01-06 12:00:00,0.200225026,7000.0
2019-01-06 13:00:00,0.304703076,7000.0
2019-01-06 14:00:00,0.479048447,7000.0
2019-01-06 15:00:00,0.492465527,7000.0
2019-01-06 16:00:00,0.481846583,7000.0
2019-01-06 17:00:00,0.53246297,7000.0
2019-01-06 18:00:00,0.531758645,7000.0
2019-01-06 19:00:00,0.39013978,7000.0
2019-01-06 20:00:00,0.688623916,7000.0
2019-01-06 21:00:00,0.349161457,7000.0
2019-01-06 22:00:00,0.392993201,7000.0
2019-01-06 23:00:00,0.685657069,7000.0
2019-01-07 00:00:00,0.630642435,7000.0
2019-01-07 01:00:00,0.564990549,7000.0
2019-01-07 02:00:00,0.177606049,7000.0
2019-01-07 03:00:00,0.703342521,7000.0
2019-01-07 04:00:00,0.571634141,7000.0
2019-01-07 05:00:00,0.754272596,7000.0
2019-01-07 06:00:00,0.209192639,7000.0
2019-01-07 07:00:00,0.67038576,7000.0
2019-01-07 08:00:00,0.217563697,7000.0
2019-01-07 09:00:00,0.508307654,7000.0
2019-01-07 10:00:00,0.192746317,7000.0
2019-01-07 11:00:00,0.657475657,7000.0
2019-01-07 12:00:00,0.631364355,7000.0
2019-01-07 13:00:00,0.478493887,7000.0
2019-01-07 14:00:00,0.374587498,7000.0
2019-01-07 15:00:00,0.157674156,7000.0
2019-01-07 16:00:00,0.560845131,7000.0
2019-01-07 17:00:00,0.404337451,7000.0
2019-01-07 18:00:00,0.576648769,7000.0
2019-01-07 19:00:00,0.669266765,7000.0
2019-01-07 20:00:00,0.73930405,7000.0
2019-01-07 21:00:00,0.662477972,7000.0
2019-01-07 22:00:00,0.120805215,7000.0
2019-01-07 23:00:00,0.344294743,7000.0
2019-01-08 00:00:00,0.581740829,7000.0
2019-01-08 01:00:00,0.223426969,7000.0
2019-01-08 02:00:00,0.447649956,7000.0
2019-01-08 03:00:00,0.148158018,7000.0
2019-01-08 04:00:00,0.24163067,7000.0
2019-01-08 05:00:00,0.125173889,7000.0
2019-01-08 06:00:00,0.622623262,7000.0
2019-01-08 07:00:00,0.256985958,7000.0
2019-01-08 08:00:00,0.334908635,7000.0
2019-01-08 09:00:00,0.708860504,7000.0
2019-01-08 10:00:00,0.56532798,7000.0
2019-01-08 11:00:00,0.133719821,7000.0
2019-01-08 12:00:00,0.218976275,7000.0
2019-01-08 13:00:00,0.512105916,7000.0
2019-01-08 14:00:00,0.483709727,7000.0
2019-01-08 15:00:00,0.265949652,7000.0
2019-01-08 16:00:00,0.712796011,7000.0
2019-01-08 17:00:00,0.507284996,7000.0
2019-01-08 18:00:00,0.457016693,7000.0
2019-01-08 19:00:00,0.491847685,7000.0
2019-01-08 20:00:00,0.581825194,7000.0
2019-01-08 21:00:00,0.313470746,7000.0
2019-01-08 22:00:00,0.368836212,7000.0
2019-01-08 23:00:00,0.247949875,7000.0
2019-01-09 00:00:00,0.232772614,7000.0
2019-01-09 01:00:00,0.7193149,7000.0
2019-01-09 02:00:00,0.587875864,7000.0
2019-01-09 03:00:00,0.428027434,7000.0
2019-01-09 04:00:00,0.259225538,7000.0
2019-01-09 05:00:00,0.276514786,7000.0
2019-01-09 06:00:00,0.150526734,7000.0
2019-01-09 07:00:00,0.392063792,7000.0
2019-01-09 08:00:00,0.313375056,7000.0
2019-01-09 09:00:00,0.560148677,7000.0
2019-01-09 10:00:00,0.35570061,7000.0
2019-01-09 11:00:00,0.22854408,7000.0
2019-01-09 12:00:00,0.129124945,7000.0
2019-01-09 13:00:00,0.156443736,7000.0
2019-01-09 14:00:00,0.4270988,7000.0
2019-01-09 15:00:00,0.404436381,7000.0
2019-01-09 16:00:00,0.457624026,7000.0
2019-01-09 17:00:00,0.688703937,7000.0
2019-01-09 18:00:00,0.748812766,7000.0
2019-01-09 19:00:00,0.252476109,7000.0
2019-01-09 20:00:00,0.538801528,7000.0
2019-01-09 21:00:00,0.282268421,7000.0
2019-01-09 22:00:00,0.126540252,7000.0
2019-01-09 23:00:00,0.49958162,7000.0
2019-01-10 00:00:00,0.318650846,7000.0
2019-01-10 01:00:00,0.359366176,7000.0
2019-01-10 02:00:00,0.490825506,7000.0
2019-01-10 03:00:00,0.646592154,7000.0
2019-01-10 04:00:00,0.516921059,7000.0
2019-01-10 05:00:00,0.673289306,7000.0
2019-01-10 06:00:00,0.288826626,7000.0
2019-01-10 07:00:00,0.625414205,7000.0
2019-01-10 08:00:00,0.232415134,7000.0
2019-01-10 09:00:00,0.72471775,7000.0
2019-01-10 10:00:00,0.55446607,7000.0
2019-01-10 11:00:00,0.251584556,7000.0
2019-01-10 12:00:00,0.721238918,7000.0
2019-01-10 13:00:00,0.582296077,7000.0
2019-01-10 14:00:00,0.276248574,7000.0
2019-01-10 15:00:00,0.250175522,7000.0
2019-01-10 16:00:00,0.445830094,7000.0
2019-01-10 17:00:00,0.129756395,7000.0
2019-01-10 18:00:00,0.24642663,7000.0
2019-01-10 19:00:00,0.38581907,7000.0
2019-01-10 20:00:00,0.353402044,7000.0
2019-01-10 21:00:00,0.410775707,7000.0
2019-01-10 22:00:00,0.291449143,7000.0
2019-01-10 23:00:00,0.489841891,7000.0
2019-01-11 00:00:00,0.667645307,7000.0
2019-01-11 01:00:00,0.188711072,7000.0
2019-01-11 02:00:00,0.445302849,7000.0
2019-01-11 03:00:00,0.19803934,7000.0
2019-01-11 04:00:00,0.57331442,7000.0
2019-01-11 05:00:00,0.367449215,7000.0
2019-01-11 06:00:00,0.476132709,7000.0
2019-01-11 07:00:00,0.230903161,7000.0
2019-01-11 08:00:00,0.206240356,7000.0
2019-01-11 09:00:00,0.426485673,7000.0
2019-01-11 10:00:00,0.341493406,7000.0
2019-01-11 11:00:00,0.71678622,7000.0
2019-01-11 12:00:00,0.604415966,7000.0
2019-01-11 13:00:00,0.43723787,7000.0
2019-01-11 14:00:00,0.693227098,7000.0
2019-01-11 15:00:00,0.166822221,7000.0
2019-01-11 16:00:00,0.467643437,7000.0
2019-01-11 17:00:00,0.488360613,7000.0
2019-01-11 18:00:00,0.730586142,7000.0
2019-01-11 19:00:00,0.300766226,7000.0
2019-01-11 20:00:00,0.267833728,7000.0
2019-01-11 21:00:00,0.17764908,7000.0
2019-01-11 22:00:00,0.123831296,7000.0
2019-01-11 23:00:00,0.709789736,7000.0
2019-01-12 00:00:00,0.83189861,7000.0
2019-01-12 01:00:00,0.61713986,7000.0
2019-01-12 02:00:00,0.294081111,7000.0
2019-01-12 03:00:00,0.489601771,7000.0
2019-01-12 04:00:00,0.154329661,7000.0
2019-01-12 05:00:00,0.424927126,7000.0
2019-01-12 06:00:00,0.74057058,7000.0
2019-01-12 07:00:00,0.67576289,7000.0
2019-01-12 08:00:00,0.330292884,7000.0
2019-01-12 09:00:00,0.730351127,7000.0
2019-01-12 10:00:00,0.26197661,7000.0
2019-01-12 11:00:00,0.722489147,7000.0
2019-01-12 12:00:00,0.717393137,7000.0
2019-01-12 13:00:00,0.626155881,7000.0
2019-01-12 14:00:00,0.517861887,7000.0
2019-01-12 15:00:00,0.674340008,7000.0
2019-01-12 16:00:00,0.301326296,7000.0
2019-01-12 17:00:00,0.658075879,7000.0
2019-01-12 18:00:00,0.509794611,7000.0
2019-01-12 19:00:00,0.121782416,7000.0
2019-01-12 20:00:00,0.336116256,7000.0
2019-01-12 21:00:00,0.20835362,7000.0
2019-01-12 22:00:00,0.743351974,7000.0
2019-01-12 23:00:00,0.420269946,7000.0
2019-01-13 00:00:00,0.432476225,7000.0
2019-01-13 01:00:00,0.523653181,7000.0
2019-01-13 02:00:00,0.349817772,7000.0
2019-01-13 03:00:00,0.201140258,7000.0
2019-01-13 04:00:00,0.640861091,7000.0
2019-01-13 05:00:00,0.235118056,7000.0
2019-01-13 06:00:00,0.441413918,7000.0
2019-01-13 07:00:00,0.257237733,7000.0
2019-01-13 08:00:00,0.176077203,7000.0
2019-01-13 09:00:00,0.66657742,7000.0
2019-01-13 10:00:00,0.737634273,7000.0
2019-01-13 11:00:00,0.729879141,7000.0
2019-01-13 12:00:00,0.695046874,7000.0
2019-01-13 13:00:00,0.610013138,7000.0
2019-01-13 14:00:00,0.327075406,7000.0
2019-01-13 15:00:00,0.165332749,7000.0
2019-01-13 16:00:00,0.374624637,7000.0
2019-01-13 17:00:00,0.262318339,7000.0
2019-01-13 18:00:00,0.198308561,7000.0
2019-01-13 19:00:00,0.147573532,7000.0
2019-01-13 20:00:00,0.578919681,7000.0
2019-01-13 21:00:00,0.12062128,7000.0
2019-01-13 22:00:00,0.607788546,7000.0
2019-01-13 23:00:00,0.207587263,7000.0
2019-01-14 00:00:00,0.164319269,7000.0
2019-01-14 01:00:00,0.170788462,7000.0
2019-01-14 02:00:00,0.84557543,7000.0
2019-01-14 03:00:00,0.27074615,7000.0
2019-01-14 04:00:00,0.383158479,7000.0
2019-01-14 05:00:00,0.470965209,7000.0
2019-01-14 06:00:00,0.665524772,7000.0
2019-01-14 07:00:00,0.579850116,7000.0
2019-01-14 08:00:00,0.28676404,7000.0
2019-01-14 09:00:00,0.197663734,7000.0
2019-01-14 10:00:00,0.148823058,7000.0
2019-01-14 11:00:00,0.306831233,7000.0
2019-01-14 12:00:00,0.281495638,7000.0
2019-01-14 13:00:00,0.406004577,7000.0
2019-01-14 14:00:00,0.551766373,7000.0
2019-01-14 15:00:00,0.559687891,7000.0
2019-01-14 16:00:00,0.29522899,7000.0
2019-01-14 17:00:00,0.357096436,7000.0
2019-01-14 18:00:00,0.22953701,7000.0
2019-01-14 19:00:00,0.619316975,7000.0
2019-01-14 20:00:00,0.149768803,7000.0
2019-01-14 21:00:00,0.560568206,7000.0
2019-01-14 22:00:00,0.612995914,7000.0
2019-01-14 23:00:00,0.612169479,7000.0
2019-01-15 00:00:00,0.279765815,7000.0
2019-01-15 01:00:00,0.353173049,7000.0
2019-01-15 02:00:00,0.490365082,7000.0
2019-01-15 03:00:00,0.288364499,7000.0
2019-01-15 04:00:00,0.351273327,7000.0
2019-01-15 05:00:00,0.239742559,7000.0
2019-01-15 06:00:00,0.408388787,7000.0
2019-01-15 07:00:00,0.141916807,7000.0
2019-01-15 08:00:00,0.626536614,7000.0
2019-01-15 09:00:00,0.162672837,7000.0
2019-01-15 10:00:00,0.446237226,7000.0
2019-01-15 11:00:00,0.310175558,7000.0
2019-01-15 12:00:00,0.48391146,7000.0
2019-01-15 13:00:00,0.728979881,7000.0
2019-01-15 14:00:00,0.527566242,7000.0
2019-01-15 15:00:00,0.135980941,7000.0
2019-01-15 16:00:00,0.38948779,7000.0
2019-01-15 17:00:00,0.44057831,7000.0
2019-01-15 18:00:00,0.457366235,7000.0
2019-01-15 19:00:00,0.550554268,7000.0
2019-01-15 20:00:00,0.291428217,7000.0
2019-01-15 21:00:00,0.195980982,7000.0
2019-01-15 22:00:00,0.365277602,7000.0
2019-01-15 23:00:00,0.727036984,7000.0
2019-01-16 00:00:00,0.233374478,7000.0
2019-01-16 01:00:00,0.693396651,7000.0
2019-01-16 02:00:00,0.462261601,7000.0
2019-01-16 03:00:00,0.406499254,7000.0
2019-01-16 04:00:00,0.679315583,7000.0
2019-01-16 05:00:00,0.407585398,7000.0
2019-01-16 06:00:00,0.578004115,7000.0
2019-01-16 07:00:00,0.369352325,7000.0
2019-01-16 08:00:00,0.693435436,7000.0
2019-01-16 09:00:00,0.556093961,7000.0
2019-01-16 10:00:00,0.562252613,7000.0
2019-01-16 11:00:00,0.323594211,7000.0
2019-01-16 12:00:00,0.48931396,7000.0
2019-01-16 13:00:00,0.521463963,7000.0
2019-01-16 14:00:00,0.26731489,7000.0
2019-01-16 15:00:00,0.216309696,7000.0
2019-01-16 16:00:00,0.624351921,7000.0
2019-01-16 17:00:00,0.728808709,7000.0
2019-01-16 18:00:00,0.40728691,7000.0
2019-01-16 19:00:00,0.492537018,7000.0
2019-01-16 20:00:00,0.663709635,7000.0
2019-01-16 21:00:00,0.406699492,7000.0
2019-01-16 22:00:00,0.724129173,7000.0
2019-01-16 23:00:00,0.482761627,7000.0
2019-01-17 00:00:00,0.63999437,7000.0
2019-01-17 01:00:00,0.696515281,7000.0
2019-01-17 02:00:00,0.636629615,7000.0
2019-01-17 03:00:00,0.215588167,7000.0
2019-01-17 04:00:00,0.516867536,7000.0
2019-01-17 05:00:00,0.368973025,7000.0
2019-01-17 06:00:00,0.153532438,7000.0
2019-01-17 07:00:00,0.385399885,7000.0
2019-01-17 08:00:00,0.279291903,7000.0
2019-01-17 09:00:00,0.658136684,7000.0
2019-01-17 10:00:00,0.134660395,7000.0
2019-01-17 11:00:00,0.728690708,7000.0
2019-01-17 12:00:00,0.341336897,7000.0
2019-01-17 13:00:00,0.342195551,7000.0
2019-01-17 14:00:00,0.1237664,7000.0
2019-01-17 15:00:00,0.232156121,7000.0
2019-01-17 16:00:00,0.370786053,7000.0
2019-01-17 17:00:00,0.70963707,7000.0
2019-01-17 18:00:00,0.177213341,7000.0
2019-01-17 19:00:00,0.719911154,7000.0
2019-01-17 20:00:00,0.671260093,7000.0
2019-01-17 21:00:00,0.404735137,7000.0
2019-01-17 22:00:00,0.32293996,7000.0
2019-01-17 23:00:00,0.26264561,7000.0
2019-01-18 00:00:00,0.507605057,7000.0
2019-01-18 01:00:00,0.134512776,7000.0
2019-01-18 02:00:00,0.123302794,7000.0
2019-01-18 03:00:00,0.388456721,7000.0
2019-01-18 04:00:00,0.156972801,7000.0
2019-01-18 05:00:00,0.274964705,7000.0
2019-01-18 06:00:00,0.255212378,7000.0
2019-01-18 07:00:00,0.275766992,7000.0
2019-01-18 08:00:00,0.197389353,7000.0
2019-01-18 09:00:00,0.121011939,7000.0
2019-01-18 10:00:00,0.187397103,7000.0
2019-01-18 11:00:00,0.510181935,7000.0
2019-01-18 12:00:00,0.738492081,7000.0
2019-01-18 13:00:00,0.748816651,7000.0
2019-01-18 14:00:00,0.375788035,7000.0
2019-01-18 15:00:00,0.217859848,7000.0
2019-01-18 16:00:00,0.523197069,7000.0
2019-01-18 17:00:00,0.427928953,7000.0
2019-01-18 18:00:00,0.748216495,7000.0
2019-01-18 19:00:00,0.15519531,7000.0
2019-01-18 20:00:00,0.615908728,7000.0
2019-01-18 21:00:00,0.298360382,7000.0
2019-01-18 22:00:00,0.268212243,7000.0
2019-01-18 23:00:00,0.538433415,7000.0
2019-01-19 00:00:00,0.271192774,7000.0
2019-01-19 01:00:00,0.80586109,7000.0
2019-01-19 02:00:00,0.44525755,7000.0
2019-01-19 03:00:00,0.385436294,7000.0
2019-01-19 04:00:00,0.469244757,7000.0
2019-01-19 05:00:00,0.297495993,7000.0
2019-01-19 06:00:00,0.5667143,7000.0
2019-01-19 07:00:00,0.379511817,7000.0
2019-01-19 08:00:00,0.34465892,7000.0
2019-01-19 09:00:00,0.645057444,7000.0
2019-01-19 10:00:00,0.706861929,7000.0
2019-01-19 11:00:00,0.142812019,7000.0
2019-01-19 12:00:00,0.262570441,7000.0
2019-01-19 13:00:00,0.336941418,7000.0
2019-01-19 14:00:00,0.636271956,7000.0
2019-01-19 15:00:00,0.745701994,7000.0
2019-01-19 16:00:00,0.735100883,7000.0
2019-01-19 17:00:00,0.694015525,7000.0
2019-01-19 18:00:00,0.303595421,7000.0
2019-01-19 19:00:00,0.749885919,7000.0
2019-01-19 20:00:00,0.273346951,7000.0
2019-01-19 21:00:00,0.181250574,7000.0
2019-01-19 22:00:00,0.723537589,7000.0
2019-01-19 23:00:00,0.263079497,7000.0
2019-01-20 00:00:00,0.555929195,7000.0
2019-01-20 01:00:00,0.150736705,7000.0
2019-01-20 02:00:00,0.582201931,7000.0
2019-01-20 03:00:00,0.679109462,7000.0
2019-01-20 04:00:00,0.288117431,7000.0
2019-01-20 05:00:00,0.356538097,7000.0
2019-01-20 06:00:00,0.353483031,7000.0
2019-01-20 07:00:00,0.4380377,7000.0
2019-01-20 08:00:00,0.265894734,7000.0
2019-01-20 09:00:00,0.223570344,7000.0
2019-01-20 10:00:00,0.401609459,7000.0
2019-01-20 11:00:00,0.308672836,7000.0
2019-01-20 12:00:00,0.65181622,7000.0
2019-01-20 13:00:00,0.265852754,7000.0
2019-01-20 14:00:00,0.435683623,7000.0
2019-01-20 15:00:00,0.718166989,7000.0
2019-01-20 16:00:00,0.520139856,7000.0
2019-01-20 17:00:00,0.66984886,7000.0
2019-01-20 18:00:00,0.716643593,7000.0
2019-01-20 19:00:00,0.45072206,7000.0
2019-01-20 20:00:00,0.562222456,7000.0
2019-01-20 21:00:00,0.734455219,7000.0
2019-01-20 22:00:00,0.75141935,7000.0
2019-01-20 23:00:00,0.403233043,7000.0
2019-01-21 00:00:00,0.158766873,7000.0
2019-01-21 01:00:00,0.301181103,7000.0
2019-01-21 02:00:00,0.211057747,7000.0
2019-01-21 03:00:00,0.381199235,7000.0
2019-01-21 04:00:00,0.197539579,7000.0
2019-01-21 05:00:00,0.500965196,7000.0
2019-01-21 06:00:00,0.35894531,7000.0
2019-01-21 07:00:00,0.687879059,7000.0
2019-01-21 08:00:00,0.734345552,7000.0
2019-01-21 09:00:00,0.46423744,7000.0
2019-01-21 10:00:00,0.289649018,7000.0
2019-01-21 11:00:00,0.493336769,7000.0
2019-01-21 12:00:00,0.688761606,7000.0
2019-01-21 13:00:00,0.374298753,7000.0
2019-01-21 14:00:00,0.467570156,7000.0
2019-01-21 15:00:00,0.287614236,7000.0
2019-01-21 16:00:00,0.405557669,7000.0
2019-01-21 17:00:00,0.371077418,7000.0
2019-01-21 18:00:00,0.272701007,7000.0
2019-01-21 19:00:00,0.437914852,7000.0
2019-01-21 20:00:00,0.31246698,7000.0
2019-01-21 21:00:00,0.352673612,7000.0
2019-01-21 22:00:00,0.450174395,7000.0
2019-01-21 23:00:00,0.44963216,7000.0
2019-01-22 00:00:00,0.327307912,7000.0
2019-01-22 01:00:00,0.706343322,7000.0
2019-01-22 02:00:00,0.666658938,7000.0
2019-01-22 03:00:00,0.144533756,7000.0
2019-01-22 04:00:00,0.276056622,7000.0
2019-01-22 05:00:00,0.399584089,7000.0
2019-01-22 06:00:00,0.18043028,7000.0
2019-01-22 07:00:00,0.33691358,7000.0
2019-01-22 08:00:00,0.588226715,7000.0
2019-01-22 09:00:00,0.4990815,7000.0
2019-01-22 10:00:00,0.512687336,7000.0
2019-01-22 11:00:00,0.569251484,7000.0
2019-01-22 12:00:00,0.244792551,7000.0
2019-01-22 13:00:00,0.332564052,7000.0
2019-01-22 14:00:00,0.87249369,7000.0
2019-01-22 15:00:00,0.677514489,7000.0
2019-01-22 16:00:00,0.462179527,7000.0
2019-01-22 17:00:00,0.294703292,7000.0
2019-01-22 18:00:00,0.132690706,7000.0
2019-01-22 19:00:00,0.569128546,7000.0
2019-01-22 20:00:00,0.118347422,7000.0
2019-01-22 21:00:00,0.35244529,7000.0
2019-01-22 22:00:00,0.453746729,7000.0
2019-01-22 23:00:00,0.705029517,7000.0
2019-01-23 00:00:00,0.170718842,7000.0
2019-01-23 01:00:00,0.373791134,7000.0
2019-01-23 02:00:00,0.128890376,7000.0
2019-01-23 03:00:00,0.333149863,7000.0
2019-01-23 04:00:00,0.512588915,7000.0
2019-01-23 05:00:00,0.29237274,7000.0
2019-01-23 06:00:00,0.247889682,7000.0
2019-01-23 07:00:00,0.1875376,7000.0
2019-01-23 08:00:00,0.483653035,7000.0
2019-01-23 09:00:00,0.559459797,7000.0
2019-01-23 10:00:00,0.8449936,7000.0
2019-01-23 11:00:00,0.722195364,7000.0
2019-01-23 12:00:00,0.115022719,7000.0
2019-01-23 13:00:00,0.528609949,7000.0
2019-01-23 14:00:00,0.498574408,7000.0
2019-01-23 15:00:00,0.491096632,7000.0
2019-01-23 16:00:00,0.731121302,7000.0
2019-01-23 17:00:00,0.124114966,7000.0
2019-01-23 18:00:00,0.56023784,7000.0
2019-01-23 19:00:00,0.635445525,7000.0
2019-01-23 20:00:00,0.440443768,7000.0
2019-01-23 21:00:00,0.327601439,7000.0
2019-01-23 22:00:00,0.620789508,7000.0
2019-01-23 23:00:00,0.175691168,7000.0
2019-01-24 00:00:00,0.396953099,7000.0
2019-01-24 01:00:00,0.446954178,7000.0
2019-01-24 02:00:00,0.558616831,7000.0
2019-01-24 03:00:00,0.171611601,7000.0
2019-01-24 04:00:00,0.259446852,7000.0
2019-01-24 05:00:00,0.376588565,7000.0
2019-01-24 06:00:00,0.513271462,7000.0
2019-01-24 07:00:00,0.682472464,7000.0
2019-01-24 08:00:00,0.510403913,7000.0
2019-01-24 09:00:00,0.198933496,7000.0
2019-01-24 10:00:00,0.742550295,7000.0
2019-01-24 11:00:00,0.672734265,7000.0
2019-01-24 12:00:00,0.435896229,7000.0
2019-01-24 13:00:00,0.705181297,7000.0
2019-01-24 14:00:00,0.460705319,7000.0
2019-01-24 15:00:00,0.705796125,7000.0
2019-01-24 16:00:00,0.645853474,7000.0
2019-01-24 17:00:00,0.734661113,7000.0
2019-01-24 18:00:00,0.703535164,7000.0
2019-01-24 19:00:00,0.136411783,7000.0
2019-01-24 20:00:00,0.225443477,7000.0
2019-01-24 21:00:00,0.363005256,7000.0
2019-01-24 22:00:00,0.724301296,7000.0
2019-01-24 23:00:00,0.305823908,7000.0
2019-01-25 00:00:00,0.216264019,7000.0
2019-01-25 01:00:00,0.682051419,7000.0
2019-01-25 02:00:00,0.399750233,7000.0
2019-01-25 03:00:00,0.695894012,7000.0
2019-01-25 04:00:00,0.216111816,7000.0
2019-01-25 05:00:00,0.537543305,7000.0
2019-01-25 06:00:00,0.395816037,7000.0
2019-01-25 07:00:00,0.162371434,7000.0
2019-01-25 08:00:00,0.560225463,7000.0
2019-01-25 09:00:00,0.272049843,7000.0
2019-01-25 10:00:00,0.138710251,7000.0
2019-01-25 11:00:00,0.151755725,7000.0
2019-01-25 12:00:00,0.152483594,7000.0
2019-01-25 13:00:00,0.695802478,7000.0
2019-01-25 14:00:00,0.588089637,7000.0
2019-01-25 15:00:00,0.689596617,7000.0
2019-01-25 16:00:00,0.84900547,7000.0
2019-01-25 17:00:00,0.452721711,7000.0
2019-01-25 18:00:00,0.308658691,7000.0
2019-01-25 19:00:00,0.753704827,7000.0
2019-01-25 20:00:00,0.345713593,7000.0
2019-01-25 21:00:00,0.415314962,7000.0
2019-01-25 22:00:00,0.356017196,7000.0
2019-01-25 23:00:00,0.741874429,7000.0
2019-01-26 00:00:00,0.225370565,7000.0
2019-01-26 01:00:00,0.323765936,7000.0
2019-01-26 02:00:00,0.4884408,7000.0
2019-01-26 03:00:00,0.153849877,7000.0
2019-01-26 04:00:00,0.502974801,7000.0
2019-01-26 05:00:00,0.419805463,7000.0
2019-01-26 06:00:00,0.295537743,7000.0
2019-01-26 07:00:00,0.266283643,7000.0
2019-01-26 08:00:00,0.443463433,7000.0
2019-01-26 09:00:00,0.349396143,7000.0
2019-01-26 10:00:00,0.406247999,7000.0
2019-01-26 11:00:00,0.329855504,7000.0
2019-01-26 12:00:00,0.73607758,7000.0
2019-01-26 13:00:00,0.198919353,7000.0
2019-01-26 14:00:00,0.175409468,7000.0
2019-01-26 15:00:00,0.333650885,7000.0
2019-01-26 16:00:00,0.492564442,7000.0
2019-01-26 17:00:00,0.536297692,7000.0
2019-01-26 18:00:00,0.368217387,7000.0
2019-01-26 19:00:00,0.754549171,7000.0
2019-01-26 20:00:00,0.339106357,7000.0
2019-01-26 21:00:00,0.576232333,7000.0
2019-01-26 22:00:00,0.522440436,7000.0
2019-01-26 23:00:00,0.635044584,7000.0
2019-01-27 00:00:00,0.739755926,7000.0
2019-01-27 01:00:00,0.684290389,7000.0
2019-01-27 02:00:00,0.603926151,7000.0
2019-01-27 03:00:00,0.561371155,7000.0
2019-01-27 04:00:00,0.328585395,7000.0
2019-01-27 05:00:00,0.208061454,7000.0
2019-01-27 06:00:00,0.153483058,7000.0
2019-01-27 07:00:00,0.26852225,7000.0
2019-01-27 08:00:00,0.390693617,7000.0
2019-01-27 09:00:00,0.448265798,7000.0
2019-01-27 10:00:00,0.609394657,7000.0
2019-01-27 11:00:00,0.728535539,7000.0
2019-01-27 12:00:00,0.188575427,7000.0
2019-01-27 13:00:00,0.181955178,7000.0
2019-01-27 14:00:00,0.491709551,7000.0
2019-01-27 15:00:00,0.41628206,7000.0
2019-01-27 16:00:00,0.657566879,7000.0
2019-01-27 17:00:00,0.713834374,7000.0
2019-01-27 18:00:00,0.744376714,7000.0
2019-01-27 19:00:00,0.369850541,7000.0
2019-01-27 20:00:00,0.357358405,7000.0
2019-01-27 21:00:00,0.208140449,7000.0
2019-01-27 22:00:00,0.55282721,7000.0
2019-01-27 23:00:00,0.534748239,7000.0
2019-01-28 00:00:00,0.666494688,7000.0
2019-01-28 01:00:00,0.175700838,7000.0
2019-01-28 02:00:00,0.432723637,7000.0
2019-01-28 03:00:00,0.486182511,7000.0
2019-01-28 04:00:00,0.268301071,7000.0
2019-01-28 05:00:00,0.221755744,7000.0
2019-01-28 06:00:00,0.664902082,7000.0
2019-01-28 07:00:00,0.150851294,7000.0
2019-01-28 08:00:00,0.415296964,7000.0
2019-01-28 09:00:00,0.187621517,7000.0
2019-01-28 10:00:00,0.406593805,7000.0
2019-01-28 11:00:00,0.742153834,7000.0
2019-01-28 12:00:00,0.385190748,7000.0
2019-01-28 13:00:00,0.663326059,7000.0
2019-01-28 14:00:00,0.188572272,7000.0
2019-01-28 15:00:00,0.287357103,7000.0
2019-01-28 16:00:00,0.372411695,7000.0
2019-01-28 17:00:00,0.369857246,7000.0
2019-01-28 18:00:00,0.84131227,7000.0
2019-01-28 19:00:00,0.334502068,7000.0
2019-01-28 20:00:00,0.571329687,7000.0
2019-01-28 21:00:00,0.523469893,7000.0
2019-01-28 22:00:00,0.369439486,7000.0
2019-01-28 23:00:00,0.390359052,7000.0
2019-01-29 00:00:00,0.507645481,7000.0
2019-01-29 01:00:00,0.158235789,7000.0
2019-01-29 02:00:00,0.641046553,7000.0
2019-01-29 03:00:00,0.532604368,7000.0
2019-01-29 04:00:00,0.579399755,7000.0
2019-01-29 05:00:00,0.457844644,7000.0
2019-01-29 06:00:00,0.184183869,7000.0
2019-01-29 07:00:00,0.373209276,7000.0
2019-01-29 08:00:00,0.37342616,7000.0
2019-01-29 09:00:00,0.319309152,7000.0
2019-01-29 10:00:00,0.132507857,7000.0
2019-01-29 11:00:00,0.58640211,7000.0
2019-01-29 12:00:00,0.183739376,7000.0
2019-01-29 13:00:00,0.502370784,7000.0
2019-01-29 14:00:00,0.564559896,7000.0
2019-01-29 15:00:00,0.520645936,7000.0
2019-01-29 16:00:00,0.728793082,7000.0
2019-01-29 17:00:00,0.179576957,7000.0
2019-01-29 18:00:00,0.669770412,7000.0
2019-01-29 19:00:00,0.132020089,7000.0
2019-01-29 20:00:00,0.456557251,7000.0
2019-01-29 21:00:00,0.372701034,7000.0
2019-01-29 22:00:00,0.449669626,7000.0
2019-01-29 23:00:00,0.347581536,7000.0
2019-01-30 00:00:00,0.235579458,7000.0
2019-01-30 01:00:00,0.125559632,7000.0
2019-01-30 02:00:00,0.44579743,7000.0
2019-01-30 03:00:00,0.654118561,7000.0
2019-01-30 04:00:00,0.352789823,7000.0
2019-01-30 05:00:00,0.256305172,7000.0
2019-01-30 06:00:00,0.16496736,7000.0
2019-01-30 07:00:00,0.168034109,7000.0
2019-01-30 08:00:00,0.255363524,7000.0
2019-01-30 09:00:00,0.177469473,7000.0
2019-01-30 10:00:00,0.283370468,7000.0
2019-01-30 11:00:00,0.155737731,7000.0
2019-01-30 12:00:00,0.155388251,7000.0
2019-01-30 13:00:00,0.662781403,7000.0
2019-01-30 14:00:00,0.217324543,7000.0
2019-01-30 15:00:00,0.472449912,7000.0
2019-01-30 16:00:00,0.609633373,7000.0
2019-01-30 17:00:00,0.4061772,7000.0
2019-01-30 18:00:00,0.211708566,7000.0
2019-01-30 19:00:00,0.241373735,7000.0
2019-01-30 20:00:00,0.391144573,7000.0
2019-01-30 21:00:00,0.452268757,7000.0
2019-01-30 22:00:00,0.337532397,7000.0
2019-01-30 23:00:00,0.614782606,7000.0
2019-01-31 00:00:00,0.45236992,7000.0
