name,bus0,bus1,s_nom,x,r
merged_relation/1208415-380-c+1,way/23380800-380,way/24478889-380,1698.103,2.30545,0.281152
merged_way/24532884-1-380+6,way/23380800-380,way/24479984-380,1698.103,3.387922,0.413161
merged_relation/14592471-380-b+1,way/25306752-380,way/31131325-380,1698.103,10.113687,1.233376
way/167261399-1-380,way/25306752-380,DE199-380,1698.103,15.007865,1.830227
merged_way/36964218-1-380+2,DE198-380,DE199-380,1698.103,0.56027,0.068326
merged_relation/14592735-380-c+1,way/24839976-380,way/23084554-380,1698.103,2.404903,0.293281
merged_way/24833555-380+5,way/24839976-380,way/22761839-380,3396.205,2.726607,0.332513
merged_way/24428845-1-380+1,DE124-380,way/22761839-380,3396.205,0.905093,0.110377
merged_way/364135875-380+4,way/22761692-380,way/22761839-380,1698.103,1.193339,0.145529
relation/1102892-380-b,way/24839976-380,way/26927264-380,1698.103,3.234484,0.394449
merged_way/850698155-380+1,DE136-380,way/26927264-380,3396.205,1.317882,0.160717
relation/3228400-380-b,way/24839976-380,DE139-380,1698.103,7.039573,0.858484
way/24840438-1-380,way/24839976-380,way/188276460-380,3396.205,0.342566,0.041776
merged_relation/14650683-220-a+2,way/88916034-220,way/50319857-220,491.556,2.87461,0.573012
merged_way/50306784-2-220+1,way/88916034-220,way/50319857-220,983.112,1.359286,0.270954
way/103737860-220,way/88916034-220,way/202865176-220,1966.224,0.194606,0.038792
merged_relation/1636708-380-b+1,way/42097854-380,way/54359256-380,1698.103,11.994943,1.462798
merged_way/296529805-1-380+4,way/82773910-380,way/54359256-380,3396.205,2.882045,0.351469
merged_relation/1735055-220-a+2,way/66764943-220,way/395847307-220,491.556,22.413393,4.467786
merged_way/160485212-2-220+15,way/22766160-220,way/395847307-220,491.556,18.721797,3.73192
relation/2147236-220-b,way/154869247-220,way/395847307-220,491.556,1.506631,0.300325
merged_relation/1735059-220-d+2,way/151967290-220,way/66764943-220,491.556,12.049545,2.401903
merged_way/202576764-2-220+1,way/151967290-220,DE172-220,983.112,2.338943,0.466234
merged_relation/3693986-380-c+1,way/1327333163-380,way/41334805-380,1698.103,3.060651,0.37325
relation/3694015-380-b,way/1327333163-380,way/1104947187-380,3396.205,0.836234,0.10198
relation/3694016-380-b,way/1327333163-380,way/143854536-380,1698.103,11.754761,1.433507
merged_relation/3693986-380-g+4,way/41334805-380,way/147878692-380,1698.103,0.906242,0.110517
merged_way/189574885-1-380+3,way/41334805-380,way/97825259-380,1698.103,3.391238,0.413566
merged_relation/3883863-380-a+1,way/31131325-380,way/31131320-380,1698.103,4.522129,0.551479
way/48616848-380,way/101997887-380,way/31131320-380,3396.205,9.581951,1.168531
merged_relation/3916226-380-c+3,way/50319857-380,way/31367940-380,1698.103,5.665464,0.69091
merged_way/195538144-1-380+6,way/31367940-380,way/98648381-380,1698.103,2.456381,0.299559
merged_relation/3926258-380-b+1,way/43688805-380,way/25786404-380,3396.205,1.568383,0.191266
merged_way/24523546-380+1,DE188-380,way/25786404-380,3396.205,1.292039,0.157566
merged_way/478868126-1-380+1,DE199-380,way/25786404-380,1698.103,15.525692,1.893377
relation/1636729-380-a,way/152973139-380,way/25786404-380,3396.205,10.404309,1.268818
merged_way/167299613-1-380+7,way/43688805-380,DE196-380,3396.205,4.417353,0.538702
relation/3697399-380-a,way/43688805-380,DE185-380,3396.205,0.65423,0.079784
merged_relation/3943784-220+1,way/1191459479-220,way/1102237380-220,491.556,2.865252,0.571147
merged_relation/69489-380-a+1,way/18629425-380,way/26245195-380,1698.103,10.845409,1.322611
relation/112804-380,way/18629425-380,way/26245195-380,1698.103,10.852253,1.323445
relation/3749852-380,way/137602559-380,way/26245195-380,1698.103,18.731722,2.284356
relation/3749853-380-a,way/5404079-380,way/26245195-380,1698.103,4.373595,0.533365
relation/3749854-380-a,way/5404079-380,way/26245195-380,1698.103,4.373595,0.533365
relation/377770-380,way/18629425-380,way/23907283-380,1698.103,4.160514,0.50738
relation/5247617-380,way/18629425-380,way/23907283-380,1698.103,4.160514,0.50738
merged_way/104448814-1-380+2,way/62061952-380,DE159-380,3396.205,0.660436,0.080541
merged_way/106620935-1-380+1,way/38661452-380,DE159-380,1698.103,2.316105,0.282452
merged_way/105572022-1-380+2,way/23067006-380,DE80-380,1698.103,1.00537,0.122606
merged_way/105572022-2-220+6,DE87-220,DE80-220,491.556,1.80526,0.359852
merged_way/66676884-2-220+1,way/1076001174-220,DE80-220,491.556,0.796437,0.158758
merged_way/25028229-2-220+3,DE87-220,way/113546939-220,983.112,1.247172,0.248606
merged_way/25314891-2-220+1,DE89-220,way/113546939-220,983.112,0.56183,0.111993
merged_way/106337111-1-220+1,DE166-220,DE171-220,491.556,2.820352,0.562196
merged_way/128714149-1-220+4,DE166-220,way/149987048-220,491.556,16.319663,3.253089
relation/1636721-220,way/152924508-220,way/149987048-220,491.556,3.973001,0.79196
relation/1636726-220,way/152924508-220,way/149987048-220,491.556,3.973001,0.79196
way/152924520-2-220,DE174-220,way/149987048-220,983.112,1.157321,0.230695
merged_way/106607617-220+8,DE80-220,way/29077623-220,983.112,2.74942,0.548057
merged_way/106607620-1-220+1,DE80-220,DE87-220,983.112,0.892301,0.177867
merged_way/68561219-2-220+2,way/68549340-220,DE87-220,983.112,0.666172,0.132792
merged_way/109507318-2-220+1,DE80-220,way/1076001174-220,491.556,0.799275,0.159324
merged_way/155269862-1-220+4,DE80-220,way/28452784-220,983.112,1.620811,0.323085
way/42920726-1-220,DE80-220,DE81-220,983.112,0.259143,0.051656
relation/14595857-380-b,way/38661452-380,DE161-380,1698.103,0.516799,0.063024
relation/1641702-380-c,DE162-380,DE161-380,1698.103,1.200613,0.146416
merged_way/107175372-1-380+1,DE77-380,way/24479003-380,3396.205,0.320264,0.039057
way/107271555-1-380,DE74-380,way/24479003-380,3396.205,0.387313,0.047233
merged_way/107175372-2-220+1,DE77-220,way/24479003-220,983.112,0.394817,0.078701
way/107271555-2-220,DE74-220,way/24479003-220,983.112,0.472606,0.094207
merged_way/1072230175-1-380+2,way/151967291-380,DE170-380,1698.103,1.939988,0.236584
merged_way/1075677143-1-380+8,way/1071504343-380,way/946969736-380,3396.205,4.775985,0.582437
way/1151967274-380,DK15-380,way/946969736-380,3396.205,1.775969,0.216582
merged_way/907820346-1-380+8,way/1071504343-380,way/603661085-380,3396.205,5.624555,0.685921
merged_way/107686849-220+1,DE81-220,DE82-220,491.556,0.905065,0.180412
merged_way/108188242-1-220+3,way/24462426-220,DE79-220,491.556,3.309059,0.659613
merged_way/351661145-1-220+3,way/23380800-220,DE79-220,491.556,2.759761,0.550118
merged_way/60725329-2-220+1,way/24462426-220,DE66-220,983.112,2.006248,0.399916
merged_way/25788425-2-220+2,way/23022100-220,DE66-220,491.556,4.312177,0.85957
merged_way/906381479-2-220+1,way/24462426-220,DE67-220,491.556,1.027602,0.204838
relation/1167326-220,way/24462426-220,way/37554416-220,491.556,5.696738,1.135562
merged_way/46967672-1-220+1,way/24478889-220,way/37554416-220,983.112,0.911905,0.181775
relation/1167333-220,way/24462426-220,DE83-220,491.556,6.03012,1.202017
way/24462486-2-220,way/24462426-220,DE70-220,983.112,0.872625,0.173945
way/24462323-1-220,way/24462317-220,DE70-220,983.112,0.177814,0.035445
merged_way/108388734-1-220+1,way/41389594-220,DE202-220,491.556,4.027669,0.802858
merged_way/31363228-2-220+4,way/41389594-220,way/31131320-220,491.556,22.843956,4.553612
merged_way/108526478-2-220+2,way/85523877-220,DE205-220,491.556,0.457481,0.091192
relation/12842815-400,way/301158539-400,way/95840891-400,1787.476,5.592571,0.682021
relation/3732382-400-a,way/301158539-400,way/95840891-400,1787.476,5.592571,0.682021
merged_way/109195942-1-220+2,way/24839976-220,DE131-220,491.556,1.1321,0.225668
merged_way/24841789-220+2,way/24839976-220,DE131-220,983.112,0.566903,0.113004
way/33382745-220,way/23084554-220,DE131-220,1966.224,0.580888,0.115792
merged_way/24841695-220+1,way/24839976-220,way/188276460-220,983.112,0.417951,0.083312
way/24840438-2-220,way/24839976-220,way/188276460-220,983.112,0.419168,0.083555
merged_way/59584539-2-220+1,way/24839976-220,DE129-220,983.112,1.684048,0.335691
way/59584548-220,way/24839976-220,DE129-220,983.112,1.687653,0.336409
merged_way/109330042-1-380+8,DE159-380,way/24042358-380,3396.205,2.653646,0.323615
relation/13239127-380,way/202747445-380,way/24042358-380,1698.103,12.459034,1.519394
relation/3885010-380,way/202747445-380,way/24042358-380,1698.103,12.459034,1.519394
merged_way/1093664414-380+7,way/517421342-380,way/59707532-380,3396.205,4.69401,0.57244
way/259468200-1-380,DE18-380,way/59707532-380,1698.103,0.515195,0.062829
merged_way/109507318-1-380+2,DE80-380,way/1076001174-380,1698.103,0.654687,0.07984
merged_way/66676884-1-380+3,DE80-380,way/1076001174-380,1698.103,0.651733,0.07948
merged_way/25039686-1-380+2,DE80-380,way/29077623-380,3396.205,2.244305,0.273696
way/25091638-380,way/23022100-380,way/29077623-380,6792.41,0.534565,0.065191
merged_way/109563298-1-220+1,DE69-220,way/121199242-220,491.556,0.918839,0.183157
way/60541934-220,way/24415232-220,way/121199242-220,983.112,0.675543,0.13466
merged_way/121199247-2-220+3,DE69-220,DE68-220,491.556,2.221236,0.442771
merged_way/109563300-1-220+1,way/121199242-220,DE68-220,491.556,1.289984,0.25714
merged_way/1098393180-380+1,way/152107815-380,way/152018146-380,3396.205,4.964214,0.605392
merged_way/139305260-1-380+2,way/54359256-380,way/152018146-380,3396.205,2.416694,0.294719
merged_way/110379578-1-220+6,way/24815262-220,DE113-220,983.112,3.414613,0.680654
merged_way/79174516-1-220+1,DE97-220,DE113-220,491.556,4.494728,0.895959
merged_way/111963058-3-220+7,way/42861703-220,DE39-220,491.556,12.651268,2.521847
merged_way/249097291-1-220+5,way/42861703-220,way/42507488-220,491.556,8.380436,1.670519
merged_way/241626236-220+2,DE64-220,way/42507488-220,491.556,0.485606,0.096799
way/123170766-2-220,DE64-220,way/42507488-220,983.112,0.241397,0.048119
relation/1685857-220,way/24414688-220,way/42507488-220,491.556,7.520479,1.499099
merged_way/111963058-380+2,DE53-380,DE45-380,3396.205,3.245282,0.395766
merged_way/112454229-1-380+2,way/24479984-380,DE107-380,3396.205,0.801736,0.097773
merged_way/112454229-2-220+1,way/24479984-220,DE106-220,983.112,0.785484,0.156575
way/92877636-2-220,DE107-220,DE106-220,983.112,0.198815,0.039631
way/24532884-2-220,way/24479984-220,DE93-220,491.556,2.708169,0.539834
way/52889943-220,DE97-220,DE93-220,983.112,0.201696,0.040205
merged_way/1131127616-1-380+1,DE33-380,DE30-380,1698.103,2.396943,0.29231
merged_way/733884560-380+2,way/953015049-380,DE30-380,1698.103,10.302573,1.256411
merged_way/760958089-1-380+1,way/32904794-380,DE30-380,3396.205,1.541333,0.187967
way/1131127625-380,DE33-380,DE34-380,6792.41,0.256692,0.031304
merged_way/1131127622-380+1,way/33411203-380,DE34-380,1698.103,1.75167,0.213618
merged_way/114377984-1-380+6,way/114319248-380,way/37764852-380,1698.103,4.566397,0.556878
relation/1636917-380,way/114319248-380,way/33411203-380,1698.103,15.191573,1.852631
relation/962121-380,way/61918154-380,way/33411203-380,1698.103,18.255301,2.226256
merged_way/781370722-1-380+1,DE35-380,way/33411203-380,1698.103,1.040364,0.126874
merged_way/114377984-2-220+4,DE37-220,way/37764852-220,491.556,5.087866,1.014193
merged_way/37982818-220+2,way/33411203-220,way/37764852-220,983.112,3.144714,0.626853
merged_way/114518391-220+1,way/91086220-220,DE203-220,983.112,0.561525,0.111932
way/91084404-220,DE201-220,DE203-220,1966.224,0.801303,0.159728
merged_way/118436919-380+1,DE61-380,DE56-380,3396.205,2.802209,0.341733
merged_way/42507067-380+1,DE61-380,way/42507488-380,3396.205,1.615345,0.196993
merged_way/42508055-1-380+1,DE65-380,way/42507488-380,3396.205,0.985674,0.120204
way/118436808-380,DE61-380,way/42560068-380,3396.205,1.682134,0.205138
way/269823874-380,DE61-380,way/42488850-380,3396.205,1.785325,0.217723
merged_way/741626874-380+1,way/112695048-380,way/42488850-380,3396.205,0.593067,0.072325
merged_way/1185493736-380+1,way/955268863-380,DE11-380,3396.205,7.080119,0.863429
way/34174518-380,DE10-380,DE11-380,6792.41,0.165441,0.020176
relation/5497488-380-a,way/955268863-380,DE14-380,1698.103,6.044208,0.737098
relation/5497490-380-a,way/955268863-380,DE14-380,1698.103,6.044208,0.737098
way/1186186271-380,DE13-380,DE14-380,3396.205,0.327564,0.039947
way/231735880-380,way/955268863-380,way/27739871-380,3396.205,9.738754,1.187653
merged_way/118904273-380+1,way/42861703-380,DE53-380,3396.205,1.460302,0.178086
way/111499706-380,way/25506770-380,DE53-380,3396.205,0.561891,0.068523
merged_way/120494099-220+10,way/22761839-220,DE109-220,983.112,8.622089,1.718689
relation/1084001-220-b,way/22761839-220,way/27871140-220,983.112,1.508465,0.300691
merged_way/1241945684-1-380+1,DE158-380,DE157-380,3396.205,0.950955,0.11597
relation/3732388-380-c,DE158-380,way/93341407-380,1698.103,3.244526,0.395674
way/1241983642-1-380,DE157-380,way/93341407-380,3396.205,0.720733,0.087894
merged_way/127187723-380+1,way/979801144-380,way/952346322-380,3396.205,0.440782,0.053754
merged_way/60261709-380+1,way/61918154-380,way/952346322-380,3396.205,5.648274,0.688814
merged_way/1286792202-380+3,way/48057110-380,DE178-380,1698.103,4.752627,0.579589
merged_way/283908304-380+1,way/48057110-380,DE182-380,3396.205,1.998591,0.243731
merged_way/149064310-1-380+3,way/254326606-380,DE182-380,3396.205,0.640222,0.078076
way/43201818-380,DE186-380,DE182-380,3396.205,3.931087,0.479401
merged_way/128714156-380+2,way/1223405794-380,way/149987048-380,6792.41,0.592935,0.072309
merged_way/152924510-1-380+1,way/600395952-380,way/149987048-380,3396.205,2.070375,0.252485
merged_way/129175345-380+2,way/11285720-380,way/24502420-380,3396.205,3.522128,0.429528
relation/5497488-380-c,DE13-380,way/24502420-380,1698.103,6.221443,0.758713
relation/5497490-380-c,DE13-380,way/24502420-380,1698.103,6.221443,0.758713
way/286703268-380,way/1072574879-380,way/24502420-380,3396.205,4.004494,0.488353
way/318302077-380,DE11-380,way/24502420-380,3396.205,0.188762,0.02302
way/881636328-380,DE11-380,way/24502420-380,3396.205,0.18978,0.023144
merged_way/243146012-1-380+1,way/11285720-380,DE12-380,3396.205,0.437306,0.05333
relation/1188841-380,way/11285720-380,way/23583867-380,1698.103,7.298731,0.890089
relation/1188844-380,way/11285720-380,way/23583867-380,1698.103,7.298731,0.890089
merged_way/131472622-380+2,DE187-380,way/43688805-380,3396.205,2.221295,0.27089
merged_way/132074206-220+1,way/89215122-220,DE177-220,983.112,0.550508,0.109736
merged_way/54359261-2-220+1,way/82773910-220,DE177-220,983.112,0.943959,0.188164
merged_way/138220867-380+2,DE152-380,DE150-380,3396.205,4.169691,0.508499
way/194214685-380,way/50898216-380,DE150-380,3396.205,3.390794,0.413511
merged_way/345899153-1-380+1,DE152-380,way/1245826064-380,1698.103,0.379007,0.04622
merged_way/139305260-2-220+2,way/54359256-220,way/152018146-220,983.112,3.075723,0.613101
merged_way/143848416-220+1,way/152973139-220,DE176-220,491.556,4.913057,0.979347
way/145129280-220,way/156676050-220,DE176-220,491.556,1.206549,0.240508
merged_way/152542161-220+3,way/152973139-220,way/207248812-220,983.112,1.834484,0.365678
way/727139056-220,way/156676050-220,way/207248812-220,983.112,0.472167,0.09412
merged_way/153089338-220+2,way/152973139-220,way/160929097-220,983.112,2.089998,0.416611
merged_way/291125209-1-220+1,way/152973139-220,way/160929097-220,491.556,4.130184,0.823292
merged_way/41981234-220+2,way/147521567-220,way/160929097-220,983.112,4.730796,0.943016
way/560384836-220,way/152973139-220,way/409305507-220,983.112,2.595257,0.517327
merged_way/27275258-220+3,DE183-220,way/409305507-220,983.112,5.145276,1.025636
merged_way/143901793-1-220+1,DE179-220,way/143903369-220,491.556,0.756034,0.150704
merged_way/145129281-2-220+2,DE180-220,way/143903369-220,491.556,7.684551,1.531804
merged_way/231741801-2-220+1,DE179-220,way/1327333163-220,491.556,6.329705,1.261735
merged_way/200409374-220+3,DE180-220,way/1327333163-220,491.556,11.09663,2.211953
relation/3945260-220,way/42050342-220,way/1327333163-220,491.556,31.560112,6.291052
merged_way/143980167-220+3,way/42410916-220,DE169-220,983.112,10.938912,2.180514
way/143100816-220,way/24705761-220,DE169-220,491.556,33.428148,6.663418
merged_way/144232574-220+2,way/87653464-220,way/933248930-220,983.112,7.353501,1.465814
way/156350633-220,DE194-220,way/933248930-220,983.112,4.121921,0.821645
relation/3756855-220-a,way/87653464-220,way/31367940-220,983.112,11.047904,2.20224
merged_way/195538144-2-220+4,way/98648381-220,way/31367940-220,491.556,2.998068,0.597622
merged_way/27854188-2-220+1,way/50319857-220,way/31367940-220,983.112,3.536615,0.704973
merged_way/145129281-1-380+5,way/143903369-380,DE181-380,1698.103,7.837336,0.955773
way/146633582-1-380,DE178-380,DE181-380,1698.103,1.141888,0.139255
merged_way/231741801-1-380+2,way/143903369-380,way/1327333163-380,1698.103,4.556855,0.555714
relation/3697399-380-c,DE184-380,way/1327333163-380,3396.205,2.863714,0.349233
relation/3989163-380-c,way/143903369-380,way/145002769-380,1698.103,11.172683,1.362522
merged_way/146086014-220+2,way/169244940-220,way/23284340-220,491.556,8.281088,1.650715
merged_way/8004066-220+3,way/169244940-220,way/23284340-220,491.556,8.241467,1.642817
way/169244947-220,way/169244940-220,way/23641079-220,983.112,0.656108,0.130786
merged_way/146633582-2-220+4,way/207248812-220,way/46584363-220,491.556,2.857664,0.569634
way/145129282-220,way/207248812-220,way/156676050-220,983.112,0.487448,0.097166
merged_way/147964967-1-220+1,way/23881272-220,way/42410916-220,1474.668,0.927977,0.184979
merged_way/151689335-1-380+1,DE94-380,way/42797575-380,3396.205,0.390213,0.047587
relation/1082809-380,way/42488850-380,way/42797575-380,1698.103,28.103692,3.427279
relation/1906209-380,way/42799487-380,way/42797575-380,1698.103,12.461344,1.519676
merged_way/151967297-2-220+3,way/151967291-220,way/42097854-220,491.556,5.90379,1.176835
merged_way/152107801-220+4,way/600395952-220,way/156402422-220,983.112,13.65303,2.721534
way/142169891-220,way/152018146-220,way/156402422-220,983.112,1.79993,0.35879
merged_way/152924510-2-220+2,way/600395952-220,DE174-220,983.112,1.376177,0.274321
merged_way/152107836-1-380+3,way/600395952-380,way/152107815-380,3396.205,6.085976,0.742192
merged_way/152403657-2-220+5,way/152403632-220,DE148-220,491.556,2.225031,0.443528
merged_way/207578308-220+3,DE145-220,DE148-220,983.112,2.247435,0.447994
merged_way/152403734-380+2,DE156-380,way/160584794-380,3396.205,4.889355,0.596263
merged_way/37090208-380+3,way/395847307-380,way/160584794-380,3396.205,1.295869,0.158033
way/147534818-380,DE156-380,way/50898216-380,3396.205,1.535634,0.187272
merged_way/152924493-1-380+1,way/259561755-380,way/152924498-380,1698.103,4.855978,0.592192
merged_way/155496642-1-220+1,way/35818137-220,way/24478889-220,983.112,0.887277,0.176866
relation/1578736-220-a,way/35818137-220,way/35818134-220,983.112,0.389982,0.077737
merged_way/50306784-1-380+1,way/88916034-380,way/50319857-380,3396.205,1.111775,0.135582
merged_way/62332171-380+3,DE209-380,way/50319857-380,3396.205,7.580729,0.924479
relation/3915993-380-c,DE213-380,way/50319857-380,1698.103,1.335214,0.162831
way/1327046560-380,DE213-380,way/50319857-380,1698.103,1.335214,0.162831
merged_way/156676048-1-380+1,DE197-380,way/26260052-380,3396.205,0.974188,0.118803
merged_way/26281485-380+2,way/37721677-380,way/26260052-380,3396.205,0.927989,0.113169
merged_way/156684001-380+3,way/940922557-380,way/29331499-380,3396.205,7.611282,0.928205
relation/3885041-380,way/940922557-380,way/941198517-380,1698.103,10.677047,1.302079
relation/3885042-380,way/940922557-380,way/941198517-380,1698.103,10.677047,1.302079
relation/3885046-380,way/157328339-380,way/941198517-380,1698.103,29.895034,3.645736
relation/3885045-380,way/1068350839-380,way/941198517-380,1698.103,12.452653,1.518616
merged_way/156960648-1-380+3,way/274630377-380,way/456386244-380,3396.205,5.54769,0.676548
relation/12544904-380-a,way/29309786-380,way/456386244-380,1698.103,16.02339,1.954072
relation/12825581-380,way/29309786-380,way/456386244-380,1698.103,16.02339,1.954072
merged_way/156960648-2-220+3,way/274630377-220,way/172997498-220,983.112,6.969857,1.38934
way/712379294-220,DE108-220,way/172997498-220,983.112,1.119448,0.223146
merged_way/157160048-1-380+2,way/1128250707-380,way/32076853-380,1698.103,7.792591,0.950316
relation/14567632-380,way/829116805-380,way/32076853-380,1698.103,6.670292,0.81345
relation/289000-380,way/829116805-380,way/32076853-380,1698.103,6.670292,0.81345
relation/86589-380,way/1128250707-380,way/883928228-380,1698.103,1.472878,0.179619
way/318009993-380,way/883928229-380,way/883928228-380,1698.103,0.821249,0.100152
way/883928221-380,way/883928229-380,way/883928228-380,1698.103,0.82515,0.100628
merged_way/157160048-2-220+3,way/1128250707-220,way/32076853-220,491.556,9.531454,1.899958
merged_way/28658059-220+3,way/1128250707-220,way/31024391-220,983.112,4.411697,0.879408
way/1031520139-220,way/23744346-220,way/31024391-220,983.112,0.636743,0.126926
relation/2277544-220,way/1128250707-220,way/50643382-220,491.556,16.710924,3.331081
relation/2277545-220,way/1128250707-220,way/50643382-220,491.556,16.710924,3.331081
merged_way/157903633-1-380+4,way/63114179-380,DE102-380,1698.103,1.962231,0.239296
way/68677653-1-380,way/35763480-380,DE102-380,1698.103,1.801839,0.219736
merged_way/216987765-1-380+7,way/63114179-380,way/68549340-380,1698.103,2.924645,0.356664
merged_way/159685340-1-220+3,DE132-220,way/90148336-220,983.112,0.867252,0.172874
merged_way/78043300-220+2,DE135-220,way/90148336-220,983.112,1.662846,0.331464
way/29287463-220,DE132-220,way/132814303-220,983.112,1.100278,0.219325
merged_way/284701899-220+4,DE109-220,way/132814303-220,983.112,7.892979,1.573351
merged_way/160485212-1-380+6,DE154-380,way/395847307-380,1698.103,8.191871,0.999009
way/36258837-380,DE153-380,way/395847307-380,3396.205,4.329717,0.528014
way/207811359-1-380,DE154-380,way/42423415-380,1698.103,1.716236,0.209297
relation/1084027-220,way/22766160-220,way/22767509-220,491.556,5.020346,1.000733
relation/1084046-220,way/22766160-220,way/22767509-220,491.556,5.020346,1.000733
merged_way/31311091-2-220+8,way/22796434-220,way/22767509-220,983.112,1.228691,0.244922
merged_way/164112589-380+4,way/23583867-380,way/22720647-380,3396.205,3.829339,0.466993
merged_way/338361032-380+2,way/25306938-380,way/22720647-380,3396.205,2.070197,0.252463
merged_way/449010724-380+2,way/35176751-380,way/22720647-380,3396.205,8.466423,1.032491
merged_way/844516315-380+3,way/1089769599-380,way/22720647-380,3396.205,7.04896,0.859629
relation/114782-380,way/23583867-380,way/1089911133-380,1698.103,7.005839,0.854371
relation/5247533-380,way/23583867-380,way/1089911133-380,1698.103,7.005839,0.854371
relation/6463658-380,way/28327356-380,way/1089911133-380,1698.103,6.915761,0.843385
relation/67585-380,way/28327356-380,way/1089911133-380,1698.103,6.915761,0.843385
merged_way/169116881-1-380+9,way/156673636-380,way/202747445-380,3396.205,8.929067,1.088911
relation/2252482-380-b,way/1245826064-380,way/202747445-380,1698.103,3.255207,0.396976
relation/12818416-380,way/156673636-380,way/29309786-380,1698.103,10.044793,1.224975
relation/270963-380,way/156673636-380,way/29309786-380,1698.103,10.044793,1.224975
relation/3687803-380-b,way/156673636-380,way/156960655-380,3396.205,3.61791,0.441208
way/196670169-380,way/456386244-380,way/156960655-380,3396.205,1.408371,0.171753
way/32398460-380,way/156673636-380,DE121-380,3396.205,2.288968,0.279142
merged_way/203675974-1-380+1,way/41072584-380,DE121-380,3396.205,0.413317,0.050404
merged_way/169536831-380+1,way/87653464-380,way/88916034-380,5094.308,6.793365,0.828459
relation/3916522-380-a,way/397960460-380,way/88916034-380,1698.103,6.7312,0.820878
relation/5603845-380,way/88901626-380,way/88916034-380,1698.103,2.379809,0.290221
relation/5603846-380,way/88901626-380,way/88916034-380,1698.103,2.382643,0.290566
relation/272103-380-b,way/87653464-380,way/152261133-380,1698.103,29.820177,3.636607
relation/4819879-380-b,way/87653464-380,way/152261133-380,1698.103,29.820177,3.636607
merged_way/177838535-380+1,way/449010725-380,way/35176751-380,3396.205,8.243919,1.005356
relation/3885012-380-a,way/525964629-380,way/35176751-380,3396.205,6.258792,0.763267
relation/12842819-380,way/449010725-380,way/907539360-380,1698.103,6.655729,0.811674
relation/12842820-380,way/449010725-380,way/907539360-380,1698.103,6.655729,0.811674
merged_way/907539359-380+4,way/35176751-380,way/907539360-380,3396.205,5.123765,0.624849
way/907517163-380,way/449010725-380,DK16-380,3396.205,1.136537,0.138602
merged_way/178708511-220+1,way/42872354-220,way/829116805-220,491.556,1.736601,0.346166
merged_way/28112089-220+8,DE15-220,way/829116805-220,983.112,5.767845,1.149736
merged_way/185849924-1-220+2,DE118-220,way/23192640-220,983.112,1.090299,0.217335
way/161242257-220,way/49577401-220,way/23192640-220,983.112,0.847067,0.16885
merged_way/27092940-1-220+1,DE118-220,DE122-220,983.112,1.141794,0.2276
merged_way/38243743-2-220+6,DE100-220,DE122-220,983.112,6.284603,1.252745
merged_way/189574879-220+2,way/25786404-220,way/41334805-220,491.556,4.467496,0.890531
merged_way/224460993-1-220+3,way/25786404-220,way/97825259-220,983.112,0.533742,0.106394
merged_way/190815004-220+1,way/29472852-220,DE37-220,983.112,1.787967,0.356405
way/114377991-220,way/114319248-220,DE37-220,1474.668,0.14963,0.029827
merged_way/191254576-220+2,way/24267175-220,DE125-220,983.112,0.561707,0.111968
way/41339399-2-220,way/95434457-220,DE125-220,983.112,0.395902,0.078917
merged_way/37826246-1-220+5,way/24267175-220,way/27919734-220,491.556,3.442095,0.686132
merged_way/28203625-2-220+4,way/24799890-220,way/27919734-220,983.112,3.001209,0.598248
way/41374780-2-220,DE125-220,way/27919734-220,491.556,2.331155,0.464682
merged_way/240543053-1-380-a+5,way/31367940-380,way/25306752-380,1698.103,27.693381,3.377242
merged_way/200460375-1-380+2,way/35954395-380,DE207-380,1698.103,0.322383,0.039315
way/42389033-380,way/35954395-380,DE207-380,1698.103,0.320966,0.039142
way/42387453-380,DE208-380,DE207-380,3396.205,0.398246,0.048567
merged_way/201153707-1-380+2,way/22765517-380,DE138-380,1698.103,1.088011,0.132684
merged_way/806238478-1-380+3,DE136-380,DE138-380,3396.205,2.503342,0.305286
merged_way/201153707-2-220+2,way/22765517-220,DE138-220,491.556,1.335778,0.266268
merged_way/201775659-1-220+2,DE79-220,way/24462228-220,491.556,1.549262,0.308823
merged_way/202576764-1-380+1,DE167-380,DE172-380,3396.205,1.262407,0.153952
merged_way/207488613-380+1,DE127-380,DE128-380,3396.205,0.250561,0.030556
merged_way/41374778-1-380+2,DE127-380,way/24839976-380,1698.103,1.083699,0.132158
way/41374777-380,DE127-380,way/24839976-380,3396.205,0.546799,0.066683
merged_way/842119255-1-380+3,way/27919734-380,way/24839976-380,3396.205,1.328816,0.162051
way/207579638-1-220,DE145-220,DE135-220,491.556,4.001518,0.797645
merged_way/208256287-1-380+2,way/29331499-380,way/27149550-380,1698.103,16.773941,2.045603
merged_way/208256287-2-220+2,way/29331499-220,way/27149550-220,491.556,20.507723,4.087918
merged_way/30132577-2-220+3,way/26472665-220,way/27149550-220,491.556,31.307407,6.240679
merged_way/765260456-220+7,DE21-220,way/27149550-220,983.112,3.732174,0.743955
relation/240489-220,way/40621568-220,way/27149550-220,491.556,16.567636,3.302519
relation/240490-220,way/40621568-220,way/27149550-220,491.556,16.567636,3.302519
merged_way/23598077-220+3,way/29331499-220,way/22973052-220,983.112,5.79371,1.154892
merged_way/40801071-220+1,way/22973070-220,way/22973052-220,983.112,1.360339,0.271164
merged_way/216987765-2-220+1,way/63114179-220,DE98-220,491.556,1.525095,0.304006
way/113563131-220,way/63114179-220,DE105-220,1966.224,0.192562,0.038384
merged_way/219514833-380+1,way/26260052-380,DE195-380,3396.205,0.219695,0.026792
merged_way/28861606-380+1,DE193-380,DE195-380,3396.205,0.718405,0.08761
way/30588239-380,way/26404600-380,DE195-380,3396.205,4.236589,0.516657
merged_way/26403582-1-380+2,way/26260052-380,way/26403575-380,3396.205,1.586426,0.193467
merged_way/219919304-220+2,way/29077623-220,way/23022100-220,983.112,1.318905,0.262905
merged_way/283935356-220+1,way/22944791-220,way/23022100-220,1966.224,0.254237,0.050678
merged_way/42920875-2-220+2,way/1303270458-220,way/23022100-220,983.112,0.543221,0.108283
merged_way/60725324-2-220+5,way/29077623-220,way/979801144-220,491.556,18.143681,3.616681
merged_way/60261709-3-220+6,way/61918154-220,way/979801144-220,491.556,14.954252,2.980914
merged_way/22766290-1-380+3,way/23084554-380,way/22765517-380,1698.103,3.063964,0.373654
merged_way/22766290-2-220+3,way/23084554-220,way/22765517-220,491.556,3.747405,0.746991
relation/1101996-220,way/23084554-220,way/22690852-220,983.112,0.696726,0.138882
merged_way/233500126-1-380+2,way/27149550-380,DE25-380,1698.103,1.115583,0.136047
merged_way/30132577-1-380+2,way/26472665-380,DE25-380,1698.103,24.522559,2.990556
merged_way/23382106-380+1,way/97825259-380,DE191-380,3396.205,1.551008,0.189147
merged_way/48428860-1-380+1,way/48428875-380,DE191-380,1698.103,1.106422,0.134929
way/1104914090-1-380,way/97825259-380,DE190-380,1698.103,1.787301,0.217963
merged_way/240543053-2-220-a+1,way/31367940-220,way/25306752-220,491.556,33.881975,6.753882
relation/1641471-220-b,way/31367940-220,way/31367936-220,491.556,21.286256,4.243108
relation/3918228-220,way/102743264-220,way/31367936-220,491.556,3.711616,0.739857
relation/3918229-220-b,way/31367940-220,way/102743264-220,491.556,23.572445,4.698826
merged_way/24462486-1-380+2,way/24462426-380,DE70-380,3396.205,0.713209,0.086977
merged_way/60725329-1-380+4,way/24462426-380,DE66-380,3396.205,1.638318,0.199795
merged_way/25788425-1-380+1,way/23022100-380,DE66-380,1698.103,3.529084,0.430376
merged_way/906381479-1-380+1,way/24462426-380,DE67-380,1698.103,0.839805,0.102415
way/907802873-1-380,way/24462426-380,DE67-380,1698.103,0.840727,0.102528
way/844126092-380,way/311444692-380,DE67-380,3396.205,1.631577,0.198973
merged_way/24479533-380+3,DE76-380,way/59925390-380,3396.205,1.032204,0.125878
way/81354098-1-380,way/24921206-380,way/59925390-380,3396.205,0.695146,0.084774
way/70814149-1-380,DE76-380,way/24280460-380,3396.205,0.199993,0.024389
merged_way/24493930-380+2,way/266684854-380,way/829116805-380,3396.205,1.1282,0.137585
merged_way/42557078-380+2,DE17-380,way/829116805-380,3396.205,2.77144,0.33798
merged_way/25331184-380+4,way/266684854-380,way/1072574879-380,3396.205,7.198531,0.87787
way/43292052-380,DE188-380,DE189-380,3396.205,0.248508,0.030306
merged_way/24846754-380+7,way/952346322-380,way/83423799-380,3396.205,2.691859,0.328275
merged_way/24864330-1-380+3,way/152261133-380,way/259561755-380,1698.103,7.968636,0.971785
relation/272126-380,way/152261133-380,way/48057110-380,1698.103,7.963785,0.971193
relation/5247596-380,way/152261133-380,way/48057110-380,1698.103,7.963785,0.971193
merged_way/24864330-2-220+6,way/152261133-220,way/152924498-220,491.556,15.653577,3.120314
merged_way/288192154-220+1,way/152261133-220,way/32151621-220,983.112,3.02896,0.603779
relation/272728-220-a,way/152261133-220,way/32725957-220,491.556,4.155651,0.828369
relation/272732-220-a,way/152261133-220,way/32966636-220,491.556,8.868408,1.767789
relation/272729-220-b,way/32725957-220,way/32966636-220,491.556,6.583511,1.312328
way/26186272-1-220,way/152261133-220,DE183-220,491.556,1.163127,0.231853
way/339943620-220,way/152261133-220,way/32731290-220,983.112,0.431643,0.086042
merged_way/25028229-1-380+3,DE87-380,way/113546939-380,3396.205,1.021498,0.124573
way/25314891-1-380,DE89-380,way/113546939-380,3396.205,0.460722,0.056186
merged_way/42921001-1-380+3,DE87-380,way/23067006-380,1698.103,0.744644,0.09081
merged_way/25088811-220+1,way/22944791-220,DE78-220,983.112,0.81057,0.161576
way/25052073-1-220,way/25051880-220,DE78-220,983.112,0.336885,0.067153
merged_way/25090745-380+1,way/1303270458-380,way/23022100-380,3396.205,0.433437,0.052858
way/42920875-1-380,way/1303270458-380,way/23022100-380,3396.205,0.444729,0.054235
merged_way/61733762-2-220+2,DE89-220,DE86-220,491.556,1.558933,0.310751
way/70691555-1-220,DE84-220,DE86-220,983.112,0.196577,0.039185
merged_way/71503492-1-220+4,DE89-220,way/25051880-220,491.556,3.168455,0.631586
merged_way/25393442-1-220+4,way/23084417-220,DE62-220,983.112,3.495882,0.696854
merged_way/60725327-2-220+4,DE67-220,DE62-220,983.112,2.144539,0.427483
merged_way/309079148-380+1,way/23022100-380,DE76-380,3396.205,1.58518,0.193315
merged_way/259468195-1-220+2,way/1094015892-220,way/517421342-220,491.556,15.64362,3.11833
relation/1636782-220,way/1094015892-220,way/32318130-220,491.556,12.483039,2.488313
relation/1636783-220,way/1094015892-220,way/946710698-220,491.556,32.115881,6.401837
relation/2238161-220,way/32318130-220,way/946710698-220,491.556,19.683699,3.923661
merged_way/259468200-2-220+1,way/59707532-220,DE18-220,491.556,0.635288,0.126635
way/259468196-220,DE29-220,DE18-220,983.112,10.75048,2.142953
merged_way/26043880-2-220+5,DE98-220,way/68549340-220,491.556,2.047562,0.408152
way/68018969-1-220,DE98-220,way/156973363-220,491.556,0.499461,0.09956
merged_way/342455286-1-380+3,way/37721677-380,way/48428875-380,3396.205,1.620051,0.197567
merged_way/26565859-380+1,way/870598507-380,way/1024536785-380,3396.205,10.306277,1.256863
merged_way/80130019-1-380+3,way/870598507-380,DE133-380,3396.205,2.543919,0.310234
way/505137255-380,way/25992879-380,DE133-380,3396.205,0.445673,0.05435
merged_way/860159351-380+1,way/870598507-380,DE136-380,3396.205,1.951471,0.237984
relation/1084358-380,way/870598507-380,way/26593935-380,5094.308,0.358117,0.043673
merged_way/26971631-220+1,AT11-220,way/68532663-220,983.112,4.693157,0.935513
way/41931917-220,DE212-220,way/68532663-220,983.112,2.752591,0.548689
merged_way/26982408-1-220+1,way/24799890-220,way/1040551074-220,983.112,1.333471,0.265808
merged_way/27044875-220+1,DE122-220,way/22761839-220,983.112,1.648703,0.328645
merged_way/856077610-2-220+3,DE126-220,way/22761839-220,491.556,0.643999,0.128372
way/54071725-220,DE126-220,way/22761839-220,1966.224,0.160197,0.031933
merged_way/27196813-1-380+4,way/683227471-380,way/85523877-380,1698.103,11.59489,1.414011
way/108526478-1-380,DE205-380,way/85523877-380,1698.103,0.377758,0.046068
merged_way/27196813-2-220+6,way/57727004-220,way/85523877-220,491.556,22.052389,4.395825
merged_way/30970013-2-220+3,way/57727004-220,way/727225348-220,491.556,24.643514,4.912328
merged_way/27335805-1-220+1,way/26455019-220,way/29420322-220,983.112,0.373189,0.07439
way/26436072-1-220,way/26455019-220,way/23744346-220,983.112,0.87312,0.174044
merged_way/277828184-1-380+1,way/23284340-380,DE165-380,3396.205,1.203877,0.146814
merged_way/8762976-380+1,DE168-380,DE165-380,3396.205,2.293815,0.279734
relation/1641761-380-c,way/23284340-380,way/42410916-380,1698.103,5.668428,0.691272
relation/14650713-380-a,way/24042358-380,way/42410916-380,1698.103,4.851312,0.591623
relation/3885011-380-a,way/24042358-380,way/42410916-380,1698.103,4.851312,0.591623
way/113135861-220,DE15-220,way/955268863-220,983.112,4.423824,0.881825
way/23951301-220,DE15-220,way/229565743-220,983.112,1.424123,0.283878
merged_way/28203625-1-380+4,way/24799890-380,way/27919734-380,3396.205,2.453598,0.299219
merged_way/41374780-1-380+3,DE125-380,way/27919734-380,1698.103,1.903181,0.232095
way/77179295-380,way/24799890-380,DE114-380,6792.41,0.244312,0.029794
merged_way/284701563-220+4,DE109-220,way/51940126-220,983.112,1.809463,0.36069
way/132682735-220,DE109-220,way/24667346-220,983.112,1.401456,0.27936
merged_way/284925905-380+1,DE75-380,DE69-380,3396.205,0.598528,0.072991
relation/1109593-380-a,way/275138524-380,DE69-380,1698.103,0.524081,0.063912
relation/1109599-380-a,way/275138524-380,DE69-380,1698.103,0.524081,0.063912
relation/1109593-380-c,DE75-380,way/32472806-380,1698.103,0.583706,0.071184
relation/1109599-380-c,DE75-380,way/32472806-380,1698.103,0.583706,0.071184
merged_way/284965427-380+5,way/1076001174-380,way/32472806-380,3396.205,1.817651,0.221665
relation/1082817-380-b,way/35763480-380,way/32472806-380,1698.103,6.009736,0.732895
merged_way/284969513-220+4,way/28452784-220,way/66038431-220,983.112,1.909317,0.380595
merged_way/66676627-220+1,way/28452784-220,DE72-220,983.112,1.116748,0.222608
way/28861605-1-380,DE193-380,DE192-380,1698.103,0.27014,0.032944
merged_way/290703850-380+3,way/42681484-380,way/274630377-380,3396.205,3.457664,0.421666
merged_way/29252732-380+2,way/24272339-380,way/23899043-380,3396.205,2.973448,0.362616
way/151469596-380,DE49-380,way/23899043-380,3396.205,6.444575,0.785924
relation/3533527-380-b,way/24272339-380,way/24262656-380,1698.103,2.286543,0.278847
merged_way/29252734-220+1,DE36-220,way/24262656-220,983.112,1.990575,0.396792
merged_way/29291584-380+4,DE133-380,way/162176187-380,3396.205,4.181829,0.509979
merged_way/29380943-220+3,way/113546939-220,way/63114179-220,983.112,1.213617,0.241917
merged_way/87106532-220+5,DE100-220,way/63114179-220,491.556,1.246381,0.248448
merged_way/60869542-2-220+1,way/113546939-220,DE100-220,983.112,0.61758,0.123106
merged_way/29472854-1-380+4,way/150200540-380,way/29472852-380,1698.103,0.519075,0.063302
relation/14514424-380-b,way/150200540-380,way/114319248-380,3396.205,1.284469,0.156643
relation/962122-380,way/61918154-380,way/114319248-380,1698.103,14.816828,1.80693
relation/1173397-380,way/26472665-380,way/33169401-380,1698.103,9.147259,1.115519
relation/2188188-380,way/26472665-380,way/33169401-380,1698.103,9.147259,1.115519
way/41036073-380,DE19-380,way/33169401-380,3396.205,7.874314,0.960282
relation/2928164-380,way/26472665-380,way/943939310-380,1698.103,11.632405,1.418586
relation/2928167-380,way/26472665-380,way/943939310-380,1698.103,11.632405,1.418586
relation/904160-380,way/26472665-380,way/29713902-380,1698.103,38.267366,4.666752
relation/3742241-380,way/143882655-380,way/29713902-380,1698.103,19.140399,2.334195
relation/3742242-380,way/143882655-380,way/29713902-380,1698.103,19.140399,2.334195
relation/904159-380,way/32690742-380,way/29713902-380,1698.103,9.59726,1.170398
merged_way/971780154-1-220-b+1,way/26472665-220,DE29-220,491.556,8.913778,1.776833
way/971780154-1-220-a,way/33169401-220,DE29-220,491.556,2.313474,0.461158
merged_way/30181272-380+1,way/1280840211-380,way/1128250707-380,3396.205,7.034584,0.857876
merged_way/883985540-380+2,way/883928228-380,way/1128250707-380,3396.205,0.727827,0.088759
relation/15097913-380,way/559702819-380,way/1128250707-380,1698.103,14.728837,1.7962
relation/15097914-380,way/559702819-380,way/1128250707-380,1698.103,14.732382,1.796632
merged_way/30246219-1-380+3,DE198-380,DE197-380,3396.205,1.46329,0.17845
way/31122745-1-380,DE198-380,way/30734324-380,1698.103,0.656082,0.08001
merged_way/30286003-220+1,way/32148946-220,DE139-220,983.112,0.49335,0.098342
merged_way/30416989-380+1,way/941453716-380,DE9-380,3396.205,6.261347,0.763579
relation/145510-380-b,way/851299584-380,DE9-380,1698.103,14.27229,1.740523
relation/14459971-380,way/941453716-380,way/1091984573-380,1698.103,13.680796,1.66839
relation/912407-380,way/941453716-380,way/1091984573-380,1698.103,13.680796,1.66839
relation/8539040-380-b,way/515358077-380,way/1091984573-380,1698.103,12.815085,1.562815
merged_way/30970013-1-380+3,way/57727004-380,way/727225348-380,1698.103,20.136291,2.455645
merged_way/57727003-1-380+2,way/57727004-380,way/683227471-380,1698.103,6.507654,0.793616
way/279079565-380,way/57727004-380,way/77038371-380,1698.103,7.494894,0.914012
merged_way/49868531-380+3,way/30613895-380,way/77038371-380,1698.103,12.354024,1.506588
merged_way/31333769-1-380+8,DE144-380,way/22767509-380,3396.205,1.313932,0.160236
merged_way/47248249-1-380+12,way/152403632-380,way/22767509-380,3396.205,6.341488,0.773352
merged_way/31363228-1-380+1,way/31131320-380,way/41389594-380,1698.103,18.664315,2.276136
way/108388740-380,way/26404600-380,way/41389594-380,3396.205,3.000464,0.36591
merged_way/31911224-220+5,way/29374542-220,way/22796434-220,983.112,1.838284,0.366435
merged_way/33174242-380+1,way/797009308-380,way/206289192-380,3396.205,2.448515,0.298599
merged_way/61971060-1-380+6,DE31-380,way/206289192-380,1698.103,9.6438,1.176073
merged_way/33813956-220+2,way/1042974725-220,DE173-220,983.112,5.409172,1.07824
way/91655761-220,DE172-220,DE173-220,983.112,0.513517,0.102362
merged_way/338361038-380+2,way/25306938-380,DE8-380,3396.205,1.5079,0.18389
way/45737386-380,way/1107961833-380,DE8-380,3396.205,3.281271,0.400155
merged_way/34174571-380+5,DE8-380,DE10-380,6792.41,0.65995,0.080482
merged_way/352376135-380+2,DE150-380,DE147-380,3396.205,1.59554,0.194578
way/152403657-1-380,way/152403632-380,DE147-380,1698.103,1.412298,0.172232
way/908473137-1-380,DE148-380,DE147-380,1698.103,0.401113,0.048916
merged_way/352376142-380+3,DE150-380,DE148-380,3396.205,1.396226,0.170271
merged_way/358953278-220+2,way/22720647-220,way/28008024-220,983.112,0.428291,0.085374
way/62251376-220,DE7-220,way/28008024-220,983.112,5.958759,1.187792
merged_way/57786760-1-380+3,way/22761692-380,DE130-380,1698.103,0.557633,0.068004
merged_way/36784592-1-380+2,way/22761839-380,way/33816726-380,3396.205,2.078442,0.253468
merged_way/37231119-1-220+2,way/274621059-220,way/787265962-220,491.556,4.423616,0.881784
way/23707819-220-a,way/274621059-220,DE40-220,983.112,3.041503,0.60628
way/1216922903-220,way/953757608-220,DE40-220,983.112,0.363889,0.072536
merged_way/38139845-380+2,DE41-380,way/796306640-380,3396.205,2.247348,0.274067
merged_way/39076066-1-380+1,way/152924498-380,way/600395952-380,3396.205,1.744772,0.212777
merged_way/39076066-2-220+2,way/152924498-220,way/600395952-220,983.112,2.071976,0.413018
relation/15751730-220,way/152924498-220,relation/17591073-220,983.112,1.851061,0.368982
relation/3989160-220,way/152924498-220,relation/17591073-220,983.112,1.851061,0.368982
merged_way/40162573-1-220+4,DE39-220,way/29472852-220,491.556,8.351206,1.664692
merged_way/781632468-3-220+3,DE39-220,way/61918154-220,491.556,10.46918,2.08688
merged_way/40692628-220+2,way/32151621-220,DE194-220,983.112,2.984147,0.594847
way/43305107-220,way/39011884-220,DE194-220,983.112,0.229032,0.045654
way/141161434-380,DE125-380,DE127-380,3396.205,0.412742,0.050334
merged_way/41981221-1-220+4,way/147521567-220,way/1223405794-220,491.556,6.479859,1.291666
merged_way/42134967-380+2,way/39229429-380,way/26383042-380,3396.205,2.469855,0.301202
merged_way/741639709-1-380+5,way/42560068-380,way/26383042-380,3396.205,3.594478,0.438351
merged_way/42436308-1-380+5,way/42423415-380,way/22766160-380,1698.103,5.431665,0.662398
relation/3228400-380-c,DE139-380,way/22766160-380,1698.103,1.405017,0.171344
way/34897791-1-380,DE138-380,way/22766160-380,3396.205,1.04766,0.127763
merged_way/42488871-380+1,way/42488850-380,DE85-380,3396.205,3.335621,0.406783
way/83688484-380,DE88-380,DE85-380,3396.205,0.405836,0.049492
relation/1082816-380,way/42488850-380,way/42799487-380,1698.103,16.554194,2.018804
way/24959946-380,way/42488850-380,DE61-380,3396.205,1.786772,0.217899
way/42509126-1-380,DE65-380,DE68-380,3396.205,1.425208,0.173806
way/121199247-1-380,way/121199242-380,DE68-380,1698.103,1.055881,0.128766
merged_way/42509126-2-220+1,DE68-220,DE64-220,983.112,2.70833,0.539866
relation/445559-380-b,DE17-380,way/24493551-380,1698.103,1.7214,0.209927
way/33812397-380,way/871646309-380,way/24493551-380,3396.205,0.440816,0.053758
merged_way/42809975-1-380+1,DE85-380,way/42809973-380,3396.205,0.288385,0.035169
way/38584672-220,way/1303270458-220,way/38584673-220,491.556,0.692634,0.138067
merged_way/43171099-220+2,way/39688875-220,way/1094015892-220,983.112,13.459272,2.682911
merged_way/43575375-380+2,DE207-380,way/42736239-380,3396.205,4.447797,0.542414
merged_way/87623154-380+2,way/26814283-380,way/42736239-380,3396.205,4.180224,0.509783
merged_way/45394868-1-380+1,DE112-380,DE111-380,3396.205,0.36203,0.04415
merged_way/46107365-1-380+4,DE6-380,way/1107961833-380,3396.205,1.299174,0.158436
merged_way/46107365-2-220+4,way/87722999-220,DE7-220,983.112,1.45233,0.289501
merged_way/47297508-220+2,way/60032354-220,DE7-220,983.112,1.855972,0.369961
way/107271567-2-220,way/24478889-220,DE77-220,491.556,1.102274,0.219722
way/425103271-220,way/24478889-220,way/35818137-220,1474.668,0.635192,0.126616
merged_way/478868126-2-220+2,way/25306752-220,way/25786404-220,491.556,37.359768,7.44713
way/189568397-1-220,way/43688805-220,way/25786404-220,491.556,3.870445,0.771517
way/189574881-220,way/41334805-220,way/25786404-220,983.112,2.246125,0.447733
relation/1750800-220-b,way/25306752-220,way/83529203-220,491.556,25.818001,5.146445
merged_way/48906232-1-380+4,way/28956649-380,way/29084374-380,1698.103,10.523993,1.283414
relation/3732389-380,way/93341407-380,way/29084374-380,1698.103,21.702959,2.646702
merged_way/82763143-1-380-b+1,way/28956649-380,way/78441561-380,1698.103,21.950696,2.676914
merged_way/48906232-2-220+3,way/29084374-220,way/28956649-220,491.556,12.87613,2.56667
merged_way/82763143-2-220-b+4,way/24976300-220,way/28956649-220,491.556,33.874206,6.752333
relation/3749847-220,way/954971276-220,way/28956649-220,491.556,18.891004,3.765649
relation/3710279-380,way/30613895-380,way/53378027-380,1698.103,8.624389,1.051755
relation/3710286-380-b,way/76246159-380,way/53378027-380,1698.103,7.752843,0.945469
relation/3710281-380-a,way/30613895-380,way/76246159-380,1698.103,12.814327,1.562723
relation/14648167-380,way/88945213-380,way/76246159-380,1698.103,9.787656,1.193617
relation/1641773-380,way/88945213-380,way/76246159-380,1698.103,9.787656,1.193617
relation/3782492-380,way/88916034-380,way/202865177-380,1698.103,1.7652,0.215268
relation/3782493-380,way/88916034-380,way/202865177-380,1698.103,1.7652,0.215268
relation/3915993-380-b,way/88916034-380,DE213-380,1698.103,0.880761,0.10741
way/1327051827-380,way/88916034-380,DE213-380,1698.103,0.880707,0.107403
merged_way/51370887-220+6,DE22-220,DE21-220,983.112,3.326351,0.66306
way/8017477-220,way/30309989-220,DE21-220,983.112,0.386735,0.07709
way/32950166-2-220,DE22-220,DE23-220,491.556,0.860953,0.171619
merged_way/521228484-380+9,way/723528920-380,DE62-380,3396.205,4.881971,0.595362
merged_way/60725327-1-380+4,DE67-380,DE62-380,3396.205,1.750237,0.213444
merged_way/54902235-380+1,way/38325076-380,way/31105067-380,3396.205,3.260914,0.397672
way/31105066-380,way/41389594-380,way/31105067-380,3396.205,5.027691,0.613133
merged_way/56234205-380+2,way/149987048-380,way/198448981-380,3396.205,7.113161,0.867459
relation/14596023-380,way/149987048-380,way/152973139-380,1698.103,6.615612,0.806782
relation/14596024-380,way/149987048-380,way/152973139-380,1698.103,6.615612,0.806782
merged_way/574218866-380+6,DE57-380,way/952004951-380,3396.205,4.567911,0.557062
relation/12544904-380-b,way/456386244-380,way/952004951-380,1698.103,11.814369,1.440777
merged_way/574577676-380+8,way/953757606-380,way/810315511-380,3396.205,3.065839,0.373883
way/953757607-380,way/953757606-380,way/953757608-380,1698.103,3.147179,0.383802
way/953757609-380,way/953757606-380,way/953757608-380,1698.103,3.145063,0.383544
merged_way/574577691-380+2,way/24262656-380,way/953757608-380,3396.205,2.340272,0.285399
relation/3528700-380,way/24262656-380,way/24258096-380,1698.103,8.923507,1.088233
relation/71281-380,way/24262656-380,way/24258096-380,1698.103,8.923507,1.088233
relation/3534540-380,way/24262656-380,way/28343121-380,1698.103,21.137813,2.577782
relation/3534541-380,way/24262656-380,way/28343121-380,1698.103,21.137813,2.577782
relation/114789-380,way/28327356-380,way/28343121-380,1698.103,6.269895,0.764621
relation/3534542-380,way/28327356-380,way/28343121-380,1698.103,6.269895,0.764621
merged_way/60924231-1-380+6,way/106096507-380,DE124-380,3396.205,1.315388,0.160413
way/24428696-380,way/49577401-380,DE124-380,3396.205,1.228748,0.149847
merged_way/61733762-1-380+7,way/59925390-380,DE89-380,1698.103,2.592296,0.316134
merged_way/61910820-1-380+6,way/59925390-380,way/26291794-380,3396.205,1.28851,0.157135
relation/962120-380-b,DE31-380,way/61918154-380,1698.103,1.90463,0.232272
merged_way/781632468-380+1,way/796306640-380,way/61918154-380,3396.205,2.321254,0.28308
way/76900159-1-380,DE209-380,DE208-380,1698.103,3.9778,0.485098
merged_way/68561219-1-380+2,way/68549340-380,DE87-380,3396.205,0.541707,0.066062
merged_way/69719498-1-220+1,DE113-220,way/93278553-220,983.112,0.440361,0.08778
merged_way/71503500-1-220+1,DE82-220,DE84-220,491.556,0.63849,0.127274
merged_way/72658449-220+5,DE78-220,way/59925390-220,983.112,0.864466,0.172319
merged_way/81354098-2-220+2,way/24921206-220,way/59925390-220,983.112,0.853476,0.170128
merged_way/72658499-1-220+1,DE78-220,way/22944791-220,491.556,1.528276,0.30464
way/28051449-380,way/953015049-380,DE28-380,1698.103,1.959919,0.239014
way/167609849-380,way/27739871-380,DE28-380,5094.308,0.725777,0.088509
way/24604796-380,way/24604789-380,DE28-380,3396.205,2.09167,0.255082
merged_way/73965404-380+2,way/25044557-380,DE112-380,1698.103,1.669585,0.203608
way/81234908-1-380,DE110-380,DE112-380,3396.205,0.815876,0.099497
merged_way/73965410-1-380+1,DE111-380,way/25043127-380,3396.205,0.628617,0.076661
merged_way/74003850-380+2,way/170123812-380,DE26-380,3396.205,10.597809,1.292416
way/729102365-380,DE24-380,DE26-380,3396.205,1.513196,0.184536
merged_way/74003877-380+1,DE27-380,way/942448206-380,3396.205,0.331613,0.040441
relation/252583-380,way/22973070-380,way/942448206-380,1698.103,3.983166,0.485752
relation/252584-380,way/22973070-380,way/942448206-380,1698.103,3.983166,0.485752
way/550112563-380,way/414169327-380,way/942448206-380,3396.205,5.133498,0.626036
merged_way/781370722-2-220+3,DE35-220,way/33411203-220,491.556,1.26957,0.25307
relation/2450379-220,way/114319248-220,way/33411203-220,491.556,18.515329,3.690763
merged_way/781651113-220+1,way/829116805-220,way/1128250707-220,983.112,3.909412,0.779285
merged_way/79174485-220+1,DE129-220,way/22761692-220,1966.224,0.568518,0.113326
merged_way/79174500-380+2,DE114-380,DE110-380,3396.205,1.536121,0.187332
merged_way/81234910-1-380+4,way/91854336-380,DE110-380,1698.103,0.356112,0.043428
merged_way/79174511-2-220+4,DE93-220,way/23380800-220,491.556,1.453815,0.289797
way/292627381-220,DE93-220,way/23380800-220,983.112,0.725247,0.144568
merged_way/81234910-2-220+1,way/91854336-220,DE110-220,491.556,0.435664,0.086843
relation/1109616-220,way/24921206-220,way/150267232-220,491.556,1.032776,0.205869
relation/1109619-220,way/24921206-220,way/150267232-220,491.556,1.032776,0.205869
merged_way/82131058-220+1,DE105-220,DE102-220,983.112,0.819775,0.16341
way/68677653-2-220,way/35763480-220,DE102-220,491.556,2.205252,0.439585
way/32672606-220,DE105-220,DE96-220,983.112,2.797133,0.557568
merged_way/82763143-1-380-a+1,way/78441561-380,way/24976300-380,1698.103,5.748331,0.701016
relation/3732390-380-b,way/77697810-380,way/24976300-380,3396.205,7.767782,0.94729
way/73306291-220,way/24976300-220,DE204-220,983.112,6.552315,1.306109
way/1293441399-220,DE206-220,DE204-220,491.556,0.880579,0.175531
way/1117834635-380,way/27919734-380,DE117-380,3396.205,1.462115,0.178307
way/51497698-1-380,way/27919734-380,way/49577401-380,3396.205,0.962498,0.117378
merged_way/842119255-2-220+3,way/27919734-220,way/24839976-220,983.112,1.63412,0.325738
relation/17189379-220,way/27919734-220,way/31762305-220,491.556,3.317276,0.661251
relation/17189385-220,way/27919734-220,way/49577401-220,491.556,2.346846,0.46781
relation/17189380-220,way/31762305-220,way/49577401-220,491.556,0.99076,0.197494
relation/1897790-220,way/31762305-220,way/49577401-220,491.556,0.98613,0.196571
relation/1897791-220,way/31762305-220,way/49577401-220,491.556,0.99076,0.197494
merged_way/842418530-1-380+2,DE104-380,DE95-380,3396.205,2.233337,0.272358
merged_way/842418532-380+6,DE104-380,way/25943440-380,3396.205,5.356852,0.653275
relation/12900764-380,way/957746797-380,way/25943440-380,1698.103,7.874494,0.960304
relation/3873611-380,way/957746797-380,way/25943440-380,1698.103,7.874494,0.960304
merged_way/844115029-1-380+1,DE50-380,way/979801144-380,3396.205,2.488706,0.303501
relation/114742-380,way/1089769599-380,way/1280364401-380,1698.103,1.360518,0.165917
relation/5374815-380,way/1089769599-380,way/1280364401-380,1698.103,1.360518,0.165917
merged_way/87201062-380+2,way/42049947-380,DE209-380,1698.103,3.994324,0.487113
way/169240672-380,DE168-380,way/147521567-380,3396.205,0.756096,0.092207
way/24686637-380,DE168-380,way/24685992-380,3396.205,2.382289,0.290523
relation/3756857-220-c,way/89176956-220,way/151967290-220,983.112,3.473456,0.692383
relation/3803496-220-b,way/89176939-220,way/151967290-220,983.112,3.094096,0.616763
relation/3756858-220-b,way/89176956-220,way/89176939-220,983.112,0.374482,0.074647
way/89176927-220,way/89176939-220,way/63089603-220,983.112,1.549121,0.308795
merged_way/908473140-380+1,DE147-380,way/152403632-380,3396.205,0.708624,0.086418
relation/1083990-380-c,way/92165128-380,way/152403632-380,1698.103,18.026821,2.198393
merged_way/920094545-380+2,way/22964137-380,DE91-380,3396.205,1.27612,0.155624
relation/12479461-380-a,way/22964137-380,DE96-380,1698.103,0.839908,0.102428
relation/12479462-380-a,way/22964137-380,DE96-380,1698.103,0.839908,0.102428
merged_way/92165135-1-380+2,way/33816726-380,way/92165128-380,3396.205,1.380775,0.168387
merged_way/953719575-220+3,way/952004951-220,DE60-220,983.112,2.310661,0.460597
merged_way/953738997-1-380+2,way/810315511-380,DE57-380,3396.205,1.280273,0.156131
merged_way/953757611-220+3,DE40-220,DE43-220,983.112,1.390089,0.277094
way/231006629-220,way/30017786-220,DE43-220,983.112,1.247198,0.248611
way/133787551-220,way/50729129-220,way/210191809-220,983.112,3.678494,0.733255
merged_way/95979139-1-380+1,DE181-380,way/46584363-380,1698.103,0.520703,0.0635
merged_way/971780154-2-380-b+2,way/33169401-380,way/26472665-380,1698.103,9.167987,1.118047
relation/14435819-380,way/26474759-380,way/26472665-380,1698.103,11.92179,1.453877
relation/3883858-380,way/26474759-380,way/26472665-380,1698.103,11.92179,1.453877
relation/904158-380,way/32690742-380,way/26472665-380,1698.103,28.821835,3.514858
merged_way/997957650-380+8,way/951773852-380,way/32904794-380,3396.205,6.463783,0.788266
way/1002012655-380,way/951773852-380,way/951273401-380,3396.205,0.384315,0.046868
merged_way/998005837-2-220+1,DE23-220,DE24-220,491.556,0.383498,0.076445
way/34942575-220,DE27-220,DE24-220,983.112,2.264303,0.451356
way/257482750-220,DE23-220,way/940636813-220,983.112,0.576316,0.11488
relation/1000670-380,way/1094015892-380,way/32063539-380,1698.103,8.611146,1.05014
relation/1021991-380,way/1094015892-380,way/32063539-380,1698.103,8.611146,1.05014
relation/1636750-380,DE5-380,way/32063539-380,1698.103,1.799861,0.219495
relation/1022003-380,way/234171369-380,way/1094015892-380,1698.103,11.477049,1.39964
relation/1022004-380,way/30040568-380,way/1094015892-380,1698.103,17.504848,2.134738
relation/145510-380-d,DE9-380,way/1094015892-380,1698.103,10.505811,1.281196
relation/10492657-220-b,way/23161029-220,way/32843531-220,491.556,8.341484,1.662754
relation/3739951-220-b,way/23161029-220,way/32843531-220,491.556,8.341484,1.662754
relation/2247306-220,way/156673637-220,way/32843531-220,491.556,20.355595,4.057594
relation/3739953-220,way/157164284-220,way/32843531-220,491.556,47.722921,9.512875
relation/3739954-220,way/157164284-220,way/32843531-220,491.556,47.722921,9.512875
relation/10588954-380,way/32843531-380,way/157328339-380,1698.103,20.630123,2.515869
relation/3707292-380,way/32843531-380,way/157328339-380,1698.103,20.630123,2.515869
relation/2247028-380,way/943135226-380,way/157328339-380,1698.103,20.431766,2.491679
relation/2247029-380,way/943135226-380,way/157328339-380,1698.103,20.431766,2.491679
relation/12479136-380-b,way/35763480-380,way/22964137-380,1698.103,2.077256,0.253324
relation/12479137-380,way/32472806-380,way/22964137-380,1698.103,4.023032,0.490614
relation/1082948-380,way/24268944-380,DE141-380,1698.103,3.001397,0.366024
relation/1082953-380-a,way/25426571-380,DE141-380,1698.103,0.474711,0.057892
relation/1082953-380-b,DE141-380,way/870598507-380,1698.103,3.590712,0.437892
relation/1082955-380,DE141-380,way/870598507-380,1698.103,3.590712,0.437892
relation/1083988-220-a,way/22767509-220,way/152403632-220,983.112,7.634021,1.521732
relation/1084032-220-b,way/27871140-220,way/29374542-220,983.112,1.703993,0.339666
relation/1109593-380-b,DE69-380,DE75-380,1698.103,1.202008,0.146586
relation/1109599-380-b,DE69-380,DE75-380,1698.103,1.202008,0.146586
way/109505609-1-380,DE69-380,way/121199242-380,1698.103,0.751892,0.091694
relation/1109600-220,way/42507488-220,way/24414688-220,491.556,7.520479,1.499099
relation/11374897-220,way/24858617-220,way/24414688-220,491.556,0.529402,0.105529
relation/3763835-220,way/24858617-220,way/24414688-220,491.556,0.529402,0.105529
relation/11223311-380,way/946025110-380,way/398680313-380,1698.103,26.443118,3.22477
relation/907513-380,way/29713902-380,way/398680313-380,1698.103,25.17258,3.069827
relation/2928165-380,way/943939310-380,way/398680313-380,1698.103,28.753796,3.50656
relation/11223312-380,way/398680313-380,way/28729619-380,1698.103,1.938719,0.236429
relation/14597254-380,way/398680313-380,way/940922557-380,1698.103,16.202111,1.975867
relation/3302864-380,way/398680313-380,way/940922557-380,1698.103,15.234465,1.857862
relation/3306342-380,way/157328339-380,way/940922557-380,1698.103,21.886635,2.669102
relation/3306343-380,way/157328339-380,way/940922557-380,1698.103,21.886635,2.669102
relation/2928166-380,way/943939310-380,way/940922557-380,1698.103,43.970448,5.36225
relation/902597-380,way/28729619-380,way/940922557-380,1698.103,13.30369,1.622401
relation/1123975-220,DE92-220,way/24921206-220,491.556,2.560947,0.510488
relation/1123976-220,DE92-220,way/24921206-220,491.556,2.539293,0.506171
relation/1224880-220,way/37554416-220,way/24921206-220,491.556,2.989156,0.595845
relation/1224881-220,way/37554416-220,way/24921206-220,491.556,2.989156,0.595845
relation/112810-220-b,way/24158385-220,way/26245195-220,983.112,0.842561,0.167952
relation/1820695-220-b,way/24158385-220,way/75865676-220,983.112,7.73323,1.541508
relation/114252-220,way/24237879-220,way/18629425-220,983.112,4.636243,0.924168
way/30859575-220,way/24237879-220,DE211-220,983.112,7.52142,1.499286
relation/11518116-380,way/29713902-380,DE103-380,1698.103,1.041222,0.126978
relation/11518117-380,way/29713902-380,DE103-380,1698.103,1.041222,0.126978
relation/902595-380,way/29713902-380,way/946025110-380,1698.103,12.57278,1.533266
relation/1177425-220,way/946710698-220,way/1091984573-220,491.556,16.999183,3.388541
relation/1177426-220,way/946710698-220,way/1091984573-220,491.556,16.999183,3.388541
relation/1188569-400,way/170123812-400,way/39428977-400,1787.476,6.283152,0.766238
relation/2239286-400,way/170123812-400,way/39428977-400,1787.476,6.283152,0.766238
relation/1190715-220-a,way/1040551074-220,way/91854336-220,491.556,1.530413,0.305066
relation/1225767-220-a,way/92024105-220,way/91854336-220,491.556,1.663684,0.331631
way/24479976-2-220,DE107-220,way/91854336-220,1474.668,0.177362,0.035355
relation/12006830-380,way/31024391-380,way/1134105414-380,1698.103,1.275306,0.155525
relation/12198594-380,way/142487746-380,DE20-380,1698.103,6.67321,0.813806
way/301953423-380,way/142487746-380,way/797009308-380,3396.205,1.630348,0.198823
relation/12198595-380,DE20-380,way/142487746-380,1698.103,6.66905,0.813299
way/61910372-380,way/32042992-380,way/142487746-380,3396.205,0.646007,0.078781
relation/12300319-380,way/149256409-380,way/24757392-380,1698.103,13.939629,1.699955
relation/5486612-380,way/149256409-380,way/24757392-380,1698.103,13.939629,1.699955
relation/3732386-380,way/24758329-380,way/24757392-380,1698.103,14.272529,1.740552
relation/3732387-380,way/24757833-380,way/24757392-380,1698.103,10.676292,1.301987
relation/3874448-380,way/28613721-380,way/24757392-380,1698.103,19.908669,2.427886
relation/5805467-380,way/24757393-380,way/24757392-380,1698.103,5.271807,0.642903
relation/14488153-380,way/149256409-380,way/25746125-380,1698.103,1.985387,0.24212
relation/3739955-380,way/149256409-380,way/25746125-380,1698.103,1.985387,0.24212
relation/2952534-380,way/149256409-380,way/1086825107-380,1698.103,12.403244,1.512591
relation/2952535-380,way/149256409-380,way/1086825107-380,1698.103,12.403244,1.512591
relation/3732383-380,way/24757392-380,way/1086825107-380,1698.103,13.809584,1.684096
relation/3805411-380,way/24757392-380,way/1086825107-380,1698.103,13.809584,1.684096
way/128277649-380,DE134-380,way/1086825107-380,3396.205,6.36405,0.776104
relation/3533700-380-a,way/149256409-380,way/143882655-380,1698.103,13.840649,1.687884
relation/7191351-380-a,way/149256409-380,way/143882655-380,1698.103,13.840649,1.687884
relation/129420-380,way/29309786-380,way/143882655-380,1698.103,31.913764,3.891922
relation/129422-380,way/948341123-380,way/143882655-380,1698.103,17.859221,2.177954
relation/12300322-220,way/156673637-220,way/167352587-220,491.556,9.688928,1.931348
relation/3742238-220,way/156673637-220,way/167352587-220,491.556,9.688928,1.931348
relation/2247304-220,way/156673637-220,way/943135226-220,491.556,29.672472,5.914778
relation/2247305-220,way/32843531-220,way/943135226-220,491.556,15.612099,3.112046
relation/3730414-220,way/173112252-220,way/943135226-220,491.556,9.08465,1.810894
relation/4815174-220,way/173112252-220,way/943135226-220,491.556,9.08465,1.810894
relation/12479461-380-b,DE96-380,way/24667346-380,1698.103,1.778044,0.216835
relation/12479462-380-b,DE96-380,way/24667346-380,1698.103,1.778044,0.216835
relation/12819660-380,way/29309786-380,way/148446247-380,1698.103,12.468576,1.520558
relation/3688563-380,way/29309786-380,way/148446247-380,1698.103,12.468576,1.520558
relation/12819661-380,way/42410916-380,way/148446247-380,1698.103,21.959795,2.678024
relation/3688562-380,way/42410916-380,way/148446247-380,1698.103,21.959795,2.678024
relation/270536-380,way/29309786-380,way/948341123-380,1698.103,14.317571,1.746045
relation/1641757-380,way/42410916-380,way/42372159-380,1698.103,1.032204,0.125878
relation/3866871-380,way/42410916-380,way/55069713-380,1698.103,7.352175,0.896607
relation/3866872-380,way/42410916-380,way/499165542-380,1698.103,27.79111,3.38916
relation/3866873-380,way/55069713-380,way/499165542-380,1698.103,20.584394,2.510292
relation/12842816-380,way/301158539-380,way/449010725-380,1698.103,3.945902,0.481208
relation/12842817-380,way/301158539-380,way/449010725-380,1698.103,3.945902,0.481208
relation/12896838-380,way/499165542-380,way/108797675-380,1698.103,0.670384,0.081754
relation/12896839-380,way/499165542-380,way/108797675-380,1698.103,0.670384,0.081754
relation/3866874-380,way/499165542-380,way/108797675-380,1698.103,0.682106,0.083184
relation/3866875-380-b,way/499165542-380,way/108797675-380,1698.103,0.675435,0.08237
relation/3694014-380,way/145002769-380,way/108797675-380,1698.103,22.644219,2.76149
relation/3694018-380,way/31653753-380,way/108797675-380,1698.103,13.319281,1.624303
relation/13073144-220,DE47-220,way/26472665-220,491.556,6.207535,1.237382
relation/14236924-380,way/157328339-380,way/1068350839-380,1698.103,17.407322,2.122844
relation/3885043-380,way/157328339-380,way/157806991-380,1698.103,23.106987,2.817925
relation/3885044-380,way/157328339-380,way/157806991-380,1698.103,23.106987,2.817925
relation/2927579-380,way/941805476-380,way/157806991-380,1698.103,11.32197,1.380728
relation/2927580-380,way/941805476-380,way/157806991-380,1698.103,11.32197,1.380728
relation/919059-380,way/30164703-380,way/157806991-380,1698.103,5.388473,0.657131
relation/919060-380,way/30164703-380,way/157806991-380,1698.103,5.388473,0.657131
relation/142684-220,way/27739871-220,way/33042984-220,491.556,22.52783,4.490597
way/128975976-220,way/30109913-220,way/33042984-220,983.112,7.262025,1.44758
relation/3109536-220,way/27739871-220,way/23682013-220,491.556,12.805091,2.55251
relation/67129-220,way/27739871-220,way/23682013-220,491.556,12.805091,2.55251
relation/14510605-380,way/289836713-380,way/1089769599-380,1698.103,3.484607,0.424952
relation/14510606-380,way/289836713-380,way/1089769599-380,1698.103,3.484607,0.424952
relation/14510647-380-a,way/603661085-380,way/289836713-380,1698.103,5.577064,0.68013
relation/14510648-380,way/603661085-380,way/289836713-380,1698.103,5.577064,0.68013
relation/14510907-380,way/1102237380-380,way/275466323-380,1698.103,0.757604,0.092391
relation/14510979-380,way/58429825-380,way/30164703-380,1698.103,2.344717,0.285941
relation/14510980-380,way/58429825-380,way/30164703-380,1698.103,2.344717,0.285941
relation/919119-380,way/941198517-380,way/30164703-380,1698.103,15.283272,1.863814
relation/919121-380,way/941198517-380,way/30164703-380,1698.103,15.283272,1.863814
relation/14514288-380,way/143854536-380,way/31653753-380,1698.103,11.520168,1.404898
relation/3694017-380,way/143854536-380,way/42050342-380,1698.103,13.602147,1.658798
relation/14514411-220,way/28397771-220,DE52-220,491.556,9.997932,1.992943
relation/3888202-220-b,way/28397771-220,DE52-220,491.556,9.997932,1.992943
relation/3873615-220,way/28397771-220,way/23135618-220,491.556,3.33313,0.664411
relation/8470162-220,way/28397771-220,way/23135618-220,491.556,3.33313,0.664411
way/24605510-220,way/28397771-220,DE51-220,983.112,4.502384,0.897485
relation/14543718-220,way/1091984573-220,DE2-220,1474.668,8.652244,1.7247
way/1205463623-220-a,way/1091984573-220,DE3-220,491.556,23.687899,4.72184
way/907494428-380,way/851299584-380,way/274603394-380,3396.205,0.176453,0.021519
relation/14595857-380-c,DE161-380,DE162-380,1698.103,1.200613,0.146416
relation/1641702-380-a,way/24685992-380,DE162-380,1698.103,2.949488,0.359694
relation/1641706-380-a,way/24685992-380,DE162-380,1698.103,2.949488,0.359694
relation/1641702-380-d,DE161-380,way/38661452-380,1698.103,0.516799,0.063024
way/1120289993-1-380,DE161-380,way/23641079-380,5094.308,0.31017,0.037826
relation/14595857-380-e,DE162-380,way/169244940-380,1698.103,1.811938,0.220968
relation/1641706-380-b,DE162-380,way/169244940-380,1698.103,1.811938,0.220968
way/169236154-380,DE162-380,DE156-380,3396.205,4.600253,0.561006
relation/14617003-380-a,way/442199284-380,DE119-380,3396.205,1.012586,0.123486
relation/3707291-380-a,way/442199284-380,DE119-380,3396.205,1.012586,0.123486
relation/14617003-380-b,DE119-380,way/32843531-380,3396.205,1.479005,0.180366
relation/3707291-380-b,DE119-380,way/32843531-380,3396.205,1.479005,0.180366
relation/1605946-220,way/24667346-220,way/83916207-220,491.556,6.700401,1.335628
relation/1605949-220,way/24667346-220,way/83916207-220,491.556,6.700401,1.335628
way/284698723-220,way/24667346-220,way/698870101-220,491.556,1.374691,0.274025
relation/1633120-380,way/24413992-380,DE49-380,1698.103,0.441339,0.053822
way/151469597-380,way/24413992-380,DE49-380,3396.205,0.19147,0.02335
way/148474410-380,way/24413992-380,way/42681484-380,3396.205,3.556401,0.433707
relation/1636863-380,way/24230738-380,way/24604789-380,1698.103,11.217981,1.368046
relation/1636866-380,way/24230738-380,way/24604789-380,1698.103,11.217981,1.368046
relation/1636864-380,way/24230738-380,way/957746797-380,1698.103,3.691178,0.450144
relation/1636865-380,way/24230738-380,way/957746797-380,1698.103,3.691178,0.450144
relation/4430965-380-b,way/26383042-380,way/957746797-380,1698.103,6.539839,0.797541
relation/1637163-380,way/167695568-380,way/1280840211-380,1698.103,6.558842,0.799859
relation/9981859-380,way/167695568-380,way/1280840211-380,1698.103,6.558842,0.799859
way/31742764-380,way/32042992-380,way/1280840211-380,3396.205,1.599534,0.195065
relation/1641463-380-a,way/85523877-380,DE205-380,1698.103,0.367125,0.044771
relation/1641474-380-a,way/85523877-380,DE205-380,1698.103,0.367125,0.044771
way/108388744-380,way/41389594-380,DE205-380,3396.205,1.861326,0.226991
relation/1641463-380-b,DE205-380,DE202-380,1698.103,1.103748,0.134603
relation/1641474-380-b,DE205-380,DE202-380,1698.103,1.103748,0.134603
relation/1641463-380-c,DE202-380,way/1093896544-380,1698.103,4.830579,0.589095
relation/1641474-380-c,DE202-380,way/1093896544-380,1698.103,4.830579,0.589095
way/1104699062-380,DE200-380,way/1093896544-380,3396.205,0.301161,0.036727
relation/1641463-380-e,way/1093896544-380,way/88945213-380,1698.103,5.199257,0.634056
relation/1641474-380-e,way/1093896544-380,way/88945213-380,1698.103,5.199257,0.634056
relation/1641722-220,way/23641079-220,DE160-220,983.112,0.487305,0.097137
relation/1641756-380,way/42372159-380,way/23284340-380,1698.103,5.00089,0.609865
relation/1659072-380,way/121199242-380,way/425100082-380,1698.103,1.452199,0.177098
relation/1735138-220-a,way/145680894-220,DE175-220,491.556,11.549569,2.30224
relation/1735138-220-c,DE175-220,way/89215122-220,491.556,6.361292,1.268032
way/131956209-1-220,DE177-220,way/89215122-220,983.112,0.54448,0.108534
relation/2140374-220,way/559702819-220,way/672738029-220,491.556,0.856607,0.170752
relation/3730420-380,way/943135226-380,way/942771541-380,1698.103,21.022319,2.563697
relation/3730421-380,way/109917397-380,way/942771541-380,1698.103,11.75526,1.433568
relation/3730422-380,way/943135226-380,way/109917397-380,1698.103,9.273917,1.130966
way/1311473763-380,way/943135226-380,DE142-380,3396.205,0.813895,0.099255
way/157331464-380,way/943135226-380,CZ2-380,3396.205,6.357773,0.775338
way/58870477-380,way/943135226-380,DE149-380,3396.205,3.220514,0.392746
relation/2247333-380,way/1086825107-380,way/943135226-380,1698.103,25.479059,3.107202
relation/2247334-380,way/156673637-380,way/943135226-380,1698.103,15.2071,1.854524
relation/2247335-380,way/1086825107-380,way/156673637-380,1698.103,11.177101,1.363061
way/345674979-1-380,way/1245826064-380,DE152-380,1698.103,0.376791,0.04595
way/345675089-380,DE146-380,DE152-380,3396.205,2.272975,0.277192
relation/3861966-220,way/32725957-220,way/32725958-220,491.556,0.775382,0.154561
relation/2910798-380,way/1089911133-380,way/30040568-380,1698.103,21.461301,2.617232
relation/2910799-380,way/1089911133-380,way/234171369-380,1698.103,27.322762,3.332044
relation/3730416-380,way/941805476-380,way/59026005-380,1698.103,13.9371,1.699646
relation/3738981-380,way/941805476-380,way/59026005-380,1698.103,13.9371,1.699646
relation/2927597-380,way/157806991-380,DE99-380,1698.103,1.469626,0.179223
relation/2927598-380,way/157806991-380,DE99-380,1698.103,1.469626,0.179223
relation/2927599-380-a,way/157806991-380,DE99-380,1698.103,1.581246,0.192835
relation/2927600-380-a,way/157806991-380,DE99-380,1698.103,1.581246,0.192835
relation/3028644-220,way/24415232-220,DE71-220,491.556,0.673433,0.134239
relation/3098194-220,way/24262656-220,way/24272541-220,491.556,3.233962,0.644644
relation/3098195-220,way/24262656-220,way/24272541-220,491.556,3.233962,0.644644
way/231006638-220,way/24262656-220,way/30017786-220,983.112,1.015147,0.202355
relation/3109630-380,way/27739871-380,way/24413992-380,1698.103,17.867934,2.179016
relation/67131-380,way/27739871-380,way/24413992-380,1698.103,17.867934,2.179016
relation/3697399-380-b,DE185-380,DE184-380,3396.205,0.128493,0.01567
way/43688806-380,DE185-380,DE184-380,1698.103,0.257857,0.031446
relation/3707293-380,way/143882655-380,way/442199284-380,1698.103,25.675522,3.131161
relation/5507286-380,way/143882655-380,way/442199284-380,1698.103,25.675522,3.131161
way/157807786-380,way/714098678-380,way/442199284-380,3396.205,0.429001,0.052317
way/39676389-380,way/143882655-380,DE134-380,3396.205,3.18076,0.387898
relation/3710278-380-b,way/76246159-380,way/18629425-380,3396.205,6.18295,0.754018
relation/3717718-400,way/32196554-400,way/87653464-400,1787.476,7.736392,0.943462
relation/3717719-220,way/81638061-220,way/87653464-220,491.556,5.510181,1.098375
relation/3730417-380,way/59026005-380,way/111615226-380,1698.103,3.684047,0.449274
relation/3730418-380,way/59026005-380,way/111615226-380,1698.103,3.700453,0.451275
relation/3732172-380-b,way/24705761-380,way/137602559-380,3396.205,12.345066,1.505496
relation/3874451-380,way/24705761-380,way/24757393-380,1698.103,19.919356,2.42919
relation/3874452-380,way/24705761-380,way/28613721-380,1698.103,6.652241,0.811249
relation/3732388-380-b,way/24757392-380,DE158-380,1698.103,9.136268,1.114179
relation/3732384-380,way/108797675-380,way/24758329-380,1698.103,8.750569,1.067143
relation/3732385-380,way/108797675-380,way/24757833-380,1698.103,12.23421,1.491977
relation/3874449-380,way/108797675-380,way/24705761-380,1698.103,21.642381,2.639315
relation/3874450-380,way/108797675-380,way/24705761-380,1698.103,21.642381,2.639315
relation/3738982-380,way/942771541-380,way/941805476-380,1698.103,8.994537,1.096895
relation/7854464-380,way/942771541-380,way/941805476-380,1698.103,8.994537,1.096895
relation/3742237-220,way/943135226-220,way/1081302145-220,491.556,5.369686,1.070369
relation/4713421-220,way/943135226-220,way/1081302145-220,491.556,5.369686,1.070369
relation/3742239-220,way/143882655-220,way/157164284-220,491.556,19.910367,3.968844
relation/3742240-220,way/143882655-220,way/157164284-220,491.556,19.910367,3.968844
relation/3749524-380,way/30303506-380,way/30954714-380,3396.205,0.805644,0.098249
relation/3749525-380,way/30954714-380,way/22973070-380,5094.308,0.449871,0.054862
relation/3749527-380-a,way/30132758-380,way/43163132-380,3396.205,0.925731,0.112894
relation/3749845-220,way/77694901-220,way/24759324-220,983.112,6.874137,1.37026
relation/3749846-220,way/954971276-220,way/24759324-220,983.112,11.039292,2.200523
relation/3749848-220,way/24768051-220,way/24759324-220,491.556,7.318884,1.458914
way/204814208-220,way/77694901-220,DE201-220,983.112,8.989455,1.791918
way/115569716-220,way/91080806-220,DE201-220,983.112,3.625122,0.722616
relation/3749850-220-a,way/133342285-220,way/24158385-220,491.556,9.815547,1.956587
relation/5247406-220-a,way/18629425-220,way/24158385-220,491.556,11.900369,2.372167
relation/69488-220-a,way/18629425-220,way/24158385-220,491.556,11.900369,2.372167
relation/3749851-220,way/137602559-220,way/133342285-220,491.556,12.031473,2.3983
relation/3749855-380,way/26245195-380,way/77697810-380,5094.308,5.029556,0.61336
relation/3756990-380,way/81641090-380,way/82773910-380,3396.205,4.818395,0.587609
relation/3756991-220,way/129378915-220,way/82773910-220,491.556,6.15393,1.226697
relation/3861963-220,way/28956649-220,way/29417741-220,491.556,10.732516,2.139372
relation/3861964-220,way/111973179-220,way/42861703-220,491.556,1.073324,0.213952
relation/3862869-380,way/24604789-380,way/202164315-380,1698.103,1.31855,0.160799
relation/3862874-220-b,way/23816140-220,way/274621059-220,491.556,7.974863,1.589674
relation/3952096-220,way/33042984-220,way/274621059-220,491.556,4.386795,0.874444
relation/3866868-220,way/499165542-220,DE163-220,491.556,1.910775,0.380885
relation/3866869-220,way/499165542-220,way/24705761-220,491.556,27.313923,5.444636
relation/3883856-380,way/24258096-380,way/26474759-380,1698.103,6.433727,0.784601
relation/5207092-380,way/24258096-380,way/26474759-380,1698.103,6.433727,0.784601
relation/3883857-380,DE44-380,way/26474759-380,1698.103,1.333286,0.162596
way/186397898-380,way/525964629-380,DE6-380,6792.41,0.327216,0.039904
way/32267173-380,way/87722999-380,DE6-380,3396.205,0.380598,0.046414
relation/3888200-220-a,way/957746797-220,way/28397771-220,491.556,10.330434,2.059223
relation/3889743-220-b,way/35176751-220,way/27646106-220,491.556,7.470892,1.489214
relation/945143-220-b,way/35176751-220,way/27124619-220,491.556,9.583015,1.910236
relation/3889744-220-b,way/27646106-220,way/27124619-220,491.556,5.835258,1.163174
relation/3889745-220,way/1089769599-220,way/60032354-220,491.556,5.548815,1.106076
relation/3937928-220,way/25943440-220,DE63-220,491.556,1.954119,0.389525
relation/3943779-220,way/28008024-220,way/1191459479-220,491.556,14.562293,2.902783
relation/5334826-220,way/28008024-220,way/1191459479-220,491.556,14.562293,2.902783
relation/3943780-220-c,way/24705761-220,way/954971276-220,983.112,5.73683,1.143554
relation/7054743-220-b,way/24705761-220,way/24768051-220,983.112,14.02055,2.794794
relation/395087-380,way/29084374-380,way/28099187-380,1698.103,40.07204,4.886834
relation/965662-380,way/29084374-380,way/28477054-380,1698.103,27.028158,3.296117
way/232071584-220,way/33042984-220,DE36-220,491.556,6.118511,1.219637
relation/4441426-220,way/28227099-220,way/151507370-220,983.112,0.351557,0.070078
way/243380065-220,way/28227099-220,way/97857512-220,983.112,0.550532,0.109741
relation/445559-380-a,way/44717036-380,DE17-380,1698.103,2.000649,0.243982
relation/5497488-380-b,DE14-380,DE13-380,1698.103,0.9474,0.115537
relation/5497490-380-b,DE14-380,DE13-380,1698.103,0.9474,0.115537
relation/5581798-380-a,way/941198517-380,DE58-380,1698.103,1.692487,0.206401
relation/5581799-380-a,way/941198517-380,DE58-380,1698.103,1.645924,0.200722
relation/5581800-380-a,way/941198517-380,DE58-380,1698.103,1.621497,0.197744
relation/5581801-380-a,way/941198517-380,DE58-380,1698.103,1.645924,0.200722
relation/5581802-380-a,way/941198517-380,DE58-380,1698.103,1.621497,0.197744
relation/5581803-380-a,way/941198517-380,DE58-380,1698.103,1.692487,0.206401
way/156960646-380,way/941198517-380,DE46-380,3396.205,4.748507,0.579086
relation/6170191-400,way/81641090-400,way/82773910-400,1787.476,9.641225,1.175759
relation/6771820-380,way/1280364401-380,way/525964629-380,1698.103,2.31689,0.282548
relation/6771821-380,way/1280364401-380,way/525964629-380,1698.103,2.31689,0.282548
way/515358079-380,way/515358077-380,way/947118608-380,3396.205,2.072837,0.252785
relation/941141-220,way/23744346-220,way/157421333-220,491.556,0.615774,0.122746
relation/943999-220,way/27124619-220,DE4-220,491.556,3.554295,0.708497
relation/962120-380-a,way/206289192-380,DE31-380,1698.103,9.649168,1.176728
way/1002012656-380,way/951273401-380,way/871646309-380,3396.205,0.174161,0.021239
way/107175828-1-380,DE73-380,DE74-380,1698.103,0.306533,0.037382
way/107175828-2-220,DE73-220,DE74-220,491.556,0.375079,0.074767
way/107175832-1-380,DE70-380,DE73-380,3396.205,0.189094,0.02306
way/107175832-2-220,DE70-220,DE73-220,983.112,0.227615,0.045372
way/107271567-1-380,way/24478889-380,DE77-380,1698.103,0.897824,0.109491
way/1101762004-380,way/30039908-380,way/1222597066-380,3396.205,3.851688,0.469718
way/1104914089-1-380,DE190-380,way/22960899-380,3396.205,0.270146,0.032945
way/41460654-1-380,DE189-380,way/22960899-380,1698.103,1.533288,0.186986
way/1130668496-1-380,DE140-380,DE143-380,3396.205,0.274714,0.033502
way/1130668503-1-380,way/89043564-380,DE140-380,3396.205,0.48257,0.05885
way/1254852017-380,DE137-380,DE140-380,1698.103,0.3069,0.037427
way/1131127616-2-220,DE30-220,DE32-220,491.556,2.047041,0.408048
way/116260546-220,way/22761692-220,DE126-220,1966.224,0.211235,0.042107
way/22762380-220,way/1118059105-220,DE126-220,983.112,0.401922,0.080117
way/125690613-220,DE206-220,way/81540198-220,983.112,0.377514,0.075252
way/125690616-220,DE206-220,way/81540198-220,983.112,0.370662,0.073886
way/118351425-220,way/28812249-220,way/27739871-220,983.112,6.690672,1.333689
way/1222462381-1-220,way/942448206-220,DE27-220,491.556,0.775391,0.154563
way/148211531-380-b,DE134-380,way/148211527-380,1698.103,0.891147,0.108677
way/128461828-380-b,way/198448981-380,way/373967500-380,3396.205,1.885783,0.229974
way/128478125-1-380,DE172-380,way/151967291-380,3396.205,1.299698,0.1585
way/128478125-2-220,DE172-220,way/151967291-220,983.112,1.589485,0.316841
way/1293441403-220,DE204-220,DE206-220,491.556,0.882249,0.175864
way/91086218-220,DE203-220,DE206-220,1966.224,0.388596,0.077461
way/296529805-2-220,DE177-220,way/54359256-220,983.112,2.583507,0.514985
way/92913327-2-220,way/207756597-220,way/54359256-220,983.112,0.854562,0.170344
way/137885048-1-220,way/89043564-220,DE137-220,491.556,1.075952,0.214475
way/143855350-1-380,DE196-380,way/26814283-380,1698.103,2.384136,0.290748
way/143901743-1-220,way/159326655-220,DE179-220,491.556,1.92503,0.383727
way/153089326-1-380,DE178-380,way/207248812-380,1698.103,0.663236,0.080882
way/151967297-1-380,DE170-380,way/42097854-380,3396.205,1.436312,0.17516
way/152297163-220,way/23140544-220,DE118-220,983.112,0.442807,0.088267
way/152924506-220,DE174-220,way/152924508-220,1966.224,0.415245,0.082773
way/156673647-1-380,way/1245867884-380,DE146-380,1698.103,1.123145,0.136969
way/156960657-380,DE46-380,way/52983550-380,3396.205,0.930563,0.113483
way/172819236-380,DE46-380,way/414169327-380,3396.205,5.581333,0.68065
way/157332863-380,DE149-380,way/166604822-380,3396.205,2.133971,0.26024
way/157332865-380,DE149-380,way/36183042-380,3396.205,0.563358,0.068702
way/159712911-220,DE137-220,DE132-220,983.112,1.93887,0.386486
way/167854736-220,way/1222597066-220,way/39688875-220,983.112,9.200834,1.834053
way/17673603-380,DE192-380,DE188-380,3396.205,2.645962,0.322678
way/196655217-1-220,way/4826893-220,way/23881272-220,1474.668,1.292329,0.257607
way/202171172-220,relation/17591073-220,way/152973139-220,983.112,0.553432,0.110319
way/222638710-220-b,DE151-220,way/1086825107-220,983.112,2.357616,0.469957
way/231735886-220,way/955268863-220,way/28812249-220,983.112,5.111377,1.018879
way/231965957-220,DE43-220,way/28227099-220,983.112,0.199972,0.039862
way/30018713-220,DE43-220,way/28227099-220,491.556,0.391351,0.07801
way/24415006-380,way/157628351-380,DE65-380,1698.103,1.689378,0.206022
way/24479976-1-380,DE107-380,way/91854336-380,5094.308,0.141603,0.017269
way/24530081-380,way/274603394-380,DE19-380,3396.205,2.618185,0.319291
way/25209869-1-380,way/22766160-380,DE144-380,1698.103,1.606011,0.195855
way/414015967-380,way/22766160-380,DE153-380,3396.205,3.328611,0.405928
way/27691050-220,DE51-220,way/288305056-220,983.112,1.568842,0.312726
way/33168244-220,DE51-220,way/957746797-220,983.112,0.231264,0.046099
way/28215364-220,way/699048438-220,DE55-220,983.112,0.788593,0.157195
way/61649945-220,DE59-220,DE55-220,983.112,1.347244,0.268554
way/286709461-380-b,way/1024536785-380,way/151967290-380,3396.205,4.216759,0.514239
way/290288900-380,way/311444692-380,way/311444691-380,6792.41,0.212305,0.025891
way/292316785-220,DE72-220,DE69-220,983.112,0.363,0.072359
way/89478841-220,DE72-220,way/787840119-220,983.112,0.252139,0.05026
way/296751942-220,DE55-220,way/30109913-220,983.112,1.942631,0.387235
way/30151837-380,DE23-380,way/940636813-380,3396.205,0.475288,0.057962
way/998005837-1-380,DE23-380,DE24-380,1698.103,0.312882,0.038156
way/30419417-380,DE19-380,DE18-380,3396.205,1.112366,0.135654
way/31669067-380,way/883768276-380,way/31024391-380,3396.205,1.329807,0.162172
way/31669070-380,way/883768277-380,way/883768276-380,1698.103,0.4179,0.050963
way/883768282-380,way/883768277-380,way/883768276-380,1698.103,0.417356,0.050897
way/49616633-380,way/883928229-380,way/883768277-380,3396.205,1.010953,0.123287
way/32950166-1-380,DE22-380,DE23-380,1698.103,0.705621,0.086051
way/33548105-1-220,way/37764852-220,DE38-220,983.112,0.428862,0.085487
way/760912582-1-220,DE42-220,DE38-220,491.556,3.005097,0.599023
way/881636336-380,DE10-380,way/881636329-380,6792.41,0.593088,0.072328
way/34897791-2-220,DE138-220,way/22766160-220,983.112,1.285737,0.256293
way/610525281-220,DE139-220,way/22766160-220,1966.224,0.429522,0.085619
way/349635742-220,DE176-220,DE180-220,983.112,0.911818,0.181758
way/39230385-380,DE153-380,way/26777313-380,3396.205,0.921006,0.112318
way/381739502-380,DE25-380,way/30132758-380,3396.205,3.056179,0.372705
way/381950155-380,way/160584794-380,DE155-380,1698.103,2.035153,0.248189
way/818506067-380,way/373967500-380,DE155-380,3396.205,5.095929,0.621455
way/38243743-1-380,DE100-380,way/87767098-380,3396.205,3.150443,0.3842
way/386594906-1-380,DE95-380,DE94-380,1698.103,0.284984,0.034754
way/40854817-380,DE186-380,DE187-380,1698.103,0.378594,0.04617
way/40854819-380,DE186-380,DE187-380,1698.103,0.377772,0.04607
way/40895968-380,way/942448206-380,DE27-380,3396.205,0.491053,0.059884
way/74003846-380,DE26-380,DE27-380,6792.41,0.176398,0.021512
way/41232147-380,way/41232144-380,DE104-380,6792.41,0.656773,0.080094
way/41339399-1-380,way/95434457-380,DE125-380,3396.205,0.326324,0.039796
way/41642831-1-220,DE211-220,DE212-220,491.556,1.140727,0.227387
way/41981221-380,way/147521567-380,way/1223405794-380,3396.205,2.649533,0.323114
way/42861709-1-380,DE56-380,way/42861703-380,1698.103,0.640038,0.078053
way/43163137-380,way/43163132-380,way/11500045-380,3396.205,0.300322,0.036625
way/59524692-380,way/46615737-380,way/11500045-380,3396.205,0.311493,0.037987
way/49746081-220,DE16-220,way/30039908-220,983.112,1.312393,0.261607
way/49746082-220-a,DE16-220,way/170123812-220,983.112,3.548501,0.707342
way/59524693-380,way/46615737-380,way/30303506-380,1698.103,1.266656,0.15447
way/60725324-1-380,way/29077623-380,DE50-380,1698.103,9.852989,1.201584
way/60869542-1-380,way/113546939-380,DE100-380,3396.205,0.505346,0.061628
way/617568394-380,way/518455594-380,DE22-380,3396.205,5.822781,0.710095
way/66038425-220,way/66038431-220,way/35763480-220,1474.668,0.370089,0.073772
way/74075920-380,way/42050342-380,way/38325076-380,3396.205,2.499032,0.30476
way/741770435-380,DE45-380,DE41-380,5094.308,0.132629,0.016174
way/77179292-1-220,way/93278553-220,way/24799890-220,983.112,1.278336,0.254818
way/786985537-380,way/947118608-380,way/518455594-380,3396.205,9.46392,1.154137
way/812676716-220-a,way/1086825107-220,DE151-220,983.112,2.369299,0.472286
way/812686808-220,way/152219167-220,DE151-220,491.556,2.595448,0.517365
way/82077681-1-380,DE91-380,DE88-380,1698.103,3.219006,0.392562
way/844075807-1-380,way/844075808-380,DE54-380,3396.205,1.198414,0.146148
way/844126084-380,way/799361667-380,way/844075808-380,1698.103,0.769141,0.093798
way/844126085-380,way/799361667-380,way/844075808-380,1698.103,0.773454,0.094324
way/844126088-380,way/799361667-380,way/844075808-380,1698.103,0.771599,0.094097
way/844126089-380,way/799361667-380,way/844075808-380,1698.103,0.775316,0.094551
way/844126090-380,way/311444691-380,way/799361667-380,3396.205,0.689998,0.084146
way/87280793-1-380,way/87767098-380,way/106096507-380,3396.205,1.15887,0.141326
way/91655776-220,DE173-220,way/145680894-220,983.112,0.590302,0.117668
way/92877623-220,DE106-220,way/92877635-220,983.112,0.23464,0.046772
way/93258454-220,DE169-220,way/24765111-220,1474.668,0.319171,0.063622
way/98382716-380,DE121-380,way/41232144-380,3396.205,2.865023,0.349393
