name,bus0,bus1,s_nom,r,x
merged_relation/1208415-380-c+1,404,435,1698.103,0.281152,2.30545
merged_relation/14592471-380-b+1,469,556,1698.103,1.233376,10.113687
merged_relation/14592735-380-c+1,459,396,1698.103,0.293281,2.404903
merged_relation/14650683-220-a+2,737,796,491.556,0.573012,2.87461
merged_relation/1636708-380-b+1,621,669,1698.103,1.462798,11.994943
merged_relation/1735055-220-a+2,691,604,491.556,4.467786,22.413393
merged_relation/1735059-220-d+2,315,691,491.556,2.401903,12.049545
merged_relation/3693986-380-c+1,291,613,1698.103,0.37325,3.060651
merged_relation/3693986-380-g+4,613,306,1698.103,0.110517,0.906242
merged_relation/3883863-380-a+1,556,555,1698.103,0.551479,4.522129
merged_relation/3916226-380-c+3,797,561,1698.103,0.69091,5.665464
merged_relation/3926258-380-b+1,641,476,3396.205,0.191266,1.568383
merged_relation/3943784-220+1,277,261,491.556,0.571147,2.865252
merged_relation/69489-380-a+1,358,482,1698.103,1.322611,10.845409
merged_way/104448814-1-380+2,687,71,3396.205,0.080541,0.660436
merged_way/105572022-1-380+2,393,215,1698.103,0.122606,1.00537
merged_way/105572022-2-220+6,222,214,491.556,0.359852,1.80526
merged_way/106337111-1-220+1,79,85,491.556,0.562196,2.820352
merged_way/106607617-220+8,214,526,983.112,0.548057,2.74942
merged_way/106607620-1-220+1,214,222,983.112,0.177867,0.892301
merged_way/106620935-1-380+1,601,71,1698.103,0.282452,2.316105
merged_way/107175372-1-380+1,210,437,3396.205,0.039057,0.320264
merged_way/107175372-2-220+1,209,436,983.112,0.078701,0.394817
merged_way/1072230175-1-380+2,318,84,1698.103,0.236584,1.939988
merged_way/1075677143-1-380+8,244,772,3396.205,0.582437,4.775985
merged_way/107686849-220+1,216,217,491.556,0.180412,0.905065
merged_way/108188242-1-220+3,432,212,491.556,0.659613,3.309059
merged_way/108388734-1-220+1,614,122,491.556,0.802858,4.027669
merged_way/108526478-2-220+2,721,126,491.556,0.091192,0.457481
merged_way/109195942-1-220+2,458,37,491.556,0.225668,1.1321
merged_way/109330042-1-380+8,71,415,3396.205,0.323615,2.653646
merged_way/1093664414-380+7,660,678,3396.205,0.57244,4.69401
merged_way/109507318-1-380+2,215,247,1698.103,0.07984,0.654687
merged_way/109507318-2-220+1,214,246,491.556,0.159324,0.799275
merged_way/109563298-1-220+1,196,278,491.556,0.183157,0.918839
merged_way/109563300-1-220+1,278,194,491.556,0.25714,1.289984
merged_way/1098393180-380+1,321,320,3396.205,0.605392,4.964214
merged_way/110379578-1-220+6,457,20,983.112,0.680654,3.414613
merged_way/111963058-3-220+7,636,160,491.556,2.521847,12.651268
merged_way/111963058-380+2,175,167,3396.205,0.395766,3.245282
merged_way/112454229-1-380+2,439,12,3396.205,0.097773,0.801736
merged_way/112454229-2-220+1,438,10,983.112,0.156575,0.785484
merged_way/1131127616-1-380+1,153,150,1698.103,0.29231,2.396943
merged_way/1131127622-380+1,584,154,1698.103,0.213618,1.75167
merged_way/114377984-1-380+6,275,598,1698.103,0.556878,4.566397
merged_way/114377984-2-220+4,158,597,491.556,1.014193,5.087866
merged_way/114518391-220+1,748,124,983.112,0.111932,0.561525
merged_way/118436919-380+1,184,178,3396.205,0.341733,2.802209
merged_way/1185493736-380+1,788,15,3396.205,0.863429,7.080119
merged_way/118904273-380+1,637,175,3396.205,0.178086,1.460302
merged_way/120494099-220+10,375,14,983.112,1.718689,8.622089
merged_way/121199247-2-220+3,196,194,491.556,0.442771,2.221236
merged_way/1241945684-1-380+1,70,69,3396.205,0.11597,0.950955
merged_way/127187723-380+1,795,779,3396.205,0.053754,0.440782
merged_way/1286792202-380+3,649,93,1698.103,0.579589,4.752627
merged_way/128714149-1-220+4,79,310,491.556,3.253089,16.319663
merged_way/128714156-380+2,283,311,6792.41,0.072309,0.592935
merged_way/129175345-380+2,270,441,3396.205,0.429528,3.522128
merged_way/131472622-380+2,104,641,3396.205,0.27089,2.221295
merged_way/132074206-220+1,744,92,983.112,0.109736,0.550508
merged_way/138220867-380+2,64,62,3396.205,0.508499,4.169691
merged_way/139305260-1-380+2,669,320,3396.205,0.294719,2.416694
merged_way/139305260-2-220+2,668,319,983.112,0.613101,3.075723
merged_way/143848416-220+1,330,91,491.556,0.979347,4.913057
merged_way/143901793-1-220+1,94,300,491.556,0.150704,0.756034
merged_way/143980167-220+3,623,82,983.112,2.180514,10.938912
merged_way/144232574-220+2,726,755,983.112,1.465814,7.353501
merged_way/145129281-1-380+5,301,98,1698.103,0.955773,7.837336
merged_way/145129281-2-220+2,97,300,491.556,1.531804,7.684551
merged_way/146086014-220+2,350,401,491.556,1.650715,8.281088
merged_way/146633582-2-220+4,367,646,491.556,0.569634,2.857664
merged_way/147964967-1-220+1,412,623,1474.668,0.184979,0.927977
merged_way/149064310-1-380+3,472,99,3396.205,0.078076,0.640222
merged_way/151689335-1-380+1,231,633,3396.205,0.047587,0.390213
merged_way/151967297-2-220+3,317,620,491.556,1.176835,5.90379
merged_way/152107801-220+4,682,333,983.112,2.721534,13.65303
merged_way/152107836-1-380+3,683,321,3396.205,0.742192,6.085976
merged_way/152403657-2-220+5,325,58,491.556,0.443528,2.225031
merged_way/152403734-380+2,68,346,3396.205,0.596263,4.889355
merged_way/152542161-220+3,330,367,983.112,0.365678,1.834484
merged_way/152924493-1-380+1,479,328,1698.103,0.592192,4.855978
merged_way/152924510-1-380+1,683,311,3396.205,0.252485,2.070375
merged_way/152924510-2-220+2,682,89,983.112,0.274321,1.376177
merged_way/153089338-220+2,330,347,983.112,0.416611,2.089998
merged_way/155269862-1-220+4,214,518,983.112,0.323085,1.620811
merged_way/155496642-1-220+1,591,434,983.112,0.176866,0.887277
merged_way/156676048-1-380+1,115,483,3396.205,0.118803,0.974188
merged_way/156684001-380+3,760,532,3396.205,0.928205,7.611282
merged_way/156960648-1-380+3,503,645,3396.205,0.676548,5.54769
merged_way/156960648-2-220+3,502,355,983.112,1.38934,6.969857
merged_way/157160048-1-380+2,269,567,1698.103,0.950316,7.792591
merged_way/157160048-2-220+3,268,566,491.556,1.899958,9.531454
merged_way/157903633-1-380+4,689,6,1698.103,0.239296,1.962231
merged_way/159685340-1-220+3,38,745,983.112,0.172874,0.867252
merged_way/160485212-1-380+6,66,605,1698.103,0.999009,8.191871
merged_way/160485212-2-220+15,379,604,491.556,3.73192,18.721797
merged_way/164112589-380+4,406,372,3396.205,0.466993,3.829339
merged_way/167299613-1-380+7,641,114,3396.205,0.538702,4.417353
merged_way/169116881-1-380+9,334,363,3396.205,1.088911,8.929067
merged_way/169536831-380+1,727,738,5094.308,0.828459,6.793365
merged_way/177838535-380+1,644,587,3396.205,1.005356,8.243919
merged_way/178708511-220+1,638,716,491.556,0.346166,1.736601
merged_way/185849924-1-220+2,23,400,983.112,0.217335,1.090299
merged_way/189574879-220+2,475,612,491.556,0.890531,4.467496
merged_way/189574885-1-380+3,613,792,1698.103,0.413566,3.391238
merged_way/190815004-220+1,536,158,983.112,0.356405,1.787967
merged_way/191254576-220+2,422,29,983.112,0.111968,0.561707
merged_way/195538144-1-380+6,561,798,1698.103,0.299559,2.456381
merged_way/195538144-2-220+4,799,560,491.556,0.597622,2.998068
merged_way/200409374-220+3,97,290,491.556,2.211953,11.09663
merged_way/200460375-1-380+2,592,129,1698.103,0.039315,0.322383
merged_way/201153707-1-380+2,378,46,1698.103,0.132684,1.088011
merged_way/201153707-2-220+2,377,45,491.556,0.266268,1.335778
merged_way/201775659-1-220+2,212,430,491.556,0.308823,1.549262
merged_way/202576764-1-380+1,80,87,3396.205,0.153952,1.262407
merged_way/202576764-2-220+1,315,86,983.112,0.466234,2.338943
merged_way/203675974-1-380+1,610,26,3396.205,0.050404,0.413317
merged_way/207488613-380+1,32,33,3396.205,0.030556,0.250561
merged_way/207578308-220+3,55,58,983.112,0.447994,2.247435
merged_way/208256287-1-380+2,532,499,1698.103,2.045603,16.773941
merged_way/208256287-2-220+2,531,498,491.556,4.087918,20.507723
merged_way/216987765-1-380+7,689,696,1698.103,0.356664,2.924645
merged_way/216987765-2-220+1,688,236,491.556,0.304006,1.525095
merged_way/219514833-380+1,483,113,3396.205,0.026792,0.219695
merged_way/219919304-220+2,526,391,983.112,0.262905,1.318905
merged_way/224460993-1-220+3,475,791,983.112,0.106394,0.533742
merged_way/22766290-1-380+3,396,378,1698.103,0.373654,3.063964
merged_way/22766290-2-220+3,395,377,491.556,0.746991,3.747405
merged_way/231741801-1-380+2,301,291,1698.103,0.555714,4.556855
merged_way/231741801-2-220+1,94,290,491.556,1.261735,6.329705
merged_way/233500126-1-380+2,499,142,1698.103,0.136047,1.115583
merged_way/23382106-380+1,792,109,3396.205,0.189147,1.551008
merged_way/23598077-220+3,531,388,983.112,1.154892,5.79371
merged_way/240543053-1-380-a+5,561,469,1698.103,3.377242,27.693381
merged_way/240543053-2-220-a+1,560,468,491.556,6.753882,33.881975
merged_way/241626236-220+2,188,627,491.556,0.096799,0.485606
merged_way/243146012-1-380+1,270,25,3396.205,0.05333,0.437306
merged_way/24428845-1-380+1,28,376,3396.205,0.110377,0.905093
merged_way/24462486-1-380+2,433,200,3396.205,0.086977,0.713209
merged_way/24479533-380+3,208,680,3396.205,0.125878,1.032204
merged_way/24493930-380+2,493,717,3396.205,0.137585,1.1282
merged_way/24523546-380+1,105,476,3396.205,0.157566,1.292039
merged_way/24532884-1-380+6,404,439,1698.103,0.413161,3.387922
merged_way/24833555-380+5,459,376,3396.205,0.332513,2.726607
merged_way/24841695-220+1,458,359,983.112,0.083312,0.417951
merged_way/24841789-220+2,458,37,983.112,0.113004,0.566903
merged_way/24846754-380+7,779,811,3396.205,0.328275,2.691859
merged_way/24864330-1-380+3,324,479,1698.103,0.971785,7.968636
merged_way/24864330-2-220+6,323,327,491.556,3.120314,15.653577
merged_way/249097291-1-220+5,636,627,491.556,1.670519,8.380436
merged_way/25028229-1-380+3,223,273,3396.205,0.124573,1.021498
merged_way/25028229-2-220+3,222,272,983.112,0.248606,1.247172
merged_way/25039686-1-380+2,215,527,3396.205,0.273696,2.244305
merged_way/25088811-220+1,384,211,983.112,0.161576,0.81057
merged_way/25090745-380+1,289,392,3396.205,0.052858,0.433437
merged_way/25314891-2-220+1,225,272,983.112,0.111993,0.56183
merged_way/25331184-380+4,493,245,3396.205,0.87787,7.198531
merged_way/25393442-1-220+4,394,185,983.112,0.696854,3.495882
merged_way/25788425-1-380+1,392,191,1698.103,0.430376,3.529084
merged_way/25788425-2-220+2,391,190,491.556,0.85957,4.312177
merged_way/259468195-1-220+2,258,659,491.556,3.11833,15.64362
merged_way/259468200-2-220+1,677,95,491.556,0.126635,0.635288
merged_way/26043880-2-220+5,236,695,491.556,0.408152,2.047562
merged_way/26281485-380+2,596,483,3396.205,0.113169,0.927989
merged_way/26403582-1-380+2,483,486,3396.205,0.193467,1.586426
merged_way/26565859-380+1,724,239,3396.205,1.256863,10.306277
merged_way/26971631-220+1,805,694,983.112,0.935513,4.693157
merged_way/26982408-1-220+1,455,241,983.112,0.265808,1.333471
merged_way/27044875-220+1,27,375,983.112,0.328645,1.648703
merged_way/27092940-1-220+1,23,27,983.112,0.2276,1.141794
merged_way/27196813-1-380+4,693,722,1698.103,1.414011,11.59489
merged_way/27196813-2-220+6,673,721,491.556,4.395825,22.052389
merged_way/27275258-220+3,100,609,983.112,1.025636,5.145276
merged_way/27335805-1-220+1,488,535,983.112,0.07439,0.373189
merged_way/277828184-1-380+1,402,78,3396.205,0.146814,1.203877
merged_way/27854188-2-220+1,796,560,983.112,0.704973,3.536615
merged_way/28112089-220+8,61,716,983.112,1.149736,5.767845
merged_way/28203625-1-380+4,456,512,3396.205,0.299219,2.453598
merged_way/28203625-2-220+4,455,511,983.112,0.598248,3.001209
merged_way/283908304-380+1,649,99,3396.205,0.243731,1.998591
merged_way/283935356-220+1,384,391,1966.224,0.050678,0.254237
merged_way/284701563-220+4,14,662,983.112,0.36069,1.809463
merged_way/284701899-220+4,14,292,983.112,1.573351,7.892979
merged_way/284925905-380+1,207,197,3396.205,0.072991,0.598528
merged_way/284965427-380+5,247,571,3396.205,0.221665,1.817651
merged_way/284969513-220+4,518,690,983.112,0.380595,1.909317
merged_way/28658059-220+3,268,551,983.112,0.879408,4.411697
merged_way/288192154-220+1,323,569,983.112,0.603779,3.02896
merged_way/28861606-380+1,111,113,3396.205,0.08761,0.718405
merged_way/290703850-380+3,631,503,3396.205,0.421666,3.457664
merged_way/291125209-1-220+1,330,347,491.556,0.823292,4.130184
merged_way/29252732-380+2,424,413,3396.205,0.362616,2.973448
merged_way/29252734-220+1,157,420,983.112,0.396792,1.990575
merged_way/29291584-380+4,39,812,3396.205,0.509979,4.181829
merged_way/29380943-220+3,272,688,983.112,0.241917,1.213617
merged_way/29472854-1-380+4,312,537,1698.103,0.063302,0.519075
merged_way/296529805-1-380+4,714,669,3396.205,0.351469,2.882045
merged_way/30132577-1-380+2,490,142,1698.103,2.990556,24.522559
merged_way/30132577-2-220+3,489,498,491.556,6.240679,31.307407
merged_way/30181272-380+1,287,269,3396.205,0.857876,7.034584
merged_way/30246219-1-380+3,116,115,3396.205,0.17845,1.46329
merged_way/30286003-220+1,568,47,983.112,0.098342,0.49335
merged_way/30416989-380+1,762,227,3396.205,0.763579,6.261347
merged_way/309079148-380+1,392,208,3396.205,0.193315,1.58518
merged_way/30970013-1-380+3,674,807,1698.103,2.455645,20.136291
merged_way/30970013-2-220+3,673,806,491.556,4.912328,24.643514
merged_way/31311091-2-220+8,383,381,983.112,0.244922,1.228691
merged_way/31333769-1-380+8,54,382,3396.205,0.160236,1.313932
merged_way/31363228-1-380+1,555,615,1698.103,2.276136,18.664315
merged_way/31363228-2-220+4,614,554,491.556,4.553612,22.843956
merged_way/31911224-220+5,533,383,983.112,0.366435,1.838284
merged_way/33174242-380+1,709,366,3396.205,0.298599,2.448515
merged_way/33813956-220+2,815,88,983.112,1.07824,5.409172
merged_way/338361032-380+2,470,372,3396.205,0.252463,2.070197
merged_way/338361038-380+2,470,213,3396.205,0.18389,1.5079
merged_way/34174571-380+5,213,2,6792.41,0.080482,0.65995
merged_way/342455286-1-380+3,596,651,3396.205,0.197567,1.620051
merged_way/345899153-1-380+1,64,284,1698.103,0.04622,0.379007
merged_way/351661145-1-220+3,403,212,491.556,0.550118,2.759761
merged_way/352376135-380+2,62,57,3396.205,0.194578,1.59554
merged_way/352376142-380+3,62,59,3396.205,0.170271,1.396226
merged_way/358953278-220+2,371,513,983.112,0.085374,0.428291
merged_way/364135875-380+4,374,376,1698.103,0.145529,1.193339
merged_way/36784592-1-380+2,376,585,3396.205,0.253468,2.078442
merged_way/36964218-1-380+2,116,117,1698.103,0.068326,0.56027
merged_way/37090208-380+3,605,346,3396.205,0.158033,1.295869
merged_way/37231119-1-220+2,501,706,491.556,0.881784,4.423616
merged_way/37826246-1-220+5,422,511,491.556,0.686132,3.442095
merged_way/37982818-220+2,583,597,983.112,0.626853,3.144714
merged_way/38139845-380+2,163,708,3396.205,0.274067,2.247348
merged_way/38243743-2-220+6,3,27,983.112,1.252745,6.284603
merged_way/39076066-1-380+1,328,683,3396.205,0.212777,1.744772
merged_way/39076066-2-220+2,327,682,983.112,0.413018,2.071976
merged_way/40162573-1-220+4,160,536,491.556,1.664692,8.351206
merged_way/40692628-220+2,569,112,983.112,0.594847,2.984147
merged_way/40801071-220+1,389,388,983.112,0.271164,1.360339
merged_way/41374778-1-380+2,32,459,1698.103,0.132158,1.083699
merged_way/41374780-1-380+3,30,512,1698.103,0.232095,1.903181
merged_way/41981221-1-220+4,304,282,491.556,1.291666,6.479859
merged_way/41981234-220+2,304,347,983.112,0.943016,4.730796
merged_way/42134967-380+2,603,485,3396.205,0.301202,2.469855
merged_way/42436308-1-380+5,625,380,1698.103,0.662398,5.431665
merged_way/42488871-380+1,626,220,3396.205,0.406783,3.335621
merged_way/42507067-380+1,184,628,3396.205,0.196993,1.615345
merged_way/42508055-1-380+1,189,628,3396.205,0.120204,0.985674
merged_way/42509126-2-220+1,194,188,983.112,0.539866,2.70833
merged_way/42557078-380+2,83,717,3396.205,0.33798,2.77144
merged_way/42809975-1-380+1,220,635,3396.205,0.035169,0.288385
merged_way/42920875-2-220+2,288,391,983.112,0.108283,0.543221
merged_way/42921001-1-380+3,223,393,1698.103,0.09081,0.744644
merged_way/43171099-220+2,606,258,983.112,2.682911,13.459272
merged_way/43575375-380+2,129,632,3396.205,0.542414,4.447797
merged_way/449010724-380+2,587,372,3396.205,1.032491,8.466423
merged_way/45394868-1-380+1,19,18,3396.205,0.04415,0.36203
merged_way/46107365-1-380+4,182,264,3396.205,0.158436,1.299174
merged_way/46107365-2-220+4,729,198,983.112,0.289501,1.45233
merged_way/46967672-1-220+1,434,595,983.112,0.181775,0.911905
merged_way/47248249-1-380+12,326,382,3396.205,0.773352,6.341488
merged_way/47297508-220+2,681,198,983.112,0.369961,1.855972
merged_way/478868126-1-380+1,117,476,1698.103,1.893377,15.525692
merged_way/478868126-2-220+2,468,475,491.556,7.44713,37.359768
merged_way/48428860-1-380+1,651,109,1698.103,0.134929,1.106422
merged_way/48906232-1-380+4,524,529,1698.103,1.283414,10.523993
merged_way/48906232-2-220+3,528,523,491.556,2.56667,12.87613
merged_way/49868531-380+3,548,702,1698.103,1.506588,12.354024
merged_way/50306784-1-380+1,738,797,3396.205,0.135582,1.111775
merged_way/50306784-2-220+1,737,796,983.112,0.270954,1.359286
merged_way/51370887-220+6,136,132,983.112,0.66306,3.326351
merged_way/521228484-380+9,814,186,3396.205,0.595362,4.881971
merged_way/54359261-2-220+1,713,92,983.112,0.188164,0.943959
merged_way/54902235-380+1,599,553,3396.205,0.397672,3.260914
merged_way/56234205-380+2,311,361,3396.205,0.867459,7.113161
merged_way/574218866-380+6,179,778,3396.205,0.557062,4.567911
merged_way/574577676-380+8,781,711,3396.205,0.373883,3.065839
merged_way/574577691-380+2,421,783,3396.205,0.285399,2.340272
merged_way/57727003-1-380+2,674,693,1698.103,0.793616,6.507654
merged_way/57786760-1-380+3,374,36,1698.103,0.068004,0.557633
merged_way/59584539-2-220+1,458,34,983.112,0.335691,1.684048
merged_way/60261709-3-220+6,685,794,491.556,2.980914,14.954252
merged_way/60261709-380+1,686,779,3396.205,0.688814,5.648274
merged_way/60725324-2-220+5,526,794,491.556,3.616681,18.143681
merged_way/60725327-1-380+4,193,186,3396.205,0.213444,1.750237
merged_way/60725327-2-220+4,192,185,983.112,0.427483,2.144539
merged_way/60725329-1-380+4,433,191,3396.205,0.199795,1.638318
merged_way/60725329-2-220+1,432,190,983.112,0.399916,2.006248
merged_way/60869542-2-220+1,272,3,983.112,0.123106,0.61758
merged_way/60924231-1-380+6,242,28,3396.205,0.160413,1.315388
merged_way/61733762-1-380+7,680,226,1698.103,0.316134,2.592296
merged_way/61733762-2-220+2,225,221,491.556,0.310751,1.558933
merged_way/61910820-1-380+6,680,484,3396.205,0.157135,1.28851
merged_way/61971060-1-380+6,151,366,1698.103,1.176073,9.6438
merged_way/62332171-380+3,131,797,3396.205,0.924479,7.580729
merged_way/66676627-220+1,518,202,983.112,0.222608,1.116748
merged_way/66676884-1-380+3,215,247,1698.103,0.07948,0.651733
merged_way/66676884-2-220+1,246,214,491.556,0.158758,0.796437
merged_way/68561219-1-380+2,696,223,3396.205,0.066062,0.541707
merged_way/68561219-2-220+2,695,222,983.112,0.132792,0.666172
merged_way/69719498-1-220+1,20,754,983.112,0.08778,0.440361
merged_way/71503492-1-220+4,225,467,491.556,0.631586,3.168455
merged_way/71503500-1-220+1,217,219,491.556,0.127274,0.63849
merged_way/72658449-220+5,211,679,983.112,0.172319,0.864466
merged_way/72658499-1-220+1,211,384,491.556,0.30464,1.528276
merged_way/733884560-380+2,780,150,1698.103,1.256411,10.302573
merged_way/73965404-380+2,466,19,1698.103,0.203608,1.669585
merged_way/73965410-1-380+1,18,465,3396.205,0.076661,0.628617
merged_way/74003850-380+2,353,143,3396.205,1.292416,10.597809
merged_way/74003877-380+1,145,765,3396.205,0.040441,0.331613
merged_way/741626874-380+1,267,626,3396.205,0.072325,0.593067
merged_way/741639709-1-380+5,630,485,3396.205,0.438351,3.594478
merged_way/760958089-1-380+1,578,150,3396.205,0.187967,1.541333
merged_way/765260456-220+7,132,498,983.112,0.743955,3.732174
merged_way/78043300-220+2,41,745,983.112,0.331464,1.662846
merged_way/781370722-1-380+1,156,584,1698.103,0.126874,1.040364
merged_way/781370722-2-220+3,155,583,491.556,0.25307,1.26957
merged_way/781632468-3-220+3,160,685,491.556,2.08688,10.46918
merged_way/781632468-380+1,708,686,3396.205,0.28308,2.321254
merged_way/781651113-220+1,716,268,983.112,0.779285,3.909412
merged_way/79174485-220+1,34,373,1966.224,0.113326,0.568518
merged_way/79174500-380+2,21,17,3396.205,0.187332,1.536121
merged_way/79174511-2-220+4,230,403,491.556,0.289797,1.453815
merged_way/79174516-1-220+1,235,20,491.556,0.895959,4.494728
merged_way/8004066-220+3,350,401,491.556,1.642817,8.241467
merged_way/80130019-1-380+3,724,39,3396.205,0.310234,2.543919
merged_way/806238478-1-380+3,42,46,3396.205,0.305286,2.503342
merged_way/81234910-1-380+4,750,17,1698.103,0.043428,0.356112
merged_way/81234910-2-220+1,749,16,491.556,0.086843,0.435664
merged_way/81354098-2-220+2,461,679,983.112,0.170128,0.853476
merged_way/82131058-220+1,9,5,983.112,0.16341,0.819775
merged_way/82763143-1-380-a+1,705,464,1698.103,0.701016,5.748331
merged_way/82763143-1-380-b+1,524,705,1698.103,2.676914,21.950696
merged_way/82763143-2-220-b+4,463,523,491.556,6.752333,33.874206
merged_way/842119255-1-380+3,512,459,3396.205,0.162051,1.328816
merged_way/842119255-2-220+3,511,458,983.112,0.325738,1.63412
merged_way/842418530-1-380+2,8,232,3396.205,0.272358,2.233337
merged_way/842418532-380+6,8,478,3396.205,0.653275,5.356852
merged_way/844115029-1-380+1,172,795,3396.205,0.303501,2.488706
merged_way/844516315-380+3,253,372,3396.205,0.859629,7.04896
merged_way/850698155-380+1,42,496,3396.205,0.160717,1.317882
merged_way/856077610-2-220+3,31,375,491.556,0.128372,0.643999
merged_way/860159351-380+1,724,42,3396.205,0.237984,1.951471
merged_way/87106532-220+5,3,688,491.556,0.248448,1.246381
merged_way/87201062-380+2,617,131,1698.103,0.487113,3.994324
merged_way/87623154-380+2,495,632,3396.205,0.509783,4.180224
merged_way/8762976-380+1,81,78,3396.205,0.279734,2.293815
merged_way/883985540-380+2,735,269,3396.205,0.088759,0.727827
merged_way/89176938-220+2,743,77,491.556,0.102926,0.516347
merged_way/906381479-1-380+1,433,193,1698.103,0.102415,0.839805
merged_way/906381479-2-220+1,432,192,491.556,0.204838,1.027602
merged_way/907539359-380+4,587,746,3396.205,0.624849,5.123765
merged_way/907820346-1-380+8,244,684,3396.205,0.685921,5.624555
merged_way/908473140-380+1,57,326,3396.205,0.086418,0.708624
merged_way/920094545-380+2,387,228,3396.205,0.155624,1.27612
merged_way/92165135-1-380+2,585,752,3396.205,0.168387,1.380775
merged_way/953719575-220+3,777,183,983.112,0.460597,2.310661
merged_way/953738997-1-380+2,711,179,3396.205,0.156131,1.280273
merged_way/953757611-220+3,162,165,983.112,0.277094,1.390089
merged_way/95979139-1-380+1,98,647,1698.103,0.0635,0.520703
merged_way/971780154-1-220-b+1,489,147,491.556,1.776833,8.913778
merged_way/971780154-2-380-b+2,582,490,1698.103,1.118047,9.167987
merged_way/997957650-380+8,776,578,3396.205,0.788266,6.463783
merged_way/998005837-2-220+1,138,140,491.556,0.076445,0.383498
relation/1000670-380,259,565,1698.103,1.05014,8.611146
relation/1021991-380,259,565,1698.103,1.05014,8.611146
relation/1022003-380,405,259,1698.103,1.39964,11.477049
relation/1022004-380,542,259,1698.103,2.134738,17.504848
relation/10492657-220-b,399,576,491.556,1.662754,8.341484
relation/10588954-380,577,341,1698.103,2.515869,20.630123
relation/1082809-380,626,633,1698.103,3.427279,28.103692
relation/1082816-380,626,634,1698.103,2.018804,16.554194
relation/1082817-380-b,589,571,1698.103,0.732895,6.009736
relation/1082948-380,423,51,1698.103,0.366024,3.001397
relation/1082953-380-a,471,51,1698.103,0.057892,0.474711
relation/1082953-380-b,51,724,1698.103,0.437892,3.590712
relation/1082955-380,51,724,1698.103,0.437892,3.590712
relation/1083988-220-a,381,325,983.112,1.521732,7.634021
relation/1083990-380-c,752,326,1698.103,2.198393,18.026821
relation/1084001-220-b,375,510,983.112,0.300691,1.508465
relation/1084027-220,379,381,491.556,1.000733,5.020346
relation/1084032-220-b,510,533,983.112,0.339666,1.703993
relation/1084046-220,379,381,491.556,1.000733,5.020346
relation/1084358-380,724,492,5094.308,0.043673,0.358117
relation/1101996-220,395,370,983.112,0.138882,0.696726
relation/1102892-380-b,459,496,1698.103,0.394449,3.234484
relation/1109593-380-a,504,197,1698.103,0.063912,0.524081
relation/1109593-380-b,197,207,1698.103,0.146586,1.202008
relation/1109593-380-c,207,571,1698.103,0.071184,0.583706
relation/1109599-380-a,504,197,1698.103,0.063912,0.524081
relation/1109599-380-b,197,207,1698.103,0.146586,1.202008
relation/1109599-380-c,207,571,1698.103,0.071184,0.583706
relation/1109600-220,627,428,491.556,1.499099,7.520479
relation/1109616-220,461,313,491.556,0.205869,1.032776
relation/1109619-220,461,313,491.556,0.205869,1.032776
relation/11223311-380,770,607,1698.103,3.22477,26.443118
relation/11223312-380,607,520,1698.103,0.236429,1.938719
relation/1123975-220,229,461,491.556,0.510488,2.560947
relation/1123976-220,229,461,491.556,0.506171,2.539293
relation/112804-380,358,482,1698.103,1.323445,10.852253
relation/112810-220-b,416,481,983.112,0.167952,0.842561
relation/11374897-220,460,428,491.556,0.105529,0.529402
relation/114252-220,418,357,983.112,0.924168,4.636243
relation/114742-380,253,286,1698.103,0.165917,1.360518
relation/114782-380,406,254,1698.103,0.854371,7.005839
relation/114789-380,515,516,1698.103,0.764621,6.269895
relation/11518116-380,538,7,1698.103,0.126978,1.041222
relation/11518117-380,538,7,1698.103,0.126978,1.041222
relation/1167326-220,432,595,491.556,1.135562,5.696738
relation/1167333-220,432,218,491.556,1.202017,6.03012
relation/1173397-380,490,582,1698.103,1.115519,9.147259
relation/1177425-220,771,255,491.556,3.388541,16.999183
relation/1177426-220,771,255,491.556,3.388541,16.999183
relation/1188569-400,354,825,1787.476,0.766238,6.283152
relation/1188841-380,270,406,1698.103,0.890089,7.298731
relation/1188844-380,270,406,1698.103,0.890089,7.298731
relation/1190715-220-a,241,749,491.556,0.305066,1.530413
relation/12006830-380,552,271,1698.103,0.155525,1.275306
relation/12198594-380,296,119,1698.103,0.813806,6.67321
relation/12198595-380,119,296,1698.103,0.813299,6.66905
relation/1224880-220,595,461,491.556,0.595845,2.989156
relation/1224881-220,595,461,491.556,0.595845,2.989156
relation/1225767-220-a,751,749,491.556,0.331631,1.663684
relation/12300319-380,309,448,1698.103,1.699955,13.939629
relation/12300322-220,335,349,491.556,1.931348,9.688928
relation/12479136-380-b,589,387,1698.103,0.253324,2.077256
relation/12479137-380,571,387,1698.103,0.490614,4.023032
relation/12479461-380-a,387,234,1698.103,0.102428,0.839908
relation/12479461-380-b,234,444,1698.103,0.216835,1.778044
relation/12479462-380-a,387,234,1698.103,0.102428,0.839908
relation/12479462-380-b,234,444,1698.103,0.216835,1.778044
relation/12544904-380-a,530,645,1698.103,1.954072,16.02339
relation/12544904-380-b,645,778,1698.103,1.440777,11.814369
relation/12818416-380,334,530,1698.103,1.224975,10.044793
relation/12819660-380,530,308,1698.103,1.520558,12.468576
relation/12819661-380,624,308,1698.103,2.678024,21.959795
relation/12825581-380,530,645,1698.103,1.954072,16.02339
relation/12842816-380,832,644,1698.103,0.481208,3.945902
relation/12842817-380,832,644,1698.103,0.481208,3.945902
relation/12842819-380,644,746,1698.103,0.811674,6.655729
relation/12842820-380,644,746,1698.103,0.811674,6.655729
relation/12896838-380,655,251,1698.103,0.081754,0.670384
relation/12896839-380,655,251,1698.103,0.081754,0.670384
relation/12900764-380,790,478,1698.103,0.960304,7.874494
relation/129420-380,530,299,1698.103,3.891922,31.913764
relation/129422-380,774,299,1698.103,2.177954,17.859221
relation/13073144-220,169,489,491.556,1.237382,6.207535
relation/13239127-380,363,415,1698.103,1.519394,12.459034
relation/14236924-380,341,243,1698.103,2.122844,17.407322
relation/142684-220,508,580,491.556,4.490597,22.52783
relation/14435819-380,491,490,1698.103,1.453877,11.92179
relation/14459971-380,762,256,1698.103,1.66839,13.680796
relation/14488153-380,309,474,1698.103,0.24212,1.985387
relation/14510605-380,525,253,1698.103,0.424952,3.484607
relation/14510606-380,525,253,1698.103,0.424952,3.484607
relation/14510647-380-a,684,525,1698.103,0.68013,5.577064
relation/14510648-380,684,525,1698.103,0.68013,5.577064
relation/14510907-380,262,506,1698.103,0.092391,0.757604
relation/14510979-380,675,545,1698.103,0.285941,2.344717
relation/14510980-380,675,545,1698.103,0.285941,2.344717
relation/14514288-380,297,562,1698.103,1.404898,11.520168
relation/14514411-220,517,174,491.556,1.992943,9.997932
relation/14514424-380-b,312,275,3396.205,0.156643,1.284469
relation/14543718-220,255,118,1474.668,1.7247,8.652244
relation/145510-380-b,720,227,1698.103,1.740523,14.27229
relation/145510-380-d,227,259,1698.103,1.281196,10.505811
relation/14567632-380,717,567,1698.103,0.81345,6.670292
relation/14595857-380-b,601,74,1698.103,0.063024,0.516799
relation/14595857-380-c,74,75,1698.103,0.146416,1.200613
relation/14595857-380-e,75,351,1698.103,0.220968,1.811938
relation/14596023-380,311,331,1698.103,0.806782,6.615612
relation/14596024-380,311,331,1698.103,0.806782,6.615612
relation/14597254-380,607,760,1698.103,1.975867,16.202111
relation/14617003-380-a,642,24,3396.205,0.123486,1.012586
relation/14617003-380-b,24,577,3396.205,0.180366,1.479005
relation/14648167-380,739,701,1698.103,1.193617,9.787656
relation/14650713-380-a,415,624,1698.103,0.591623,4.851312
relation/15097913-380,672,269,1698.103,1.7962,14.728837
relation/15097914-380,672,269,1698.103,1.796632,14.732382
relation/15751730-220,327,238,983.112,0.368982,1.851061
relation/1578736-220-a,591,590,983.112,0.077737,0.389982
relation/1605946-220,443,718,491.556,1.335628,6.700401
relation/1605949-220,443,718,491.556,1.335628,6.700401
relation/1633120-380,427,170,1698.103,0.053822,0.441339
relation/1636721-220,329,310,491.556,0.79196,3.973001
relation/1636726-220,329,310,491.556,0.79196,3.973001
relation/1636729-380-a,331,476,3396.205,1.268818,10.404309
relation/1636750-380,171,565,1698.103,0.219495,1.799861
relation/1636782-220,258,570,491.556,2.488313,12.483039
relation/1636783-220,258,771,491.556,6.401837,32.115881
relation/1636863-380,417,442,1698.103,1.368046,11.217981
relation/1636864-380,417,790,1698.103,0.450144,3.691178
relation/1636865-380,417,790,1698.103,0.450144,3.691178
relation/1636866-380,417,442,1698.103,1.368046,11.217981
relation/1636917-380,275,584,1698.103,1.852631,15.191573
relation/1637163-380,813,287,1698.103,0.799859,6.558842
relation/1641463-380-a,722,127,1698.103,0.044771,0.367125
relation/1641463-380-b,127,123,1698.103,0.134603,1.103748
relation/1641463-380-c,123,257,1698.103,0.589095,4.830579
relation/1641463-380-e,257,739,1698.103,0.634056,5.199257
relation/1641471-220-b,560,559,491.556,4.243108,21.286256
relation/1641474-380-a,722,127,1698.103,0.044771,0.367125
relation/1641474-380-b,127,123,1698.103,0.134603,1.103748
relation/1641474-380-c,123,257,1698.103,0.589095,4.830579
relation/1641474-380-e,257,739,1698.103,0.634056,5.199257
relation/1641702-380-a,445,75,1698.103,0.359694,2.949488
relation/1641702-380-c,75,74,1698.103,0.146416,1.200613
relation/1641702-380-d,74,601,1698.103,0.063024,0.516799
relation/1641706-380-a,445,75,1698.103,0.359694,2.949488
relation/1641706-380-b,75,351,1698.103,0.220968,1.811938
relation/1641722-220,407,73,983.112,0.097137,0.487305
relation/1641756-380,622,402,1698.103,0.609865,5.00089
relation/1641757-380,624,622,1698.103,0.125878,1.032204
relation/1641761-380-c,402,624,1698.103,0.691272,5.668428
relation/1641773-380,739,701,1698.103,1.193617,9.787656
relation/1659072-380,279,629,1698.103,0.177098,1.452199
relation/1685857-220,428,627,491.556,1.499099,7.520479
relation/17189379-220,511,563,491.556,0.661251,3.317276
relation/17189380-220,563,652,491.556,0.197494,0.99076
relation/17189385-220,511,652,491.556,0.46781,2.346846
relation/1735138-220-a,303,90,491.556,2.30224,11.549569
relation/1735138-220-c,90,744,491.556,1.268032,6.361292
relation/1750800-220-b,468,810,491.556,5.146445,25.818001
relation/1820695-220-b,416,700,983.112,1.541508,7.73323
relation/1897790-220,563,652,491.556,0.196571,0.98613
relation/1897791-220,563,652,491.556,0.197494,0.99076
relation/1906209-380,634,633,1698.103,1.519676,12.461344
relation/2140374-220,671,692,491.556,0.170752,0.856607
relation/2147236-220-b,332,604,491.556,0.300325,1.506631
relation/2188188-380,490,582,1698.103,1.115519,9.147259
relation/2238161-220,570,771,491.556,3.923661,19.683699
relation/2239286-400,354,825,1787.476,0.766238,6.283152
relation/2247028-380,768,341,1698.103,2.491679,20.431766
relation/2247029-380,768,341,1698.103,2.491679,20.431766
relation/2247304-220,335,767,491.556,5.914778,29.672472
relation/2247305-220,576,767,491.556,3.112046,15.612099
relation/2247306-220,335,576,491.556,4.057594,20.355595
relation/2247333-380,250,768,1698.103,3.107202,25.479059
relation/2247334-380,336,768,1698.103,1.854524,15.2071
relation/2247335-380,250,336,1698.103,1.363061,11.177101
relation/2252482-380-b,284,363,1698.103,0.396976,3.255207
relation/2277544-220,268,656,491.556,3.331081,16.710924
relation/2277545-220,268,656,491.556,3.331081,16.710924
relation/240489-220,608,498,491.556,3.302519,16.567636
relation/240490-220,608,498,491.556,3.302519,16.567636
relation/2450379-220,274,583,491.556,3.690763,18.515329
relation/252583-380,390,765,1698.103,0.485752,3.983166
relation/252584-380,390,765,1698.103,0.485752,3.983166
relation/270536-380,530,774,1698.103,1.746045,14.317571
relation/270963-380,334,530,1698.103,1.224975,10.044793
relation/272103-380-b,727,324,1698.103,3.636607,29.820177
relation/272126-380,324,649,1698.103,0.971193,7.963785
relation/272728-220-a,323,573,491.556,0.828369,4.155651
relation/272729-220-b,573,579,491.556,1.312328,6.583511
relation/272732-220-a,323,579,491.556,1.767789,8.868408
relation/289000-380,717,567,1698.103,0.81345,6.670292
relation/2910798-380,254,542,1698.103,2.617232,21.461301
relation/2910799-380,254,405,1698.103,3.332044,27.322762
relation/2927579-380,763,344,1698.103,1.380728,11.32197
relation/2927580-380,763,344,1698.103,1.380728,11.32197
relation/2927597-380,344,237,1698.103,0.179223,1.469626
relation/2927598-380,344,237,1698.103,0.179223,1.469626
relation/2927599-380-a,344,237,1698.103,0.192835,1.581246
relation/2927600-380-a,344,237,1698.103,0.192835,1.581246
relation/2928164-380,490,769,1698.103,1.418586,11.632405
relation/2928165-380,769,607,1698.103,3.50656,28.753796
relation/2928166-380,769,760,1698.103,5.36225,43.970448
relation/2928167-380,490,769,1698.103,1.418586,11.632405
relation/2952534-380,309,250,1698.103,1.512591,12.403244
relation/2952535-380,309,250,1698.103,1.512591,12.403244
relation/3028644-220,429,201,491.556,0.134239,0.673433
relation/3098194-220,420,425,491.556,0.644644,3.233962
relation/3098195-220,420,425,491.556,0.644644,3.233962
relation/3109536-220,508,409,491.556,2.55251,12.805091
relation/3109630-380,509,427,1698.103,2.179016,17.867934
relation/3228400-380-b,459,48,1698.103,0.858484,7.039573
relation/3228400-380-c,48,380,1698.103,0.171344,1.405017
relation/3302864-380,607,760,1698.103,1.857862,15.234465
relation/3306342-380,341,760,1698.103,2.669102,21.886635
relation/3306343-380,341,760,1698.103,2.669102,21.886635
relation/3528700-380,421,419,1698.103,1.088233,8.923507
relation/3533527-380-b,424,421,1698.103,0.278847,2.286543
relation/3533700-380-a,309,299,1698.103,1.687884,13.840649
relation/3534540-380,421,516,1698.103,2.577782,21.137813
relation/3534541-380,421,516,1698.103,2.577782,21.137813
relation/3534542-380,515,516,1698.103,0.764621,6.269895
relation/3687803-380-b,334,338,3396.205,0.441208,3.61791
relation/3688562-380,624,308,1698.103,2.678024,21.959795
relation/3688563-380,530,308,1698.103,1.520558,12.468576
relation/3694014-380,302,251,1698.103,2.76149,22.644219
relation/3694015-380-b,291,263,3396.205,0.10198,0.836234
relation/3694016-380-b,291,297,1698.103,1.433507,11.754761
relation/3694017-380,297,619,1698.103,1.658798,13.602147
relation/3694018-380,562,251,1698.103,1.624303,13.319281
relation/3697399-380-a,641,102,3396.205,0.079784,0.65423
relation/3697399-380-b,102,101,3396.205,0.01567,0.128493
relation/3697399-380-c,101,291,3396.205,0.349233,2.863714
relation/3707291-380-a,642,24,3396.205,0.123486,1.012586
relation/3707291-380-b,24,577,3396.205,0.180366,1.479005
relation/3707292-380,577,341,1698.103,2.515869,20.630123
relation/3707293-380,299,642,1698.103,3.131161,25.675522
relation/3710278-380-b,701,358,3396.205,0.754018,6.18295
relation/3710279-380,548,666,1698.103,1.051755,8.624389
relation/3710281-380-a,548,701,1698.103,1.562723,12.814327
relation/3710286-380-b,701,666,1698.103,0.945469,7.752843
relation/3717718-400,817,728,1787.476,0.943462,7.736392
relation/3717719-220,818,726,491.556,1.098375,5.510181
relation/3730414-220,356,767,491.556,1.810894,9.08465
relation/3730416-380,763,676,1698.103,1.699646,13.9371
relation/3730417-380,676,826,1698.103,0.449274,3.684047
relation/3730418-380,676,826,1698.103,0.451275,3.700453
relation/3730420-380,768,766,1698.103,2.563697,21.022319
relation/3730421-380,260,766,1698.103,1.433568,11.75526
relation/3730422-380,768,260,1698.103,1.130966,9.273917
relation/3732172-380-b,447,295,3396.205,1.505496,12.345066
relation/3732383-380,448,250,1698.103,1.684096,13.809584
relation/3732384-380,251,451,1698.103,1.067143,8.750569
relation/3732385-380,251,450,1698.103,1.491977,12.23421
relation/3732386-380,451,448,1698.103,1.740552,14.272529
relation/3732387-380,450,448,1698.103,1.301987,10.676292
relation/3732388-380-b,448,70,1698.103,1.114179,9.136268
relation/3732388-380-c,70,756,1698.103,0.395674,3.244526
relation/3732389-380,756,529,1698.103,2.646702,21.702959
relation/3732390-380-b,704,464,3396.205,0.94729,7.767782
relation/3738981-380,763,676,1698.103,1.699646,13.9371
relation/3738982-380,766,763,1698.103,1.096895,8.994537
relation/3739951-220-b,399,576,491.556,1.662754,8.341484
relation/3739953-220,340,576,491.556,9.512875,47.722921
relation/3739954-220,340,576,491.556,9.512875,47.722921
relation/3739955-380,309,474,1698.103,0.24212,1.985387
relation/3742237-220,767,248,491.556,1.070369,5.369686
relation/3742238-220,335,349,491.556,1.931348,9.688928
relation/3742239-220,298,340,491.556,3.968844,19.910367
relation/3742240-220,298,340,491.556,3.968844,19.910367
relation/3742241-380,299,538,1698.103,2.334195,19.140399
relation/3742242-380,299,538,1698.103,2.334195,19.140399
relation/3749524-380,546,550,3396.205,0.098249,0.805644
relation/3749525-380,550,390,5094.308,0.054862,0.449871
relation/3749527-380-a,544,639,3396.205,0.112894,0.925731
relation/3749845-220,703,452,983.112,1.37026,6.874137
relation/3749846-220,786,452,983.112,2.200523,11.039292
relation/3749847-220,786,523,491.556,3.765649,18.891004
relation/3749848-220,454,452,491.556,1.458914,7.318884
relation/3749850-220-a,293,416,491.556,1.956587,9.815547
relation/3749851-220,294,293,491.556,2.3983,12.031473
relation/3749852-380,295,482,1698.103,2.284356,18.731722
relation/3749853-380-a,667,482,1698.103,0.533365,4.373595
relation/3749854-380-a,667,482,1698.103,0.533365,4.373595
relation/3749855-380,482,704,5094.308,0.61336,5.029556
relation/3756855-220-a,726,560,983.112,2.20224,11.047904
relation/3756857-220-c,743,315,983.112,0.692383,3.473456
relation/3756858-220-b,743,742,983.112,0.074647,0.374482
relation/3756990-380,819,714,3396.205,0.587609,4.818395
relation/3756991-220,821,713,491.556,1.226697,6.15393
relation/3763835-220,460,428,491.556,0.105529,0.529402
relation/377770-380,358,414,1698.103,0.50738,4.160514
relation/3782492-380,738,365,1698.103,0.215268,1.7652
relation/3782493-380,738,365,1698.103,0.215268,1.7652
relation/3803496-220-b,742,315,983.112,0.616763,3.094096
relation/3805411-380,448,250,1698.103,1.684096,13.809584
relation/3861963-220,523,534,491.556,2.139372,10.732516
relation/3861964-220,266,636,491.556,0.213952,1.073324
relation/3861966-220,573,574,491.556,0.154561,0.775382
relation/3862869-380,442,362,1698.103,0.160799,1.31855
relation/3862874-220-b,411,501,491.556,1.589674,7.974863
relation/3866868-220,654,76,491.556,0.380885,1.910775
relation/3866869-220,654,446,491.556,5.444636,27.313923
relation/3866871-380,624,670,1698.103,0.896607,7.352175
relation/3866872-380,624,655,1698.103,3.38916,27.79111
relation/3866873-380,670,655,1698.103,2.510292,20.584394
relation/3866874-380,655,251,1698.103,0.083184,0.682106
relation/3866875-380-b,655,251,1698.103,0.08237,0.675435
relation/3873611-380,790,478,1698.103,0.960304,7.874494
relation/3873615-220,517,397,491.556,0.664411,3.33313
relation/3874448-380,519,448,1698.103,2.427886,19.908669
relation/3874449-380,251,447,1698.103,2.639315,21.642381
relation/3874450-380,251,447,1698.103,2.639315,21.642381
relation/3874451-380,447,449,1698.103,2.42919,19.919356
relation/3874452-380,447,519,1698.103,0.811249,6.652241
relation/3883856-380,419,491,1698.103,0.784601,6.433727
relation/3883857-380,166,491,1698.103,0.162596,1.333286
relation/3883858-380,491,490,1698.103,1.453877,11.92179
relation/3885010-380,363,415,1698.103,1.519394,12.459034
relation/3885011-380-a,415,624,1698.103,0.591623,4.851312
relation/3885012-380-a,664,587,3396.205,0.763267,6.258792
relation/3885041-380,760,761,1698.103,1.302079,10.677047
relation/3885042-380,760,761,1698.103,1.302079,10.677047
relation/3885043-380,341,344,1698.103,2.817925,23.106987
relation/3885044-380,341,344,1698.103,2.817925,23.106987
relation/3885045-380,243,761,1698.103,1.518616,12.452653
relation/3885046-380,341,761,1698.103,3.645736,29.895034
relation/3888200-220-a,789,517,491.556,2.059223,10.330434
relation/3888202-220-b,517,174,491.556,1.992943,9.997932
relation/3889743-220-b,586,507,491.556,1.489214,7.470892
relation/3889744-220-b,507,497,491.556,1.163174,5.835258
relation/3889745-220,252,681,491.556,1.106076,5.548815
relation/3915993-380-b,738,135,1698.103,0.10741,0.880761
relation/3915993-380-c,135,797,1698.103,0.162831,1.335214
relation/3916522-380-a,800,738,1698.103,0.820878,6.7312
relation/3918228-220,240,559,491.556,0.739857,3.711616
relation/3918229-220-b,560,240,491.556,4.698826,23.572445
relation/3937928-220,477,187,491.556,0.389525,1.954119
relation/3943779-220,513,277,491.556,2.902783,14.562293
relation/3943780-220-c,446,786,983.112,1.143554,5.73683
relation/3945260-220,618,290,491.556,6.291052,31.560112
relation/395087-380,529,823,1698.103,4.886834,40.07204
relation/3952096-220,580,501,491.556,0.874444,4.386795
relation/3989160-220,327,238,983.112,0.368982,1.851061
relation/3989163-380-c,301,302,1698.103,1.362522,11.172683
relation/4430965-380-b,485,790,1698.103,0.797541,6.539839
relation/4441426-220,514,314,983.112,0.070078,0.351557
relation/445559-380-a,643,83,1698.103,0.243982,2.000649
relation/445559-380-b,83,440,1698.103,0.209927,1.7214
relation/4713421-220,767,248,491.556,1.070369,5.369686
relation/4815174-220,356,767,491.556,1.810894,9.08465
relation/4819879-380-b,727,324,1698.103,3.636607,29.820177
relation/5207092-380,419,491,1698.103,0.784601,6.433727
relation/5247406-220-a,357,416,491.556,2.372167,11.900369
relation/5247533-380,406,254,1698.103,0.854371,7.005839
relation/5247596-380,324,649,1698.103,0.971193,7.963785
relation/5247617-380,358,414,1698.103,0.50738,4.160514
relation/5334826-220,513,277,491.556,2.902783,14.562293
relation/5374815-380,253,286,1698.103,0.165917,1.360518
relation/5486612-380,309,448,1698.103,1.699955,13.939629
relation/5497488-380-a,788,49,1698.103,0.737098,6.044208
relation/5497488-380-b,49,35,1698.103,0.115537,0.9474
relation/5497488-380-c,35,441,1698.103,0.758713,6.221443
relation/5497490-380-a,788,49,1698.103,0.737098,6.044208
relation/5497490-380-b,49,35,1698.103,0.115537,0.9474
relation/5497490-380-c,35,441,1698.103,0.758713,6.221443
relation/5507286-380,299,642,1698.103,3.131161,25.675522
relation/5581798-380-a,761,180,1698.103,0.206401,1.692487
relation/5581799-380-a,761,180,1698.103,0.200722,1.645924
relation/5581800-380-a,761,180,1698.103,0.197744,1.621497
relation/5581801-380-a,761,180,1698.103,0.200722,1.645924
relation/5581802-380-a,761,180,1698.103,0.197744,1.621497
relation/5581803-380-a,761,180,1698.103,0.206401,1.692487
relation/5603845-380,801,738,1698.103,0.290221,2.379809
relation/5603846-380,801,738,1698.103,0.290566,2.382643
relation/5805467-380,449,448,1698.103,0.642903,5.271807
relation/6170191-400,820,715,1787.476,1.175759,9.641225
relation/6463658-380,515,254,1698.103,0.843385,6.915761
relation/67129-220,508,409,491.556,2.55251,12.805091
relation/67131-380,509,427,1698.103,2.179016,17.867934
relation/67585-380,515,254,1698.103,0.843385,6.915761
relation/6771820-380,286,664,1698.103,0.282548,2.31689
relation/6771821-380,286,664,1698.103,0.282548,2.31689
relation/69488-220-a,357,416,491.556,2.372167,11.900369
relation/7054743-220-b,446,454,983.112,2.794794,14.02055
relation/71281-380,421,419,1698.103,1.088233,8.923507
relation/7191351-380-a,309,299,1698.103,1.687884,13.840649
relation/7854464-380,766,763,1698.103,1.096895,8.994537
relation/8470162-220,517,397,491.556,0.664411,3.33313
relation/8539040-380-b,658,256,1698.103,1.562815,12.815085
relation/86589-380,269,735,1698.103,0.179619,1.472878
relation/902595-380,538,770,1698.103,1.533266,12.57278
relation/902597-380,520,760,1698.103,1.622401,13.30369
relation/904158-380,572,490,1698.103,3.514858,28.821835
relation/904159-380,572,538,1698.103,1.170398,9.59726
relation/904160-380,490,538,1698.103,4.666752,38.267366
relation/907513-380,538,607,1698.103,3.069827,25.17258
relation/912407-380,762,256,1698.103,1.66839,13.680796
relation/919059-380,545,344,1698.103,0.657131,5.388473
relation/919060-380,545,344,1698.103,0.657131,5.388473
relation/919119-380,761,545,1698.103,1.863814,15.283272
relation/919121-380,761,545,1698.103,1.863814,15.283272
relation/9264420-225,712,831,502.728,1.902248,9.542946
relation/9264421-225,830,712,502.728,1.244073,6.2411
relation/941141-220,410,342,491.556,0.122746,0.615774
relation/943999-220,497,161,491.556,0.708497,3.554295
relation/945143-220-b,586,497,491.556,1.910236,9.583015
relation/962120-380-a,366,151,1698.103,1.176728,9.649168
relation/962120-380-b,151,686,1698.103,0.232272,1.90463
relation/962121-380,686,584,1698.103,2.226256,18.255301
relation/962122-380,686,275,1698.103,1.80693,14.816828
relation/965662-380,529,824,1698.103,3.296117,27.028158
relation/9981859-380,813,287,1698.103,0.799859,6.558842
way/1002012655-380,776,775,3396.205,0.046868,0.384315
way/1002012656-380,775,725,3396.205,0.021239,0.174161
way/1031520139-220,410,551,983.112,0.126926,0.636743
way/103737860-220,737,364,1966.224,0.038792,0.194606
way/107175828-1-380,204,206,1698.103,0.037382,0.306533
way/107175828-2-220,203,205,491.556,0.074767,0.375079
way/107175832-1-380,200,204,3396.205,0.02306,0.189094
way/107175832-2-220,199,203,983.112,0.045372,0.227615
way/107271555-1-380,206,437,3396.205,0.047233,0.387313
way/107271555-2-220,205,436,983.112,0.094207,0.472606
way/107271567-1-380,435,210,1698.103,0.109491,0.897824
way/107271567-2-220,434,209,491.556,0.219722,1.102274
way/108388740-380,487,615,3396.205,0.36591,3.000464
way/108388744-380,615,127,3396.205,0.226991,1.861326
way/108526478-1-380,127,722,1698.103,0.046068,0.377758
way/109505609-1-380,197,279,1698.103,0.091694,0.751892
way/1101762004-380,541,281,3396.205,0.469718,3.851688
way/1104699062-380,120,257,3396.205,0.036727,0.301161
way/1104914089-1-380,108,386,3396.205,0.032945,0.270146
way/1104914090-1-380,792,108,1698.103,0.217963,1.787301
way/111499706-380,473,175,3396.205,0.068523,0.561891
way/1117834635-380,512,22,3396.205,0.178307,1.462115
way/1120289993-1-380,74,408,5094.308,0.037826,0.31017
way/1130668496-1-380,50,53,3396.205,0.033502,0.274714
way/1130668503-1-380,741,50,3396.205,0.05885,0.48257
way/1131127616-2-220,149,152,491.556,0.408048,2.047041
way/1131127625-380,153,154,6792.41,0.031304,0.256692
way/113135861-220,61,787,983.112,0.881825,4.423824
way/113563131-220,688,9,1966.224,0.038384,0.192562
way/114377991-220,274,158,1474.668,0.029827,0.14963
way/1151967274-380,829,772,3396.205,0.216582,1.775969
way/115569716-220,747,121,983.112,0.722616,3.625122
way/116260546-220,373,31,1966.224,0.042107,0.211235
way/118351425-220,521,508,983.112,1.333689,6.690672
way/118436808-380,184,630,3396.205,0.205138,1.682134
way/1186186271-380,35,49,3396.205,0.039947,0.327564
way/1205463623-220-a,255,148,491.556,4.72184,23.687899
way/121199247-1-380,279,195,1698.103,0.128766,1.055881
way/1216922903-220,782,162,983.112,0.072536,0.363889
way/1222462381-1-220,764,144,491.556,0.154563,0.775391
way/123170766-2-220,188,627,983.112,0.048119,0.241397
way/1241983642-1-380,69,756,3396.205,0.087894,0.720733
way/1254852017-380,44,50,1698.103,0.037427,0.3069
way/125690613-220,128,809,983.112,0.075252,0.377514
way/125690616-220,128,809,983.112,0.073886,0.370662
way/128277649-380,40,250,3396.205,0.776104,6.36405
way/128461828-380-b,361,594,3396.205,0.229974,1.885783
way/128478125-1-380,87,318,3396.205,0.1585,1.299698
way/128478125-2-220,86,317,983.112,0.316841,1.589485
way/128975976-220,543,580,983.112,1.44758,7.262025
way/1293441399-220,128,125,491.556,0.175531,0.880579
way/1293441403-220,125,128,491.556,0.175864,0.882249
way/1311473763-380,768,52,3396.205,0.099255,0.813895
way/131956209-1-220,92,744,983.112,0.108534,0.54448
way/132682735-220,14,443,983.112,0.27936,1.401456
way/1327046560-380,135,797,1698.103,0.162831,1.335214
way/1327051827-380,738,135,1698.103,0.107403,0.880707
way/137885048-1-220,740,43,491.556,0.214475,1.075952
way/141161434-380,30,32,3396.205,0.050334,0.412742
way/142169891-220,319,333,983.112,0.35879,1.79993
way/143100816-220,446,82,491.556,6.663418,33.428148
way/143855350-1-380,114,495,1698.103,0.290748,2.384136
way/143901743-1-220,345,94,491.556,0.383727,1.92503
way/145129280-220,337,91,491.556,0.240508,1.206549
way/145129282-220,367,337,983.112,0.097166,0.487448
way/146633582-1-380,93,98,1698.103,0.139255,1.141888
way/147534818-380,68,657,3396.205,0.187272,1.535634
way/148211531-380-b,40,307,1698.103,0.108677,0.891147
way/148474410-380,427,631,3396.205,0.433707,3.556401
way/151469596-380,170,413,3396.205,0.785924,6.444575
way/151469597-380,427,170,3396.205,0.02335,0.19147
way/151967297-1-380,84,621,3396.205,0.17516,1.436312
way/152297163-220,398,23,983.112,0.088267,0.442807
way/152403657-1-380,326,57,1698.103,0.172232,1.412298
way/152924506-220,89,329,1966.224,0.082773,0.415245
way/152924520-2-220,89,310,983.112,0.230695,1.157321
way/153089326-1-380,93,368,1698.103,0.080882,0.663236
way/156350633-220,112,755,983.112,0.821645,4.121921
way/156673647-1-380,285,56,1698.103,0.136969,1.123145
way/156960646-380,761,168,3396.205,0.579086,4.748507
way/156960657-380,168,665,3396.205,0.113483,0.930563
way/157331464-380,768,822,3396.205,0.775338,6.357773
way/157332863-380,60,348,3396.205,0.26024,2.133971
way/157332865-380,60,593,3396.205,0.068702,0.563358
way/157807786-380,699,642,3396.205,0.052317,0.429001
way/159712911-220,43,38,983.112,0.386486,1.93887
way/161242257-220,652,400,983.112,0.16885,0.847067
way/167261399-1-380,469,117,1698.103,1.830227,15.007865
way/167609849-380,509,146,5094.308,0.088509,0.725777
way/167854736-220,280,606,983.112,1.834053,9.200834
way/169236154-380,75,68,3396.205,0.561006,4.600253
way/169240672-380,81,305,3396.205,0.092207,0.756096
way/169244947-220,350,407,983.112,0.130786,0.656108
way/172819236-380,168,616,3396.205,0.68065,5.581333
way/17673603-380,110,105,3396.205,0.322678,2.645962
way/186397898-380,664,182,6792.41,0.039904,0.327216
way/189568397-1-220,640,475,491.556,0.771517,3.870445
way/189574881-220,612,475,983.112,0.447733,2.246125
way/194214685-380,657,62,3396.205,0.413511,3.390794
way/196655217-1-220,650,412,1474.668,0.257607,1.292329
way/196670169-380,645,338,3396.205,0.171753,1.408371
way/202171172-220,238,330,983.112,0.110319,0.553432
way/204814208-220,703,121,983.112,1.791918,8.989455
way/207579638-1-220,55,41,491.556,0.797645,4.001518
way/207811359-1-380,66,625,1698.103,0.209297,1.716236
way/222638710-220-b,63,249,983.112,0.469957,2.357616
way/22762380-220,265,31,983.112,0.080117,0.401922
way/231006629-220,539,165,983.112,0.248611,1.247198
way/231006638-220,420,539,983.112,0.202355,1.015147
way/231735880-380,788,509,3396.205,1.187653,9.738754
way/231735886-220,787,521,983.112,1.018879,5.111377
way/231965957-220,165,514,983.112,0.039862,0.199972
way/232071584-220,580,157,491.556,1.219637,6.118511
way/23707819-220-a,501,162,983.112,0.60628,3.041503
way/23951301-220,61,385,983.112,0.283878,1.424123
way/243380065-220,514,793,983.112,0.109741,0.550532
way/24415006-380,343,189,1698.103,0.206022,1.689378
way/24428696-380,653,28,3396.205,0.149847,1.228748
way/24462323-1-220,431,199,983.112,0.035445,0.177814
way/24462486-2-220,432,199,983.112,0.173945,0.872625
way/24479976-1-380,12,750,5094.308,0.017269,0.141603
way/24479976-2-220,11,749,1474.668,0.035355,0.177362
way/24530081-380,500,107,3396.205,0.319291,2.618185
way/24532884-2-220,438,230,491.556,0.539834,2.708169
way/24604796-380,442,146,3396.205,0.255082,2.09167
way/24605510-220,517,173,983.112,0.897485,4.502384
way/24686637-380,81,445,3396.205,0.290523,2.382289
way/24840438-1-380,459,360,3396.205,0.041776,0.342566
way/24840438-2-220,458,359,983.112,0.083555,0.419168
way/24959946-380,626,184,3396.205,0.217899,1.786772
way/25052073-1-220,467,211,983.112,0.067153,0.336885
way/25091638-380,392,527,6792.41,0.065191,0.534565
way/25209869-1-380,380,54,1698.103,0.195855,1.606011
way/25314891-1-380,226,273,3396.205,0.056186,0.460722
way/257482750-220,138,757,983.112,0.11488,0.576316
way/259468196-220,147,95,983.112,2.142953,10.75048
way/259468200-1-380,96,678,1698.103,0.062829,0.515195
way/26186272-1-220,323,100,491.556,0.231853,1.163127
way/26436072-1-220,488,410,983.112,0.174044,0.87312
way/269823874-380,184,626,3396.205,0.217723,1.785325
way/27691050-220,173,522,983.112,0.312726,1.568842
way/279079565-380,674,702,1698.103,0.914012,7.494894
way/28051449-380,780,146,1698.103,0.239014,1.959919
way/28215364-220,698,177,983.112,0.157195,0.788593
way/284698723-220,443,697,491.556,0.274025,1.374691
way/286703268-380,245,441,3396.205,0.488353,4.004494
way/286709461-380-b,239,316,3396.205,0.514239,4.216759
way/28861605-1-380,111,110,1698.103,0.032944,0.27014
way/290288900-380,558,557,6792.41,0.025891,0.212305
way/292316785-220,202,196,983.112,0.072359,0.363
way/292627381-220,230,403,983.112,0.144568,0.725247
way/29287463-220,38,292,983.112,0.219325,1.100278
way/296529805-2-220,92,668,983.112,0.514985,2.583507
way/296751942-220,177,543,983.112,0.387235,1.942631
way/30018713-220,165,514,491.556,0.07801,0.391351
way/30151837-380,139,758,3396.205,0.057962,0.475288
way/301953423-380,296,709,3396.205,0.198823,1.630348
way/30419417-380,107,96,3396.205,0.135654,1.112366
way/30588239-380,487,113,3396.205,0.516657,4.236589
way/30859575-220,418,133,983.112,1.499286,7.52142
way/31105066-380,615,553,3396.205,0.613133,5.027691
way/31122745-1-380,116,549,1698.103,0.08001,0.656082
way/31669067-380,733,552,3396.205,0.162172,1.329807
way/31669070-380,734,733,1698.103,0.050963,0.4179
way/31742764-380,564,287,3396.205,0.195065,1.599534
way/318009993-380,736,735,1698.103,0.100152,0.821249
way/318302077-380,15,441,3396.205,0.02302,0.188762
way/32267173-380,730,182,3396.205,0.046414,0.380598
way/32398460-380,334,26,3396.205,0.279142,2.288968
way/32672606-220,9,233,983.112,0.557568,2.797133
way/32950166-1-380,137,139,1698.103,0.086051,0.705621
way/32950166-2-220,136,138,491.556,0.171619,0.860953
way/33168244-220,173,789,983.112,0.046099,0.231264
way/33382745-220,395,37,1966.224,0.115792,0.580888
way/33548105-1-220,597,159,983.112,0.085487,0.428862
way/33812397-380,725,440,3396.205,0.053758,0.440816
way/339943620-220,323,575,983.112,0.086042,0.431643
way/34174518-380,2,15,6792.41,0.020176,0.165441
way/345674979-1-380,284,64,1698.103,0.04595,0.376791
way/345675089-380,56,64,3396.205,0.277192,2.272975
way/34897791-1-380,46,380,3396.205,0.127763,1.04766
way/34897791-2-220,45,379,983.112,0.256293,1.285737
way/34942575-220,144,140,983.112,0.451356,2.264303
way/349635742-220,91,97,983.112,0.181758,0.911818
way/36258837-380,65,605,3396.205,0.528014,4.329717
way/381739502-380,142,544,3396.205,0.372705,3.056179
way/381950155-380,346,67,1698.103,0.248189,2.035153
way/38243743-1-380,4,731,3396.205,0.3842,3.150443
way/38584672-220,288,600,491.556,0.138067,0.692634
way/386594906-1-380,232,231,1698.103,0.034754,0.284984
way/39230385-380,65,494,3396.205,0.112318,0.921006
way/39676389-380,299,40,3396.205,0.387898,3.18076
way/40854817-380,103,104,1698.103,0.04617,0.378594
way/40854819-380,103,104,1698.103,0.04607,0.377772
way/40895968-380,765,145,3396.205,0.059884,0.491053
way/41036073-380,107,582,3396.205,0.960282,7.874314
way/41232147-380,611,8,6792.41,0.080094,0.656773
way/41339399-1-380,785,30,3396.205,0.039796,0.326324
way/41339399-2-220,784,29,983.112,0.078917,0.395902
way/41374777-380,32,459,3396.205,0.066683,0.546799
way/41374780-2-220,29,511,491.556,0.464682,2.331155
way/414015967-380,380,65,3396.205,0.405928,3.328611
way/41460654-1-380,106,386,1698.103,0.186986,1.533288
way/41642831-1-220,133,134,491.556,0.227387,1.140727
way/41931917-220,134,694,983.112,0.548689,2.752591
way/41981221-380,305,283,3396.205,0.323114,2.649533
way/42387453-380,130,129,3396.205,0.048567,0.398246
way/42389033-380,592,129,1698.103,0.039142,0.320966
way/42509126-1-380,189,195,3396.205,0.173806,1.425208
way/425103271-220,434,591,1474.668,0.126616,0.635192
way/42861709-1-380,178,637,1698.103,0.078053,0.640038
way/42920726-1-220,214,216,983.112,0.051656,0.259143
way/42920875-1-380,289,392,3396.205,0.054235,0.444729
way/43163137-380,639,276,3396.205,0.036625,0.300322
way/43201818-380,103,99,3396.205,0.479401,3.931087
way/43292052-380,105,106,3396.205,0.030306,0.248508
way/43305107-220,602,112,983.112,0.045654,0.229032
way/43688806-380,102,101,1698.103,0.031446,0.257857
way/45737386-380,264,213,3396.205,0.400155,3.281271
way/48616848-380,804,555,3396.205,1.168531,9.581951
way/49616633-380,736,734,3396.205,0.123287,1.010953
way/49746081-220,72,540,983.112,0.261607,1.312393
way/49746082-220-a,72,352,983.112,0.707342,3.548501
way/505137255-380,480,39,3396.205,0.05435,0.445673
way/51497698-1-380,512,653,3396.205,0.117378,0.962498
way/515358079-380,658,773,3396.205,0.252785,2.072837
way/52889943-220,235,230,983.112,0.040205,0.201696
way/54071725-220,31,375,1966.224,0.031933,0.160197
way/550112563-380,616,765,3396.205,0.626036,5.133498
way/560384836-220,330,609,983.112,0.517327,2.595257
way/58870477-380,768,60,3396.205,0.392746,3.220514
way/59524692-380,648,276,3396.205,0.037987,0.311493
way/59524693-380,648,546,1698.103,0.15447,1.266656
way/59584548-220,458,34,983.112,0.336409,1.687653
way/60541934-220,429,278,983.112,0.13466,0.675543
way/60725324-1-380,527,172,1698.103,1.201584,9.852989
way/60869542-1-380,273,4,3396.205,0.061628,0.505346
way/610525281-220,47,379,1966.224,0.085619,0.429522
way/61649945-220,181,177,983.112,0.268554,1.347244
way/617568394-380,661,137,3396.205,0.710095,5.822781
way/61910372-380,564,296,3396.205,0.078781,0.646007
way/62251376-220,198,513,983.112,1.187792,5.958759
way/66038425-220,690,588,1474.668,0.073772,0.370089
way/68018969-1-220,236,339,491.556,0.09956,0.499461
way/68677653-1-380,589,6,1698.103,0.219736,1.801839
way/68677653-2-220,588,5,491.556,0.439585,2.205252
way/70691555-1-220,219,221,983.112,0.039185,0.196577
way/70814149-1-380,208,426,3396.205,0.024389,0.199993
way/712379294-220,13,355,983.112,0.223146,1.119448
way/727139056-220,337,367,983.112,0.09412,0.472167
way/729102365-380,141,143,3396.205,0.184536,1.513196
way/73306291-220,463,125,983.112,1.306109,6.552315
way/74003846-380,143,145,6792.41,0.021512,0.176398
way/74075920-380,619,599,3396.205,0.30476,2.499032
way/741770435-380,167,163,5094.308,0.016174,0.132629
way/760912582-1-220,164,159,491.556,0.599023,3.005097
way/76900159-1-380,131,130,1698.103,0.485098,3.9778
way/77179292-1-220,754,455,983.112,0.254818,1.278336
way/77179295-380,456,21,6792.41,0.029794,0.244312
way/786985537-380,773,661,3396.205,1.154137,9.46392
way/8017477-220,547,132,983.112,0.07709,0.386735
way/81234908-1-380,17,19,3396.205,0.099497,0.815876
way/812676716-220-a,249,63,983.112,0.472286,2.369299
way/812686808-220,322,63,491.556,0.517365,2.595448
way/81354098-1-380,462,680,3396.205,0.084774,0.695146
way/818506067-380,594,67,3396.205,0.621455,5.095929
way/82077681-1-380,228,224,1698.103,0.392562,3.219006
way/83688484-380,224,220,3396.205,0.049492,0.405836
way/844075807-1-380,719,176,3396.205,0.146148,1.198414
way/844126084-380,710,719,1698.103,0.093798,0.769141
way/844126085-380,710,719,1698.103,0.094324,0.773454
way/844126088-380,710,719,1698.103,0.094097,0.771599
way/844126089-380,710,719,1698.103,0.094551,0.775316
way/844126090-380,557,710,3396.205,0.084146,0.689998
way/844126092-380,558,193,3396.205,0.198973,1.631577
way/87280793-1-380,731,242,3396.205,0.141326,1.15887
way/881636328-380,15,441,3396.205,0.023144,0.18978
way/881636336-380,2,732,6792.41,0.072328,0.593088
way/883768282-380,734,733,1698.103,0.050897,0.417356
way/883928221-380,736,735,1698.103,0.100628,0.82515
way/89176927-220,742,816,983.112,0.308795,1.549121
way/89478841-220,202,707,983.112,0.05026,0.252139
way/901264741-220,148,1,491.556,1.094635,5.49142
way/907494428-380,720,500,3396.205,0.021519,0.176453
way/907517163-380,644,803,3396.205,0.138602,1.136537
way/907802873-1-380,433,193,1698.103,0.102528,0.840727
way/908473137-1-380,59,57,1698.103,0.048916,0.401113
way/91084404-220,121,124,1966.224,0.159728,0.801303
way/91086218-220,124,128,1966.224,0.077461,0.388596
way/91655761-220,86,88,983.112,0.102362,0.513517
way/91655776-220,88,303,983.112,0.117668,0.590302
way/92877623-220,10,753,983.112,0.046772,0.23464
way/92877636-2-220,11,10,983.112,0.039631,0.198815
way/92913327-2-220,369,668,983.112,0.170344,0.854562
way/93258454-220,82,453,1474.668,0.063622,0.319171
way/953757607-380,781,783,1698.103,0.383802,3.147179
way/953757609-380,781,783,1698.103,0.383544,3.145063
way/971780154-1-220-a,581,147,491.556,0.461158,2.313474
way/98382716-380,26,611,3396.205,0.349393,2.865023
way/998005837-1-380,139,141,1698.103,0.038156,0.312882
Elbe-Project,770,546,60,0.0001,0.0001
BorWin2,287,692,800,0.0001,0.0001
DolWin1,296,692,800,0.0001,0.0001
HelWin1,286,535,576,0.0001,0.0001
HelWin2,286,535,690,0.0001,0.0001
SylWin1,286,772,864,0.0001,0.0001
DolWin2,296,692,900,0.0001,0.0001
DolWin3,296,692,900,0.0001,0.0001
relation/12842815-400,827,802,1787.476,0.682021,5.592571
relation/3732382-400-a,827,802,1787.476,0.682021,5.592571
way/133787551-220,828,808,983.112,0.733255,3.678494
DE-SE,1,833,800,0.451275,3.700453
DE-BE,239,834,1200,0.451275,3.700453
DE-NO,535,835,1200,0.451275,3.700453
