datetime,demand_EOM,A360_building_load_profile,A360_building_heat_demand,A361_building_load_profile,A361_building_pv_power_profile,A361_building_heat_demand,A362_building_load_profile
2024-01-01 00:00:00,500.0,2.025e-05,1.8e-05,7.025e-05,0.0,1.8e-05,0.0001967499999999
2024-01-01 01:00:00,500.0,1.225e-05,1.8e-05,0.00018575,0.0,1.8e-05,0.00020675
2024-01-01 02:00:00,500.0,2.075e-05,1.8e-05,0.00011325,0.0,1.8e-05,0.000214
2024-01-01 03:00:00,500.0,2.25e-05,1.8e-05,2.95e-05,0.0,1.8e-05,0.000201
2024-01-01 04:00:00,100.0,1.5e-05,1.8e-05,3.125e-05,0.0,1.8e-05,0.00020725
2024-01-01 05:00:00,100.0,2.425e-05,1.8e-05,2.7e-05,0.0,1.8e-05,0.0001999999999999
2024-01-01 06:00:00,100.0,1.2e-05,1.8e-05,1e-05,1.5e-06,1.8e-05,0.00021625
2024-01-01 07:00:00,100.0,0.0002175,1.8e-05,0.0,2.225e-05,1.8e-05,0.0001975
2024-01-01 08:00:00,100.0,1.925e-05,1.8e-05,0.0,4e-05,1.8e-05,0.000208
2024-01-01 09:00:00,100.0,1.175e-05,1.8e-05,0.0,8.5e-05,1.8e-05,0.00015475
2024-01-01 10:00:00,100.0,2e-05,1.8e-05,5e-07,0.000176,1.8e-05,0.00014
2024-01-01 11:00:00,100.0,1.575e-05,1.8e-05,2.5e-07,0.000244,1.8e-05,9.275e-05
2024-01-01 12:00:00,100.0,1.2e-05,1.8e-05,0.000153,0.00010425,1.8e-05,0.0001595
2024-01-01 13:00:00,100.0,0.0001295,1.8e-05,0.00026225,0.0,1.8e-05,0.00017275
2024-01-01 14:00:00,100.0,2.525e-05,1.8e-05,1e-06,0.00013975,1.8e-05,0.0002095
2024-01-01 15:00:00,100.0,1.425e-05,1.8e-05,2.5e-07,0.00017175,1.8e-05,0.0002905
2024-01-01 16:00:00,100.0,1.975e-05,1.8e-05,0.0,8.65e-05,1.8e-05,0.00029575
2024-01-01 17:00:00,100.0,1.2e-05,1.8e-05,1.6499999999999998e-05,7.5e-05,1.8e-05,0.0001945
2024-01-01 18:00:00,100.0,1.75e-05,1.8e-05,0.00015975,1e-06,1.8e-05,0.00038075
2024-01-01 19:00:00,100.0,1.825e-05,1.8e-05,6.549999999999999e-05,0.0,1.8e-05,0.00055875
2024-01-01 20:00:00,100.0,1.2e-05,1.8e-05,5.275e-05,0.0,1.8e-05,0.00027125
2024-01-01 21:00:00,100.0,2.05e-05,1.8e-05,4.775e-05,0.0,1.8e-05,0.000133
2024-01-01 22:00:00,100.0,1.5e-05,1.8e-05,4.9e-05,0.0,1.8e-05,0.0001245
2024-01-01 23:00:00,100.0,1.125e-05,1.8e-05,8.6e-05,0.0,1.8e-05,7.975e-05
2024-01-02 00:00:00,100.0,0.000158,1.8e-05,0.00019025,0.0,1.8e-05,8.65e-05
2024-01-02 01:00:00,100.0,1.25e-05,1.8e-05,7.625e-05,0.0,1.8e-05,6.575e-05
2024-01-02 02:00:00,100.0,1.6250000000000002e-05,1.8e-05,3.0999999999999995e-05,0.0,1.8e-05,6.325e-05
2024-01-02 03:00:00,100.0,2.675e-05,1.8e-05,2.85e-05,0.0,1.8e-05,6.3e-05
2024-01-02 04:00:00,100.0,1.5e-05,1.8e-05,2.725e-05,0.0,1.8e-05,0.000101
2024-01-02 05:00:00,100.0,1.825e-05,1.8e-05,2.225e-05,1.25e-06,1.8e-05,5.725e-05
2024-01-02 06:00:00,100.0,1.675e-05,1.8e-05,2e-06,3.2e-05,1.8e-05,0.000176
2024-01-02 07:00:00,100.0,1.125e-05,1.8e-05,5e-07,3.125e-05,1.8e-05,9.675e-05
2024-01-02 08:00:00,100.0,2.05e-05,1.8e-05,0.0,0.0001195,1.8e-05,7.35e-05
2024-01-02 09:00:00,100.0,1.45e-05,1.8e-05,0.0,0.000148,1.8e-05,0.00015975
2024-01-02 10:00:00,100.0,1.3e-05,1.8e-05,5e-07,0.00014875,1.8e-05,0.00011925
2024-01-02 11:00:00,100.0,0.00016275,1.8e-05,9.5e-06,6.175000000000001e-05,1.8e-05,0.00018275
2024-01-02 12:00:00,100.0,1.225e-05,1.8e-05,0.0,0.00041725,1.8e-05,0.00018575
2024-01-02 13:00:00,100.0,1.5e-05,1.8e-05,0.0,0.0010925,1.8e-05,6.75e-05
2024-01-02 14:00:00,100.0,1.85e-05,1.8e-05,0.0,0.00097725,1.8e-05,0.000212
2024-01-02 15:00:00,100.0,1.2e-05,1.8e-05,0.0,0.00074825,1.8e-05,0.0003705
2024-01-02 16:00:00,100.0,1.925e-05,1.8e-05,0.0,0.00046,1.8e-05,0.00014175
2024-01-02 17:00:00,100.0,1.675e-05,1.8e-05,0.0,0.00041875,1.8e-05,0.00018025
2024-01-02 18:00:00,100.0,1.2e-05,1.8e-05,0.0,0.00032175,1.8e-05,0.0004015
2024-01-02 19:00:00,100.0,2.2e-05,1.8e-05,2.8e-05,8.724999999999999e-05,1.8e-05,0.0003845
2024-01-02 20:00:00,100.0,0.00025475,1.8e-05,0.0001477499999999,0.0,1.8e-05,0.00021775
2024-01-02 21:00:00,100.0,0.000278,1.8e-05,4.8e-05,0.0,1.8e-05,0.000357
2024-01-02 22:00:00,100.0,3.65e-05,1.8e-05,5.475e-05,0.0,1.8e-05,0.00018575
2024-01-02 23:00:00,100.0,1.225e-05,1.8e-05,4.9e-05,0.0,1.8e-05,6.075e-05
2024-01-03 00:00:00,100.0,1.975e-05,1.8e-05,4.025e-05,0.0,1.8e-05,9.05e-05
2024-01-03 01:00:00,100.0,1.6e-05,1.8e-05,2.85e-05,0.0,1.8e-05,6.675e-05
2024-01-03 02:00:00,100.0,0.000133,1.8e-05,2.875e-05,0.0,1.8e-05,7.2e-05
2024-01-03 03:00:00,100.0,2.8e-05,1.8e-05,2.875e-05,0.0,1.8e-05,8.225e-05
2024-01-03 04:00:00,100.0,1.475e-05,1.8e-05,3.2500000000000004e-05,0.0,1.8e-05,0.0001385
2024-01-03 05:00:00,100.0,1.625e-05,1.8e-05,6.1e-05,0.0,1.8e-05,0.00018075
2024-01-03 06:00:00,100.0,1.925e-05,1.8e-05,0.00014675,0.0,1.8e-05,0.0001245
2024-01-03 07:00:00,100.0,1.225e-05,1.8e-05,1.2e-05,5.3750000000000005e-05,1.8e-05,0.00011625
2024-01-03 08:00:00,100.0,0.000183,1.8e-05,1.25e-06,0.0001199999999999,1.8e-05,0.000592
2024-01-03 09:00:00,100.0,0.00013775,1.8e-05,0.0,0.0002785,1.8e-05,0.00040875
2024-01-03 10:00:00,100.0,2.2e-05,1.8e-05,0.0,0.00043275,1.8e-05,0.0001385
2024-01-03 11:00:00,100.0,2.175e-05,1.8e-05,0.0,0.000773,1.8e-05,3.725e-05
2024-01-03 12:00:00,100.0,1.225e-05,1.8e-05,0.0,0.00040025,1.8e-05,6.325e-05
2024-01-03 13:00:00,100.0,1.875e-05,1.8e-05,0.0,0.0001965,1.8e-05,3.525e-05
2024-01-03 14:00:00,100.0,1.675e-05,1.8e-05,7.5e-07,0.00022075,1.8e-05,0.00016225
2024-01-03 15:00:00,100.0,6.35e-05,1.8e-05,0.0,0.0003245,1.8e-05,7.2e-05
2024-01-03 16:00:00,100.0,0.00050825,1.8e-05,8.75e-06,0.00024375,1.8e-05,8.85e-05
2024-01-03 17:00:00,100.0,0.00019225,1.8e-05,2.45e-05,3.425e-05,1.8e-05,0.00058825
2024-01-03 18:00:00,100.0,4.525e-05,1.8e-05,0.0,3.575e-05,1.8e-05,0.0001715
2024-01-03 19:00:00,100.0,3.775e-05,1.8e-05,2.25e-06,2.4e-05,1.8e-05,0.00018825
2024-01-03 20:00:00,100.0,4.225e-05,1.8e-05,2.725e-05,0.0,1.8e-05,0.0002402499999999
2024-01-03 21:00:00,100.0,5.375e-05,1.8e-05,2.975e-05,0.0,1.8e-05,0.00041275
2024-01-03 22:00:00,100.0,3.075e-05,1.8e-05,6.225e-05,0.0,1.8e-05,0.00026425
2024-01-03 23:00:00,100.0,0.000116,1.8e-05,8.075e-05,0.0,1.8e-05,0.0002135
2024-01-04 00:00:00,100.0,2.075e-05,1.8e-05,0.000146,0.0,1.8e-05,0.0001835
2024-01-04 01:00:00,100.0,1.225e-05,1.8e-05,0.000147,0.0,1.8e-05,8.7e-05
2024-01-04 02:00:00,100.0,2.1e-05,1.8e-05,2.85e-05,0.0,1.8e-05,7.950000000000001e-05
2024-01-04 03:00:00,100.0,2.25e-05,1.8e-05,3.025e-05,0.0,1.8e-05,8.525e-05
2024-01-04 04:00:00,100.0,1.5499999999999997e-05,1.8e-05,3.15e-05,0.0,1.8e-05,0.00010625
2024-01-04 05:00:00,100.0,2.25e-05,1.8e-05,2.425e-05,0.0,1.8e-05,0.0001625
2024-01-04 06:00:00,100.0,0.00016925,1.8e-05,0.0,3.85e-05,1.8e-05,0.0002145
2024-01-04 07:00:00,100.0,1.7e-05,1.8e-05,0.0,0.00011925,1.8e-05,6.2e-05
2024-01-04 08:00:00,100.0,1.75e-05,1.8e-05,0.0,0.000514,1.8e-05,1.6e-05
2024-01-04 09:00:00,100.0,1.225e-05,1.8e-05,0.0,0.00082,1.8e-05,7.575e-05
2024-01-04 10:00:00,100.0,2.25e-05,1.8e-05,0.0,0.0007775,1.8e-05,7e-06
2024-01-04 11:00:00,100.0,1.4e-05,1.8e-05,0.0,0.00092875,1.8e-05,0.0
2024-01-04 12:00:00,100.0,1.4e-05,1.8e-05,0.0,0.0010982499999999,1.8e-05,7.5e-07
2024-01-04 13:00:00,100.0,2.025e-05,1.8e-05,0.0,0.0010895,1.8e-05,0.0
2024-01-04 14:00:00,100.0,1.175e-05,1.8e-05,0.0,0.00146175,1.8e-05,0.0
2024-01-04 15:00:00,100.0,1.85e-05,1.8e-05,0.0,0.00107275,1.8e-05,0.0
2024-01-04 16:00:00,100.0,9.85e-05,1.8e-05,0.0,0.0010395,1.8e-05,3.125e-05
2024-01-04 17:00:00,100.0,6.225000000000001e-05,1.8e-05,5.75e-06,0.0006335,1.8e-05,0.0
2024-01-04 18:00:00,100.0,0.00032625,1.8e-05,1e-06,0.00025625,1.8e-05,7.950000000000001e-05
2024-01-04 19:00:00,100.0,1.325e-05,1.8e-05,5.075e-05,1.45e-05,1.8e-05,0.00030825
2024-01-04 20:00:00,100.0,3.9e-05,1.8e-05,3.375e-05,0.0,1.8e-05,0.00033825
2024-01-04 21:00:00,100.0,0.000192,1.8e-05,6.025e-05,0.0,1.8e-05,0.000174
2024-01-04 22:00:00,100.0,1.6e-05,1.8e-05,5.925e-05,0.0,1.8e-05,0.0001165
2024-01-04 23:00:00,100.0,2.1e-05,1.8e-05,3.525e-05,0.0,1.8e-05,5.35e-05
2024-01-05 00:00:00,100.0,1.6000000000000003e-05,1.8e-05,3.05e-05,0.0,1.8e-05,6.5e-05
2024-01-05 01:00:00,100.0,1.325e-05,1.8e-05,2.925e-05,0.0,1.8e-05,4.975e-05
2024-01-05 02:00:00,100.0,2.425e-05,1.8e-05,2.875e-05,0.0,1.8e-05,6.8e-05
2024-01-05 03:00:00,100.0,1.725e-05,1.8e-05,9.25e-05,0.0,1.8e-05,5.825e-05
2024-01-05 04:00:00,100.0,0.0001275,1.8e-05,0.0001895,0.0,1.8e-05,8.950000000000001e-05
2024-01-05 05:00:00,100.0,1.825e-05,1.8e-05,2.95e-05,6.5e-06,1.8e-05,0.00012675
2024-01-05 06:00:00,100.0,3.4e-05,1.8e-05,5e-07,0.000158,1.8e-05,7.950000000000001e-05
2024-01-05 07:00:00,100.0,2.325e-05,1.8e-05,0.0,0.0003945,1.8e-05,3.75e-06
2024-01-05 08:00:00,100.0,1.375e-05,1.8e-05,0.0,0.0005665,1.8e-05,0.0
2024-01-05 09:00:00,100.0,1.55e-05,1.8e-05,0.0,0.00068525,1.8e-05,7.95e-05
2024-01-05 10:00:00,100.0,1.975e-05,1.8e-05,2.5e-07,0.00051325,1.8e-05,0.00011925
2024-01-05 11:00:00,100.0,0.00013025,1.8e-05,0.0,0.0007,1.8e-05,0.0001632499999999
2024-01-05 12:00:00,100.0,1.9e-05,1.8e-05,0.0,0.001147,1.8e-05,1e-05
2024-01-05 13:00:00,100.0,1.7e-05,1.8e-05,0.0,0.001119,1.8e-05,0.0
2024-01-05 14:00:00,100.0,1.225e-05,1.8e-05,0.0,0.00120275,1.8e-05,0.0
2024-01-05 15:00:00,100.0,2.275e-05,1.8e-05,0.0,0.0008895,1.8e-05,8.75e-06
2024-01-05 16:00:00,100.0,2.525e-05,1.8e-05,0.0,0.000814,1.8e-05,3.15e-05
2024-01-05 17:00:00,100.0,0.00010975,1.8e-05,0.0,0.000579,1.8e-05,1.875e-05
2024-01-05 18:00:00,100.0,0.0004269999999999,1.8e-05,0.0,0.0002925,1.8e-05,0.000262
2024-01-05 19:00:00,100.0,0.00044175,1.8e-05,0.0,0.00012475,1.8e-05,2.85e-05
2024-01-05 20:00:00,100.0,2.275e-05,1.8e-05,8.75e-06,8.25e-06,1.8e-05,0.0003375
2024-01-05 21:00:00,100.0,2.125e-05,1.8e-05,6.1e-05,0.0,1.8e-05,0.00028225
2024-01-05 22:00:00,100.0,2.625e-05,1.8e-05,0.00021975,0.0,1.8e-05,7.95e-05
2024-01-05 23:00:00,100.0,1.5499999999999997e-05,1.8e-05,0.00015,0.0,1.8e-05,6.4e-05
2024-01-06 00:00:00,100.0,1.475e-05,1.8e-05,3.3e-05,0.0,1.8e-05,7.175e-05
2024-01-06 01:00:00,100.0,0.0001265,1.8e-05,2.95e-05,0.0,1.8e-05,6.975e-05
2024-01-06 02:00:00,100.0,2.8e-05,1.8e-05,2.975e-05,0.0,1.8e-05,5.575e-05
2024-01-06 03:00:00,100.0,2.525e-05,1.8e-05,2.975e-05,0.0,1.8e-05,6.500000000000001e-05
2024-01-06 04:00:00,100.0,2.05e-05,1.8e-05,3.125e-05,0.0,1.8e-05,7.3e-05
2024-01-06 05:00:00,100.0,1.2e-05,1.8e-05,1.65e-05,7.5e-07,1.8e-05,0.0002035
2024-01-06 06:00:00,100.0,4.775e-05,1.8e-05,2.5e-07,0.00013625,1.8e-05,4.275e-05
2024-01-06 07:00:00,100.0,1.375e-05,1.8e-05,2.5e-07,0.00038725,1.8e-05,1.975e-05
2024-01-06 08:00:00,100.0,0.000137,1.8e-05,0.0,0.00030175,1.8e-05,0.0
2024-01-06 09:00:00,100.0,2e-05,1.8e-05,4.225e-05,0.000598,1.8e-05,0.0
2024-01-06 10:00:00,100.0,1.175e-05,1.8e-05,2.25e-06,0.00085825,1.8e-05,0.0
2024-01-06 11:00:00,100.0,1.975e-05,1.8e-05,0.0,0.00133825,1.8e-05,0.0
2024-01-06 12:00:00,100.0,1.725e-05,1.8e-05,0.0,0.00145575,1.8e-05,0.0
2024-01-06 13:00:00,100.0,1.25e-05,1.8e-05,0.0,0.00138825,1.8e-05,0.0
2024-01-06 14:00:00,100.0,2.3e-05,1.8e-05,0.0,0.0013275,1.8e-05,0.0
2024-01-06 15:00:00,100.0,2.325e-05,1.8e-05,0.0,0.00107175,1.8e-05,0.0
2024-01-06 16:00:00,100.0,0.00013825,1.8e-05,0.0,0.0009135,1.8e-05,0.0
2024-01-06 17:00:00,100.0,2.025e-05,1.8e-05,0.0,0.00057125,1.8e-05,1e-06
2024-01-06 18:00:00,100.0,1.55e-05,1.8e-05,0.0,0.0002735,1.8e-05,0.000188
2024-01-06 19:00:00,100.0,0.0008587499999999,1.8e-05,0.0,0.0001225,1.8e-05,3.85e-05
2024-01-06 20:00:00,100.0,0.00280425,1.8e-05,8.5e-06,8.25e-06,1.8e-05,0.000214
2024-01-06 21:00:00,100.0,0.0026635,1.8e-05,3.2e-05,0.0,1.8e-05,0.00023425
2024-01-06 22:00:00,100.0,0.00096575,1.8e-05,3.2500000000000004e-05,0.0,1.8e-05,0.00013825
2024-01-06 23:00:00,100.0,2.025e-05,1.8e-05,3.175e-05,0.0,1.8e-05,7.774999999999999e-05
2024-01-07 00:00:00,100.0,1.175e-05,1.8e-05,3.325e-05,0.0,1.8e-05,9.175e-05
2024-01-07 01:00:00,100.0,2.25e-05,1.8e-05,2.925e-05,0.0,1.8e-05,5.875e-05
2024-01-07 02:00:00,100.0,0.00012825,1.8e-05,0.00016875,0.0,1.8e-05,6.75e-05
2024-01-07 03:00:00,100.0,2.65e-05,1.8e-05,0.00012675,0.0,1.8e-05,5.775e-05
2024-01-07 04:00:00,100.0,2.525e-05,1.8e-05,3.05e-05,0.0,1.8e-05,8.2e-05
2024-01-07 05:00:00,100.0,1.25e-05,1.8e-05,1.35e-05,9e-06,1.8e-05,0.000156
2024-01-07 06:00:00,100.0,5.075e-05,1.8e-05,3.25e-06,2.975e-05,1.8e-05,0.00011925
2024-01-07 07:00:00,100.0,0.000135,1.8e-05,0.0,0.000192,1.8e-05,0.000265
2024-01-07 08:00:00,100.0,1.225e-05,1.8e-05,0.0,0.000499,1.8e-05,0.00010475
2024-01-07 09:00:00,100.0,2.25e-05,1.8e-05,0.0,0.00038525,1.8e-05,9.75e-05
2024-01-07 10:00:00,100.0,1.25e-05,1.8e-05,0.0,0.000557,1.8e-05,0.0002605
2024-01-07 11:00:00,100.0,1.75e-05,1.8e-05,0.0,0.00104775,1.8e-05,2.5e-07
2024-01-07 12:00:00,100.0,1.9e-05,1.8e-05,0.0,0.0006085,1.8e-05,1.4e-05
2024-01-07 13:00:00,100.0,1.225e-05,1.8e-05,0.0,0.00096375,1.8e-05,7.825e-05
2024-01-07 14:00:00,100.0,2.175e-05,1.8e-05,0.0,0.00061425,1.8e-05,4.75e-06
2024-01-07 15:00:00,100.0,1.425e-05,1.8e-05,0.0,0.00091475,1.8e-05,0.0
2024-01-07 16:00:00,100.0,1.4e-05,1.8e-05,0.0,0.00033175,1.8e-05,2.25e-05
2024-01-07 17:00:00,100.0,0.00018675,1.8e-05,0.0,0.000305,1.8e-05,5.425e-05
2024-01-07 18:00:00,100.0,0.00015525,1.8e-05,7.5e-07,0.00032525,1.8e-05,0.00012325
2024-01-07 19:00:00,100.0,3.925e-05,1.8e-05,0.0001374999999999,2.825e-05,1.8e-05,0.00022
2024-01-07 20:00:00,100.0,4.2e-05,1.8e-05,0.0003055,0.0,1.8e-05,0.00022
2024-01-07 21:00:00,100.0,4.45e-05,1.8e-05,0.0002485,0.0,1.8e-05,0.0002795
2024-01-07 22:00:00,100.0,3.975e-05,1.8e-05,0.0001125,0.0,1.8e-05,0.00013075
2024-01-07 23:00:00,100.0,1.5e-05,1.8e-05,9.275e-05,0.0,1.8e-05,5.275e-05
2024-01-08 00:00:00,100.0,3.125e-05,1.8e-05,5.3e-05,0.0,1.8e-05,6.2e-05
2024-01-08 01:00:00,100.0,0.000116,1.8e-05,3.8e-05,0.0,1.8e-05,6.649999999999999e-05
2024-01-08 02:00:00,100.0,1.275e-05,1.8e-05,3.825e-05,0.0,1.8e-05,6.7e-05
2024-01-08 03:00:00,100.0,2.625e-05,1.8e-05,4.025e-05,0.0,1.8e-05,6.65e-05
2024-01-08 04:00:00,100.0,1.925e-05,1.8e-05,3.975e-05,0.0,1.8e-05,5.1e-05
2024-01-08 05:00:00,100.0,1.7e-05,1.8e-05,2.225e-05,3.25e-06,1.8e-05,4.85e-05
2024-01-08 06:00:00,100.0,2.35e-05,1.8e-05,5e-07,0.00012675,1.8e-05,1.8e-05
2024-01-08 07:00:00,100.0,4.4e-05,1.8e-05,0.0,0.0004345,1.8e-05,4.925e-05
2024-01-08 08:00:00,100.0,0.000147,1.8e-05,0.0,0.0006725,1.8e-05,4.525e-05
2024-01-08 09:00:00,100.0,1.55e-05,1.8e-05,0.0,0.0009285,1.8e-05,2.9e-05
2024-01-08 10:00:00,100.0,1.425e-05,1.8e-05,0.0,0.00115175,1.8e-05,0.0
2024-01-08 11:00:00,100.0,2.15e-05,1.8e-05,0.0,0.001082,1.8e-05,0.0
2024-01-08 12:00:00,100.0,1.175e-05,1.8e-05,0.0,0.00140625,1.8e-05,0.0
2024-01-08 13:00:00,100.0,1.925e-05,1.8e-05,0.0,0.0012645,1.8e-05,7.5e-07
2024-01-08 14:00:00,100.0,1.725e-05,1.8e-05,0.0,0.00114975,1.8e-05,0.0
2024-01-08 15:00:00,100.0,3.95e-05,1.8e-05,0.0,0.00094625,1.8e-05,0.0
2024-01-08 16:00:00,100.0,0.0030255,1.8e-05,0.0,0.00049925,1.8e-05,1.95e-05
2024-01-08 17:00:00,100.0,0.00271575,1.8e-05,1.325e-05,2.325e-05,1.8e-05,0.00036925
2024-01-08 18:00:00,100.0,0.002607,1.8e-05,0.0001987499999999,1e-06,1.8e-05,0.0005939999999999
2024-01-08 19:00:00,100.0,0.00071375,1.8e-05,0.0002705,0.0,1.8e-05,0.000422
2024-01-08 20:00:00,100.0,0.00013225,1.8e-05,0.00012225,0.0,1.8e-05,0.00032925
2024-01-08 21:00:00,100.0,4.975e-05,1.8e-05,9.375e-05,0.0,1.8e-05,0.000614
2024-01-08 22:00:00,100.0,3.75e-05,1.8e-05,8.975e-05,0.0,1.8e-05,0.000352
2024-01-08 23:00:00,100.0,4.425e-05,1.8e-05,4.475e-05,0.0,1.8e-05,5.85e-05
2024-01-09 00:00:00,100.0,5.1e-05,1.8e-05,4.05e-05,0.0,1.8e-05,4.9e-05
2024-01-09 01:00:00,100.0,4.125e-05,1.8e-05,3.825e-05,0.0,1.8e-05,5.4e-05
2024-01-09 02:00:00,100.0,3.45e-05,1.8e-05,3.825e-05,0.0,1.8e-05,6.775e-05
2024-01-09 03:00:00,100.0,0.0001405,1.8e-05,7.6e-05,0.0,1.8e-05,5.325e-05
2024-01-09 04:00:00,100.0,1.525e-05,1.8e-05,0.00020425,0.0,1.8e-05,6.825e-05
2024-01-09 05:00:00,100.0,2.2e-05,1.8e-05,6e-05,0.0,1.8e-05,6.950000000000001e-05
2024-01-09 06:00:00,100.0,8.725e-05,1.8e-05,1.525e-05,4.75e-06,1.8e-05,4e-05
2024-01-09 07:00:00,100.0,0.00016225,1.8e-05,3.25e-06,0.0001005,1.8e-05,0.0002354999999999
2024-01-09 08:00:00,100.0,8.8e-05,1.8e-05,0.0,0.000614,1.8e-05,3.325e-05
2024-01-09 09:00:00,100.0,1.3e-05,1.8e-05,7.5e-07,0.00065525,1.8e-05,7.3e-05
2024-01-09 10:00:00,100.0,2e-05,1.8e-05,0.0,0.00102575,1.8e-05,0.0
2024-01-09 11:00:00,100.0,2.1e-05,1.8e-05,0.0,0.0006335,1.8e-05,8.1e-05
2024-01-09 12:00:00,100.0,0.00025975,1.8e-05,0.0,0.00047375,1.8e-05,0.000174
2024-01-09 13:00:00,100.0,3.4e-05,1.8e-05,0.0,0.0001985,1.8e-05,0.00023325
2024-01-09 14:00:00,100.0,4.575e-05,1.8e-05,0.0,0.00105675,1.8e-05,0.00011
2024-01-09 15:00:00,100.0,1.45e-05,1.8e-05,0.0,0.0007765,1.8e-05,0.000174
2024-01-09 16:00:00,100.0,3.3e-05,1.8e-05,0.0,0.00059975,1.8e-05,0.00029275
2024-01-09 17:00:00,100.0,8.325e-05,1.8e-05,0.0,0.000373,1.8e-05,0.000214
2024-01-09 18:00:00,100.0,0.00010625,1.8e-05,4.525e-05,4.975e-05,1.8e-05,3.95e-05
2024-01-09 19:00:00,100.0,0.0002555,1.8e-05,7.125e-05,0.0,1.8e-05,0.00016225
2024-01-09 20:00:00,100.0,0.00019475,1.8e-05,0.0001815,1e-06,1.8e-05,0.000141
2024-01-09 21:00:00,100.0,6.925e-05,1.8e-05,0.0001665,0.0,1.8e-05,0.00012475
2024-01-09 22:00:00,100.0,2.425e-05,1.8e-05,6.475e-05,0.0,1.8e-05,0.00011925
2024-01-09 23:00:00,100.0,2.275e-05,1.8e-05,3e-05,0.0,1.8e-05,9.75e-05
2024-01-10 00:00:00,100.0,1.975e-05,1.8e-05,2.85e-05,0.0,1.8e-05,6.15e-05
2024-01-10 01:00:00,100.0,0.00011925,1.8e-05,3e-05,0.0,1.8e-05,7.125e-05
2024-01-10 02:00:00,100.0,2.1e-05,1.8e-05,3.225e-05,0.0,1.8e-05,6.825e-05
2024-01-10 03:00:00,100.0,2.525e-05,1.8e-05,3.05e-05,0.0,1.8e-05,4.9e-05
2024-01-10 04:00:00,100.0,1.5000000000000002e-05,1.8e-05,2.85e-05,0.0,1.8e-05,7.45e-05
2024-01-10 05:00:00,100.0,2.05e-05,1.8e-05,1.475e-05,5.5e-06,1.8e-05,0.00012525
2024-01-10 06:00:00,100.0,2.1e-05,1.8e-05,2e-06,3.725e-05,1.8e-05,0.00010475
2024-01-10 07:00:00,100.0,3.9e-05,1.8e-05,0.00012325,5.25e-06,1.8e-05,3.9e-05
2024-01-10 08:00:00,100.0,0.00013525,1.8e-05,9.15e-05,0.0,1.8e-05,3.025e-05
2024-01-10 09:00:00,100.0,1.825e-05,1.8e-05,4.5e-06,0.00013275,1.8e-05,5.15e-05
2024-01-10 10:00:00,100.0,1.15e-05,1.8e-05,0.0,0.0002322499999999,1.8e-05,0.0
2024-01-10 11:00:00,100.0,2.05e-05,1.8e-05,2.5e-07,0.00028625,1.8e-05,2e-06
2024-01-10 12:00:00,100.0,1.8e-05,1.8e-05,0.0,0.000164,1.8e-05,5.6250000000000005e-05
2024-01-10 13:00:00,100.0,1.125e-05,1.8e-05,0.0,0.00033825,1.8e-05,1.5e-06
2024-01-10 14:00:00,100.0,2.025e-05,1.8e-05,0.0,0.00043475,1.8e-05,0.0
2024-01-10 15:00:00,100.0,1.9e-05,1.8e-05,0.0,0.00062375,1.8e-05,8.5e-06
2024-01-10 16:00:00,100.0,0.0001655,1.8e-05,0.0,0.00098375,1.8e-05,9.7e-05
2024-01-10 17:00:00,100.0,2.3e-05,1.8e-05,6e-06,0.000492,1.8e-05,9.425e-05
2024-01-10 18:00:00,100.0,0.0005865,1.8e-05,0.0,0.000164,1.8e-05,0.00010525
2024-01-10 19:00:00,100.0,0.0001464999999999,1.8e-05,2.5e-07,0.000157,1.8e-05,0.00015725
2024-01-10 20:00:00,100.0,4.3e-05,1.8e-05,9.6e-05,2.5e-07,1.8e-05,0.0001755
2024-01-10 21:00:00,100.0,4.1500000000000006e-05,1.8e-05,7.375e-05,0.0,1.8e-05,0.0002594999999999
2024-01-10 22:00:00,100.0,0.0001355,1.8e-05,5.3e-05,0.0,1.8e-05,0.0001495
2024-01-10 23:00:00,100.0,2.175e-05,1.8e-05,2.8e-05,0.0,1.8e-05,9.65e-05
2024-01-11 00:00:00,100.0,1.7e-05,1.8e-05,2.85e-05,0.0,1.8e-05,5.25e-05
2024-01-11 01:00:00,100.0,1.175e-05,1.8e-05,2.825e-05,0.0,1.8e-05,7.5e-05
2024-01-11 02:00:00,100.0,2.225e-05,1.8e-05,3.175e-05,0.0,1.8e-05,7.425e-05
2024-01-11 03:00:00,100.0,2.625e-05,1.8e-05,2.825e-05,0.0,1.8e-05,6.3e-05
2024-01-11 04:00:00,100.0,1.475e-05,1.8e-05,0.00010075,0.0,1.8e-05,5.35e-05
2024-01-11 05:00:00,100.0,1.875e-05,1.8e-05,0.000179,0.0,1.8e-05,0.0001275
2024-01-11 06:00:00,100.0,0.0001742499999999,1.8e-05,1.05e-05,1e-06,1.8e-05,0.00037125
2024-01-11 07:00:00,100.0,1.425e-05,1.8e-05,1.675e-05,1.75e-06,1.8e-05,0.0001995
2024-01-11 08:00:00,100.0,1.825e-05,1.8e-05,2.25e-05,7.5e-07,1.8e-05,0.00018175
2024-01-11 09:00:00,100.0,2.125e-05,1.8e-05,0.0,6.299999999999999e-05,1.8e-05,6.2e-05
2024-01-11 10:00:00,100.0,1.175e-05,1.8e-05,0.0,7.2e-05,1.8e-05,9.775e-05
2024-01-11 11:00:00,100.0,1.6250000000000002e-05,1.8e-05,0.0,0.00011,1.8e-05,0.0001205
2024-01-11 12:00:00,100.0,2.2e-05,1.8e-05,0.0,0.00026875,1.8e-05,0.00019575
2024-01-11 13:00:00,100.0,1.125e-05,1.8e-05,0.0,0.00022125,1.8e-05,0.000187
2024-01-11 14:00:00,100.0,1.475e-05,1.8e-05,0.0,0.000347,1.8e-05,9.225e-05
2024-01-11 15:00:00,100.0,2.225e-05,1.8e-05,1.325e-05,0.0004065,1.8e-05,1.7e-05
2024-01-11 16:00:00,100.0,1.325e-05,1.8e-05,0.0,0.0001965,1.8e-05,6.85e-05
2024-01-11 17:00:00,100.0,0.00016575,1.8e-05,3.975e-05,5.675e-05,1.8e-05,2.475e-05
2024-01-11 18:00:00,100.0,0.00041425,1.8e-05,2.2e-05,5e-06,1.8e-05,0.00053675
2024-01-11 19:00:00,100.0,6e-05,1.8e-05,2.975e-05,0.0,1.8e-05,0.00044775
2024-01-11 20:00:00,100.0,0.0004675,1.8e-05,4.225e-05,0.0,1.8e-05,0.00050725
2024-01-11 21:00:00,100.0,0.0001025,1.8e-05,5.35e-05,0.0,1.8e-05,0.00029275
2024-01-11 22:00:00,100.0,2.35e-05,1.8e-05,3.375e-05,0.0,1.8e-05,0.00019025
2024-01-11 23:00:00,100.0,2.275e-05,1.8e-05,0.00016575,0.0,1.8e-05,5.75e-05
2024-01-12 00:00:00,100.0,1.575e-05,1.8e-05,0.00012675,0.0,1.8e-05,6.4e-05
2024-01-12 01:00:00,100.0,0.000111,1.8e-05,2.825e-05,0.0,1.8e-05,4.975e-05
2024-01-12 02:00:00,100.0,2.5e-05,1.8e-05,3.025e-05,0.0,1.8e-05,8.375e-05
2024-01-12 03:00:00,100.0,2.125e-05,1.8e-05,3e-05,0.0,1.8e-05,6.525e-05
2024-01-12 04:00:00,100.0,1.45e-05,1.8e-05,2.875e-05,0.0,1.8e-05,7.9e-05
2024-01-12 05:00:00,100.0,2.2e-05,1.8e-05,2.85e-05,0.0,1.8e-05,0.0001525
2024-01-12 06:00:00,100.0,4.475e-05,1.8e-05,1.125e-05,1.3e-05,1.8e-05,0.00020275
2024-01-12 07:00:00,100.0,0.000118,1.8e-05,1e-06,9.4e-05,1.8e-05,0.00012625
2024-01-12 08:00:00,100.0,2.25e-05,1.8e-05,0.0,0.000136,1.8e-05,0.0001832499999999
2024-01-12 09:00:00,100.0,1.6e-05,1.8e-05,5e-07,0.00025925,1.8e-05,0.00018375
2024-01-12 10:00:00,100.0,1.175e-05,1.8e-05,0.0,0.000572,1.8e-05,4.6e-05
2024-01-12 11:00:00,100.0,2.275e-05,1.8e-05,0.0,0.00103125,1.8e-05,8.5e-06
2024-01-12 12:00:00,100.0,1.775e-05,1.8e-05,0.0,0.00087725,1.8e-05,4.65e-05
2024-01-12 13:00:00,100.0,1.2e-05,1.8e-05,0.0,0.00094025,1.8e-05,5.675e-05
2024-01-12 14:00:00,100.0,3.025e-05,1.8e-05,0.0,0.0011325,1.8e-05,6.5e-06
2024-01-12 15:00:00,100.0,3.875e-05,1.8e-05,0.0,0.0010427499999999,1.8e-05,9.5e-06
2024-01-12 16:00:00,100.0,0.0002012499999999,1.8e-05,0.0,0.00108,1.8e-05,6.05e-05
2024-01-12 17:00:00,100.0,0.0005775,1.8e-05,4.75e-06,0.000646,1.8e-05,0.0005245
2024-01-12 18:00:00,100.0,4.65e-05,1.8e-05,1.075e-05,0.00022475,1.8e-05,0.000135
2024-01-12 19:00:00,100.0,1.2750000000000002e-05,1.8e-05,4.2e-05,7.85e-05,1.8e-05,8.975e-05
2024-01-12 20:00:00,100.0,5.175e-05,1.8e-05,0.00011575,0.0,1.8e-05,0.00024775
2024-01-12 21:00:00,100.0,6.75e-05,1.8e-05,3.35e-05,0.0,1.8e-05,0.00026025
2024-01-12 22:00:00,100.0,3.45e-05,1.8e-05,0.0001309999999999,0.0,1.8e-05,0.00013175
2024-01-12 23:00:00,100.0,0.000133,1.8e-05,9.375e-05,0.0,1.8e-05,6.675e-05
2024-01-13 00:00:00,100.0,2.1e-05,1.8e-05,3.2500000000000004e-05,0.0,1.8e-05,4.25e-05
2024-01-13 01:00:00,100.0,2.125e-05,1.8e-05,2.95e-05,0.0,1.8e-05,6.25e-05
2024-01-13 02:00:00,100.0,1.325e-05,1.8e-05,2.775e-05,0.0,1.8e-05,6.874999999999999e-05
2024-01-13 03:00:00,100.0,2.3e-05,1.8e-05,2.7e-05,0.0,1.8e-05,6.475e-05
2024-01-13 04:00:00,100.0,2.45e-05,1.8e-05,2.8e-05,0.0,1.8e-05,0.00011625
2024-01-13 05:00:00,100.0,1.45e-05,1.8e-05,2e-05,2.75e-06,1.8e-05,0.0001607499999999
2024-01-13 06:00:00,100.0,0.00011075,1.8e-05,0.0,8.4e-05,1.8e-05,0.00011275
2024-01-13 07:00:00,100.0,7.95e-05,1.8e-05,5e-07,0.00016,1.8e-05,2.4e-05
2024-01-13 08:00:00,100.0,1.55e-05,1.8e-05,0.0,0.0005585,1.8e-05,0.0
2024-01-13 09:00:00,100.0,1.15e-05,1.8e-05,0.0,0.001014,1.8e-05,2.25e-05
2024-01-13 10:00:00,100.0,2.2e-05,1.8e-05,0.0,0.00101075,1.8e-05,0.0
2024-01-13 11:00:00,100.0,1.825e-05,1.8e-05,5e-07,0.000977,1.8e-05,2.825e-05
2024-01-13 12:00:00,100.0,1.2e-05,1.8e-05,0.0,0.00101975,1.8e-05,5.25e-06
2024-01-13 13:00:00,100.0,3.15e-05,1.8e-05,2.5e-07,0.00030625,1.8e-05,0.0001355
2024-01-13 14:00:00,100.0,0.00040775,1.8e-05,0.0,0.0006897499999999,1.8e-05,0.000121
2024-01-13 15:00:00,100.0,0.00019375,1.8e-05,0.0,0.00024325,1.8e-05,7.500000000000001e-05
2024-01-13 16:00:00,100.0,5.65e-05,1.8e-05,0.0,0.000907,1.8e-05,1.25e-06
2024-01-13 17:00:00,100.0,0.0001675,1.8e-05,4.75e-06,0.0006432499999999,1.8e-05,1.225e-05
2024-01-13 18:00:00,100.0,1.125e-05,1.8e-05,6.974999999999999e-05,8.375e-05,1.8e-05,0.00016875
2024-01-13 19:00:00,100.0,1.6000000000000003e-05,1.8e-05,8e-06,3.725e-05,1.8e-05,0.0002065
2024-01-13 20:00:00,100.0,2.275e-05,1.8e-05,2.125e-05,0.0,1.8e-05,0.0004105
2024-01-13 21:00:00,100.0,2.375e-05,1.8e-05,5.225e-05,0.0,1.8e-05,0.0001885
2024-01-13 22:00:00,100.0,1.45e-05,1.8e-05,3.85e-05,0.0,1.8e-05,0.000242
2024-01-13 23:00:00,100.0,0.00012725,1.8e-05,2.8e-05,0.0,1.8e-05,0.0001265
2024-01-14 00:00:00,100.0,2.3e-05,1.8e-05,2.8e-05,0.0,1.8e-05,7.4e-05
2024-01-14 01:00:00,100.0,1.2e-05,1.8e-05,3.15e-05,0.0,1.8e-05,8.475e-05
2024-01-14 02:00:00,100.0,1.7e-05,1.8e-05,3.05e-05,0.0,1.8e-05,7.15e-05
2024-01-14 03:00:00,100.0,2.95e-05,1.8e-05,2.8e-05,0.0,1.8e-05,6.625e-05
2024-01-14 04:00:00,100.0,1.85e-05,1.8e-05,0.00015925,0.0,1.8e-05,9.4e-05
2024-01-14 05:00:00,100.0,1.15e-05,1.8e-05,0.000128,1.725e-05,1.8e-05,0.000118
2024-01-14 06:00:00,100.0,4.575e-05,1.8e-05,0.0,0.00016725,1.8e-05,0.0001915
2024-01-14 07:00:00,100.0,0.00015175,1.8e-05,0.0,0.00040775,1.8e-05,3.15e-05
2024-01-14 08:00:00,100.0,1.15e-05,1.8e-05,0.0,0.00059125,1.8e-05,0.000154
2024-01-14 09:00:00,100.0,1.6250000000000002e-05,1.8e-05,0.0,0.00072025,1.8e-05,3.15e-05
2024-01-14 10:00:00,100.0,2.425e-05,1.8e-05,0.0,0.00081075,1.8e-05,0.000138
2024-01-14 11:00:00,100.0,0.000567,1.8e-05,7.1e-05,0.00024275,1.8e-05,1.775e-05
2024-01-14 12:00:00,100.0,5.8e-05,1.8e-05,1.325e-05,0.00032175,1.8e-05,4.35e-05
2024-01-14 13:00:00,100.0,2.025e-05,1.8e-05,0.0,0.00052225,1.8e-05,4e-05
2024-01-14 14:00:00,100.0,2.125e-05,1.8e-05,0.0,0.0006525,1.8e-05,6.1e-05
2024-01-14 15:00:00,100.0,1.2e-05,1.8e-05,0.0,0.00088075,1.8e-05,1.5e-06
2024-01-14 16:00:00,100.0,2.9e-05,1.8e-05,0.0,0.00093075,1.8e-05,4e-06
2024-01-14 17:00:00,100.0,0.000474,1.8e-05,0.0,0.00080375,1.8e-05,0.0
2024-01-14 18:00:00,100.0,0.0001474999999999,1.8e-05,0.0,0.0003985,1.8e-05,1e-06
2024-01-14 19:00:00,100.0,1.225e-05,1.8e-05,8.175000000000001e-05,1.375e-05,1.8e-05,2.425e-05
2024-01-14 20:00:00,100.0,0.00051125,1.8e-05,0.00011225,0.0,1.8e-05,5.375e-05
2024-01-14 21:00:00,100.0,0.00265925,1.8e-05,7.175e-05,0.0,1.8e-05,4.85e-05
2024-01-14 22:00:00,100.0,0.00262675,1.8e-05,5.675e-05,0.0,1.8e-05,0.00019825
2024-01-14 23:00:00,100.0,0.00262125,1.8e-05,5.15e-05,0.0,1.8e-05,4.725e-05
2024-01-15 00:00:00,100.0,0.001807,1.8e-05,2.7e-05,0.0,1.8e-05,4.9e-05
2024-01-15 01:00:00,100.0,0.00013075,1.8e-05,2.8e-05,0.0,1.8e-05,7.375e-05
2024-01-15 02:00:00,100.0,1.575e-05,1.8e-05,2.775e-05,0.0,1.8e-05,7.15e-05
2024-01-15 03:00:00,100.0,2.325e-05,1.8e-05,2.9e-05,0.0,1.8e-05,5.125e-05
2024-01-15 04:00:00,100.0,2.575e-05,1.8e-05,3.675e-05,0.0,1.8e-05,5.4e-05
2024-01-15 05:00:00,100.0,1.5e-05,1.8e-05,0.000169,0.0,1.8e-05,7.25e-05
2024-01-15 06:00:00,100.0,1.225e-05,1.8e-05,3.25e-05,0.000124,1.8e-05,5.275e-05
2024-01-15 07:00:00,100.0,5.425e-05,1.8e-05,0.0,0.00046525,1.8e-05,8.475e-05
2024-01-15 08:00:00,100.0,2.25e-05,1.8e-05,0.0,0.000752,1.8e-05,3.475e-05
2024-01-15 09:00:00,100.0,1.225e-05,1.8e-05,0.0,0.000921,1.8e-05,5.175e-05
2024-01-15 10:00:00,100.0,1.325e-05,1.8e-05,5e-06,0.000414,1.8e-05,0.0001595
2024-01-15 11:00:00,100.0,0.0001505,1.8e-05,0.0,0.00026775,1.8e-05,0.000398
2024-01-15 12:00:00,100.0,1.55e-05,1.8e-05,0.0,0.0006445,1.8e-05,0.0002665
2024-01-15 13:00:00,100.0,1.15e-05,1.8e-05,0.0,0.00086475,1.8e-05,8.35e-05
2024-01-15 14:00:00,100.0,2.1e-05,1.8e-05,0.0,0.0005715,1.8e-05,3e-05
2024-01-15 15:00:00,100.0,4.625e-05,1.8e-05,0.0,0.00051125,1.8e-05,0.0
2024-01-15 16:00:00,100.0,0.00013575,1.8e-05,4.25e-06,0.00014325,1.8e-05,2.825e-05
2024-01-15 17:00:00,100.0,0.000497,1.8e-05,0.0,3.9e-05,1.8e-05,0.00021075
2024-01-15 18:00:00,100.0,0.00018275,1.8e-05,3.55e-05,2.475e-05,1.8e-05,0.0005815
2024-01-15 19:00:00,100.0,1.475e-05,1.8e-05,0.00016975,7.5e-07,1.8e-05,0.0001645
2024-01-15 20:00:00,100.0,1.225e-05,1.8e-05,9.975e-05,0.0,1.8e-05,0.00016275
2024-01-15 21:00:00,100.0,7.925e-05,1.8e-05,0.000103,0.0,1.8e-05,0.000443
2024-01-15 22:00:00,100.0,4.875e-05,1.8e-05,8.175e-05,0.0,1.8e-05,0.00031025
2024-01-15 23:00:00,100.0,0.000116,1.8e-05,0.00011725,0.0,1.8e-05,9.6e-05
2024-01-16 00:00:00,100.0,1.65e-05,1.8e-05,0.000191,0.0,1.8e-05,7.45e-05
2024-01-16 01:00:00,100.0,2.25e-05,1.8e-05,3.15e-05,0.0,1.8e-05,0.0001329999999999
2024-01-16 02:00:00,100.0,1.375e-05,1.8e-05,3.125e-05,0.0,1.8e-05,5.7e-05
2024-01-16 03:00:00,100.0,1.9e-05,1.8e-05,2.825e-05,0.0,1.8e-05,0.0001915
2024-01-16 04:00:00,100.0,2.6e-05,1.8e-05,2.7e-05,0.0,1.8e-05,0.00034075
2024-01-16 05:00:00,100.0,1.6250000000000002e-05,1.8e-05,1.375e-05,1.5e-06,1.8e-05,0.00035075
2024-01-16 06:00:00,100.0,1.3e-05,1.8e-05,0.0,5e-05,1.8e-05,0.00037675
2024-01-16 07:00:00,100.0,2.65e-05,1.8e-05,0.0,0.000141,1.8e-05,0.00054375
2024-01-16 08:00:00,100.0,0.00018925,1.8e-05,0.0,0.00022675,1.8e-05,0.000413
2024-01-16 09:00:00,100.0,0.0002145,1.8e-05,0.0,0.000292,1.8e-05,3.575e-05
2024-01-16 10:00:00,100.0,3.45e-05,1.8e-05,0.0,0.000381,1.8e-05,6.25e-06
2024-01-16 11:00:00,100.0,2.25e-05,1.8e-05,0.0,0.00061775,1.8e-05,0.0001987499999999
2024-01-16 12:00:00,100.0,1.6e-05,1.8e-05,0.0,0.001187,1.8e-05,0.00040825
2024-01-16 13:00:00,100.0,1.15e-05,1.8e-05,0.0,0.00151175,1.8e-05,5.475e-05
2024-01-16 14:00:00,100.0,2.25e-05,1.8e-05,0.0,0.00122275,1.8e-05,5.525e-05
2024-01-16 15:00:00,100.0,0.00019775,1.8e-05,0.0,0.00109875,1.8e-05,1.175e-05
2024-01-16 16:00:00,100.0,2.275e-05,1.8e-05,0.0,0.00114925,1.8e-05,7.025e-05
2024-01-16 17:00:00,100.0,2.125e-05,1.8e-05,0.0,0.00079575,1.8e-05,0.00023825
2024-01-16 18:00:00,100.0,1.225e-05,1.8e-05,0.0,0.00037425,1.8e-05,5.5e-06
2024-01-16 19:00:00,100.0,0.0002195,1.8e-05,4.5e-06,0.00012475,1.8e-05,0.00021625
2024-01-16 20:00:00,100.0,0.00018,1.8e-05,0.00020475,0.0,1.8e-05,0.00051025
2024-01-16 21:00:00,100.0,5.075e-05,1.8e-05,0.0001465,0.0,1.8e-05,0.0002415
2024-01-16 22:00:00,100.0,2.4e-05,1.8e-05,4.75e-05,0.0,1.8e-05,0.00044325
2024-01-16 23:00:00,100.0,2.425e-05,1.8e-05,3.925e-05,0.0,1.8e-05,0.000206
2024-01-17 00:00:00,100.0,1.475e-05,1.8e-05,3.025e-05,0.0,1.8e-05,7.675e-05
2024-01-17 01:00:00,100.0,0.000116,1.8e-05,2.875e-05,0.0,1.8e-05,5.95e-05
2024-01-17 02:00:00,100.0,2.4e-05,1.8e-05,2.725e-05,0.0,1.8e-05,9.4e-05
2024-01-17 03:00:00,100.0,2e-05,1.8e-05,2.825e-05,0.0,1.8e-05,6.3e-05
2024-01-17 04:00:00,100.0,1.65e-05,1.8e-05,2.75e-05,0.0,1.8e-05,5.875e-05
2024-01-17 05:00:00,100.0,2.25e-05,1.8e-05,1.425e-05,1.1499999999999998e-05,1.8e-05,0.0001425
2024-01-17 06:00:00,100.0,1.475e-05,1.8e-05,3.5e-06,4.875e-05,1.8e-05,0.00021325
2024-01-17 07:00:00,100.0,4.8e-05,1.8e-05,0.0,0.00017275,1.8e-05,0.0001835
2024-01-17 08:00:00,100.0,0.00013475,1.8e-05,0.0,0.0005835,1.8e-05,0.00010175
2024-01-17 09:00:00,100.0,1.175e-05,1.8e-05,0.0,0.000956,1.8e-05,0.0
2024-01-17 10:00:00,100.0,1.675e-05,1.8e-05,0.0,0.00113575,1.8e-05,2.25e-06
2024-01-17 11:00:00,100.0,2.175e-05,1.8e-05,0.0,0.0011815,1.8e-05,0.0
2024-01-17 12:00:00,100.0,1.175e-05,1.8e-05,0.0,0.00146775,1.8e-05,1.25e-05
2024-01-17 13:00:00,100.0,1.725e-05,1.8e-05,0.0,0.001442,1.8e-05,2.5e-07
2024-01-17 14:00:00,100.0,2.2e-05,1.8e-05,0.0,0.00122975,1.8e-05,4.5e-06
2024-01-17 15:00:00,100.0,0.0003835,1.8e-05,0.0,0.0007385,1.8e-05,5.825e-05
2024-01-17 16:00:00,100.0,6.4e-05,1.8e-05,0.0,0.00088175,1.8e-05,5.25e-05
2024-01-17 17:00:00,100.0,0.00015075,1.8e-05,0.0,0.00032675,1.8e-05,3.2e-05
2024-01-17 18:00:00,100.0,1.2e-05,1.8e-05,0.0,0.00028125,1.8e-05,0.00015925
2024-01-17 19:00:00,100.0,1.625e-05,1.8e-05,1.875e-05,1.95e-05,1.8e-05,0.00032675
2024-01-17 20:00:00,100.0,2.25e-05,1.8e-05,5.025e-05,3.5e-06,1.8e-05,0.0002
2024-01-17 21:00:00,100.0,1.3e-05,1.8e-05,5.925e-05,0.0,1.8e-05,0.0001742499999999
2024-01-17 22:00:00,100.0,0.0001172499999999,1.8e-05,5.975e-05,0.0,1.8e-05,0.0001395
2024-01-17 23:00:00,100.0,2.5e-05,1.8e-05,4.45e-05,0.0,1.8e-05,0.00013625
2024-01-18 00:00:00,100.0,1.625e-05,1.8e-05,0.000192,0.0,1.8e-05,0.00017625
2024-01-18 01:00:00,100.0,1.45e-05,1.8e-05,8.025e-05,0.0,1.8e-05,0.0002045
2024-01-18 02:00:00,100.0,2.425e-05,1.8e-05,2.8e-05,0.0,1.8e-05,7.25e-05
2024-01-18 03:00:00,100.0,1.95e-05,1.8e-05,3.225e-05,0.0,1.8e-05,7.475e-05
2024-01-18 04:00:00,100.0,1.6250000000000002e-05,1.8e-05,2.975e-05,0.0,1.8e-05,0.0003535
2024-01-18 05:00:00,100.0,2.25e-05,1.8e-05,1.225e-05,1.075e-05,1.8e-05,0.000167
2024-01-18 06:00:00,100.0,0.00015475,1.8e-05,0.0,0.00014725,1.8e-05,0.0004775
2024-01-18 07:00:00,100.0,1.425e-05,1.8e-05,0.0,0.00041275,1.8e-05,0.000228
2024-01-18 08:00:00,100.0,2.25e-05,1.8e-05,0.0,0.00071525,1.8e-05,1.15e-05
2024-01-18 09:00:00,100.0,1.45e-05,1.8e-05,0.0,0.00086775,1.8e-05,0.00021275
2024-01-18 10:00:00,100.0,1.375e-05,1.8e-05,0.0,0.0010985,1.8e-05,5e-05
2024-01-18 11:00:00,100.0,2.3e-05,1.8e-05,0.0,0.00136725,1.8e-05,8.8e-05
2024-01-18 12:00:00,100.0,1.575e-05,1.8e-05,0.0,0.00135,1.8e-05,6e-06
2024-01-18 13:00:00,100.0,1.275e-05,1.8e-05,0.0,0.0014245,1.8e-05,0.0
2024-01-18 14:00:00,100.0,2.325e-05,1.8e-05,0.0,0.0014195,1.8e-05,0.0
2024-01-18 15:00:00,100.0,0.00014325,1.8e-05,0.0,0.00128625,1.8e-05,0.0
2024-01-18 16:00:00,100.0,1.325e-05,1.8e-05,0.0,0.00105625,1.8e-05,0.00016725
2024-01-18 17:00:00,100.0,0.00015975,1.8e-05,2.5e-07,0.000566,1.8e-05,1.725e-05
2024-01-18 18:00:00,100.0,0.00013375,1.8e-05,0.0,0.00023775,1.8e-05,0.0001225
2024-01-18 19:00:00,100.0,1.35e-05,1.8e-05,2.225e-05,6.875e-05,1.8e-05,5.2e-05
2024-01-18 20:00:00,100.0,1.55e-05,1.8e-05,6.5e-06,1.6e-05,1.8e-05,9.3e-05
2024-01-18 21:00:00,100.0,2.175e-05,1.8e-05,3.225e-05,0.0,1.8e-05,0.00026025
2024-01-18 22:00:00,100.0,1.85e-05,1.8e-05,7.2e-05,0.0,1.8e-05,0.0002275
2024-01-18 23:00:00,100.0,2.425e-05,1.8e-05,8.35e-05,0.0,1.8e-05,9.8e-05
2024-01-19 00:00:00,100.0,1.575e-05,1.8e-05,5.2e-05,0.0,1.8e-05,7.2e-05
2024-01-19 01:00:00,100.0,0.00012825,1.8e-05,3e-05,0.0,1.8e-05,5.25e-05
2024-01-19 02:00:00,100.0,2.4e-05,1.8e-05,2.85e-05,0.0,1.8e-05,6.3e-05
2024-01-19 03:00:00,100.0,1.825e-05,1.8e-05,3.45e-05,0.0,1.8e-05,7.45e-05
2024-01-19 04:00:00,100.0,2.125e-05,1.8e-05,0.00019375,0.0,1.8e-05,5.225e-05
2024-01-19 05:00:00,100.0,1.975e-05,1.8e-05,7.475e-05,9.5e-06,1.8e-05,0.000163
2024-01-19 06:00:00,100.0,3.7e-05,1.8e-05,0.0,0.00015375,1.8e-05,9.9e-05
2024-01-19 07:00:00,100.0,2.3e-05,1.8e-05,0.0,0.00042175,1.8e-05,3.775e-05
2024-01-19 08:00:00,100.0,1.45e-05,1.8e-05,0.0,0.00069275,1.8e-05,0.0
2024-01-19 09:00:00,100.0,1.6e-05,1.8e-05,0.0,0.0009425,1.8e-05,0.0
2024-01-19 10:00:00,100.0,2.2e-05,1.8e-05,0.0,0.000933,1.8e-05,0.0
2024-01-19 11:00:00,100.0,0.00014075,1.8e-05,0.0,0.00109625,1.8e-05,0.0
2024-01-19 12:00:00,100.0,1.975e-05,1.8e-05,0.0,0.0011775,1.8e-05,7.25e-06
2024-01-19 13:00:00,100.0,1.825e-05,1.8e-05,0.0,0.00120875,1.8e-05,0.0
2024-01-19 14:00:00,100.0,1.2e-05,1.8e-05,0.0,0.00131175,1.8e-05,0.0
2024-01-19 15:00:00,100.0,2.325e-05,1.8e-05,0.0,0.00121575,1.8e-05,1.25e-05
2024-01-19 16:00:00,100.0,0.000185,1.8e-05,0.0,0.00076475,1.8e-05,0.0001685
2024-01-19 17:00:00,100.0,0.00010025,1.8e-05,0.0,0.00054925,1.8e-05,5.925e-05
2024-01-19 18:00:00,100.0,2.375e-05,1.8e-05,6.8e-05,0.000357,1.8e-05,0.000264
2024-01-19 19:00:00,100.0,1.525e-05,1.8e-05,5e-05,5.3e-05,1.8e-05,0.0003902499999999
2024-01-19 20:00:00,100.0,1.575e-05,1.8e-05,5.65e-05,1.175e-05,1.8e-05,0.00022
2024-01-19 21:00:00,100.0,0.00022375,1.8e-05,0.00019625,0.0,1.8e-05,0.000332
2024-01-19 22:00:00,100.0,3.525e-05,1.8e-05,6.6e-05,0.0,1.8e-05,0.000244
2024-01-19 23:00:00,100.0,1.425e-05,1.8e-05,2.75e-05,0.0,1.8e-05,9.875e-05
2024-01-20 00:00:00,100.0,2.45e-05,1.8e-05,3.125e-05,0.0,1.8e-05,6.7e-05
2024-01-20 01:00:00,100.0,1.525e-05,1.8e-05,3.075e-05,0.0,1.8e-05,6.15e-05
2024-01-20 02:00:00,100.0,1.675e-05,1.8e-05,2.9e-05,0.0,1.8e-05,7.525e-05
2024-01-20 03:00:00,100.0,2.8e-05,1.8e-05,2.975e-05,0.0,1.8e-05,7.500000000000001e-05
2024-01-20 04:00:00,100.0,1.45e-05,1.8e-05,2.8e-05,0.0,1.8e-05,0.00010875
2024-01-20 05:00:00,100.0,1.975e-05,1.8e-05,1.675e-05,2.5e-06,1.8e-05,0.00013475
2024-01-20 06:00:00,100.0,0.00017675,1.8e-05,4.175e-05,2.1e-05,1.8e-05,0.000356
2024-01-20 07:00:00,100.0,1.375e-05,1.8e-05,9.5e-06,4.3e-05,1.8e-05,6.1e-05
2024-01-20 08:00:00,100.0,2.275e-05,1.8e-05,0.0,0.0002664999999999,1.8e-05,0.0
2024-01-20 09:00:00,100.0,1.35e-05,1.8e-05,0.0,0.00056,1.8e-05,0.0
2024-01-20 10:00:00,100.0,1.725e-05,1.8e-05,0.0,0.0008082499999999,1.8e-05,0.0
2024-01-20 11:00:00,100.0,2.05e-05,1.8e-05,0.0,0.001019,1.8e-05,1.875e-05
2024-01-20 12:00:00,100.0,1.2e-05,1.8e-05,0.0,0.001204,1.8e-05,3.375e-05
2024-01-20 13:00:00,100.0,2.1e-05,1.8e-05,0.0,0.0011595,1.8e-05,0.0
2024-01-20 14:00:00,100.0,0.00017075,1.8e-05,0.0,0.00128525,1.8e-05,0.0
2024-01-20 15:00:00,100.0,0.00030825,1.8e-05,0.0,0.00104325,1.8e-05,0.0
2024-01-20 16:00:00,100.0,0.000198,1.8e-05,1e-06,0.00059975,1.8e-05,7.5e-07
2024-01-20 17:00:00,100.0,3.275e-05,1.8e-05,0.000106,0.0,1.8e-05,0.000113
2024-01-20 18:00:00,100.0,3.425e-05,1.8e-05,7.25e-06,0.00020025,1.8e-05,0.00041675
2024-01-20 19:00:00,100.0,3.8e-05,1.8e-05,2.15e-05,0.00011775,1.8e-05,0.000186
2024-01-20 20:00:00,100.0,4.4250000000000005e-05,1.8e-05,5.025e-05,1.75e-06,1.8e-05,0.000419
2024-01-20 21:00:00,100.0,4.225e-05,1.8e-05,5.45e-05,0.0,1.8e-05,0.0002089999999999
2024-01-20 22:00:00,100.0,0.000211,1.8e-05,5.8e-05,0.0,1.8e-05,0.000376
2024-01-20 23:00:00,100.0,2.45e-05,1.8e-05,4.025e-05,0.0,1.8e-05,8.6e-05
2024-01-21 00:00:00,100.0,1.2e-05,1.8e-05,2.825e-05,0.0,1.8e-05,5.35e-05
2024-01-21 01:00:00,100.0,1.425e-05,1.8e-05,2.8000000000000003e-05,0.0,1.8e-05,7.675e-05
2024-01-21 02:00:00,100.0,2.425e-05,1.8e-05,3.225e-05,0.0,1.8e-05,5.8e-05
2024-01-21 03:00:00,100.0,2e-05,1.8e-05,0.000137,0.0,1.8e-05,8.25e-05
2024-01-21 04:00:00,100.0,2.05e-05,1.8e-05,0.000144,0.0,1.8e-05,0.000137
2024-01-21 05:00:00,100.0,2.275e-05,1.8e-05,1.7e-05,1.15e-05,1.8e-05,0.0001664999999999
2024-01-21 06:00:00,100.0,0.000116,1.8e-05,0.0,0.000103,1.8e-05,9.75e-05
2024-01-21 07:00:00,100.0,3.075e-05,1.8e-05,0.0,0.00013225,1.8e-05,0.00016375
2024-01-21 08:00:00,100.0,7.85e-05,1.8e-05,0.0,0.00034025,1.8e-05,0.00026225
2024-01-21 09:00:00,100.0,4.15e-05,1.8e-05,0.0,0.0002575,1.8e-05,3.35e-05
2024-01-21 10:00:00,100.0,6.324999999999999e-05,1.8e-05,5e-07,8.9e-05,1.8e-05,3.325e-05
2024-01-21 11:00:00,100.0,0.0002815,1.8e-05,0.0,0.00034225,1.8e-05,7.125000000000001e-05
2024-01-21 12:00:00,100.0,1.725e-05,1.8e-05,0.0,0.001271,1.8e-05,7.5e-07
2024-01-21 13:00:00,100.0,2.25e-05,1.8e-05,0.0,0.00074425,1.8e-05,5e-07
2024-01-21 14:00:00,100.0,1.225e-05,1.8e-05,6.125e-05,9.3e-05,1.8e-05,4.725e-05
2024-01-21 15:00:00,100.0,1.875e-05,1.8e-05,5.8e-05,0.0005545,1.8e-05,6.525e-05
2024-01-21 16:00:00,100.0,2e-05,1.8e-05,0.0,0.00040275,1.8e-05,9.75e-06
2024-01-21 17:00:00,100.0,1.325e-05,1.8e-05,5e-07,9.55e-05,1.8e-05,3.75e-05
2024-01-21 18:00:00,100.0,2.275e-05,1.8e-05,5.2500000000000006e-06,0.00022525,1.8e-05,0.00042925
2024-01-21 19:00:00,100.0,0.00013325,1.8e-05,4.25e-06,8.5e-05,1.8e-05,0.000148
2024-01-21 20:00:00,100.0,1.3e-05,1.8e-05,6.525e-05,7e-06,1.8e-05,0.00019875
2024-01-21 21:00:00,100.0,2.325e-05,1.8e-05,9.7e-05,0.0,1.8e-05,0.0001715
2024-01-21 22:00:00,100.0,1.525e-05,1.8e-05,8.3e-05,0.0,1.8e-05,0.00012075
2024-01-21 23:00:00,100.0,2.35e-05,1.8e-05,7e-05,0.0,1.8e-05,7.7e-05
2024-01-22 00:00:00,100.0,2.475e-05,1.8e-05,3.075e-05,0.0,1.8e-05,6.85e-05
2024-01-22 01:00:00,100.0,1.25e-05,1.8e-05,3.075e-05,0.0,1.8e-05,5.4e-05
2024-01-22 02:00:00,100.0,1.875e-05,1.8e-05,3.075e-05,0.0,1.8e-05,8.05e-05
2024-01-22 03:00:00,100.0,2.825e-05,1.8e-05,3.375e-05,0.0,1.8e-05,8.475e-05
2024-01-22 04:00:00,100.0,2.375e-05,1.8e-05,3.025e-05,0.0,1.8e-05,6.875e-05
2024-01-22 05:00:00,100.0,0.000135,1.8e-05,2.2e-05,4e-06,1.8e-05,0.0001225
2024-01-22 06:00:00,100.0,2.675e-05,1.8e-05,4.85e-05,1.175e-05,1.8e-05,6.375e-05
2024-01-22 07:00:00,100.0,1.475e-05,1.8e-05,1.525e-05,0.00015825,1.8e-05,3.375e-05
2024-01-22 08:00:00,100.0,4.625e-05,1.8e-05,0.0,0.00064,1.8e-05,7.35e-05
2024-01-22 09:00:00,100.0,2.4e-05,1.8e-05,2.15e-05,0.0007245,1.8e-05,2.075e-05
2024-01-22 10:00:00,100.0,3.7e-05,1.8e-05,2.475e-05,0.00090675,1.8e-05,2.5e-07
2024-01-22 11:00:00,100.0,1.725e-05,1.8e-05,0.0,0.00138975,1.8e-05,0.0
2024-01-22 12:00:00,100.0,0.00020975,1.8e-05,0.0,0.00127325,1.8e-05,2.25e-06
2024-01-22 13:00:00,100.0,0.00015925,1.8e-05,0.0,0.001396,1.8e-05,2.825e-05
2024-01-22 14:00:00,100.0,1.925e-05,1.8e-05,5e-07,0.000577,1.8e-05,7.225e-05
2024-01-22 15:00:00,100.0,1.175e-05,1.8e-05,3.125e-05,0.00029725,1.8e-05,0.00044225
2024-01-22 16:00:00,100.0,1.975e-05,1.8e-05,1.225e-05,0.00023075,1.8e-05,5.7e-05
2024-01-22 17:00:00,100.0,2.125e-05,1.8e-05,1.15e-05,5.5e-05,1.8e-05,7.875e-05
2024-01-22 18:00:00,100.0,1.325e-05,1.8e-05,0.00020475,0.0,1.8e-05,0.000265
2024-01-22 19:00:00,100.0,5.325e-05,1.8e-05,0.00020825,0.0,1.8e-05,0.00011575
2024-01-22 20:00:00,100.0,6.15e-05,1.8e-05,7.525e-05,0.0,1.8e-05,0.000246
2024-01-22 21:00:00,100.0,0.00051325,1.8e-05,8.825e-05,0.0,1.8e-05,0.0003585
2024-01-22 22:00:00,100.0,0.0002815,1.8e-05,8.099999999999999e-05,0.0,1.8e-05,0.0001695
2024-01-22 23:00:00,100.0,3.375e-05,1.8e-05,7e-05,0.0,1.8e-05,7.425e-05
2024-01-23 00:00:00,100.0,2.325e-05,1.8e-05,3.725e-05,0.0,1.8e-05,6.775e-05
2024-01-23 01:00:00,100.0,1.825e-05,1.8e-05,5.925e-05,0.0,1.8e-05,7.85e-05
2024-01-23 02:00:00,100.0,1.35e-05,1.8e-05,0.00020325,0.0,1.8e-05,6.725e-05
2024-01-23 03:00:00,100.0,2.7e-05,1.8e-05,7.525e-05,0.0,1.8e-05,3.925e-05
2024-01-23 04:00:00,100.0,2.1e-05,1.8e-05,3.825e-05,0.0,1.8e-05,6.4e-05
2024-01-23 05:00:00,100.0,1.2e-05,1.8e-05,3.5000000000000004e-05,0.0,1.8e-05,6.225e-05
2024-01-23 06:00:00,100.0,0.000146,1.8e-05,2.15e-05,0.0,1.8e-05,6.4e-05
2024-01-23 07:00:00,100.0,1.8e-05,1.8e-05,5e-07,6.025e-05,1.8e-05,4.275e-05
2024-01-23 08:00:00,100.0,1.475e-05,1.8e-05,3.75e-06,0.00015875,1.8e-05,7.025e-05
2024-01-23 09:00:00,100.0,0.0001,1.8e-05,1e-06,0.0001725,1.8e-05,0.000104
2024-01-23 10:00:00,100.0,0.0002529999999999,1.8e-05,2.5e-06,0.000504,1.8e-05,0.0
2024-01-23 11:00:00,100.0,0.0004375,1.8e-05,5e-07,0.0010235,1.8e-05,0.0
2024-01-23 12:00:00,100.0,0.0013375,1.8e-05,6.25e-06,0.00064575,1.8e-05,0.0
2024-01-23 13:00:00,100.0,0.00265025,1.8e-05,4.75e-06,0.0007785,1.8e-05,0.0
2024-01-23 14:00:00,100.0,0.00183875,1.8e-05,0.0,0.00133275,1.8e-05,0.0
2024-01-23 15:00:00,100.0,2.275e-05,1.8e-05,0.0,0.00115925,1.8e-05,0.0
2024-01-23 16:00:00,100.0,1.975e-05,1.8e-05,0.0,0.000261,1.8e-05,0.0
2024-01-23 17:00:00,100.0,1.175e-05,1.8e-05,1.45e-05,0.000317,1.8e-05,3.825e-05
2024-01-23 18:00:00,100.0,1.9e-05,1.8e-05,3.175e-05,0.0002095,1.8e-05,3.25e-06
2024-01-23 19:00:00,100.0,2.3e-05,1.8e-05,2.475e-05,8.3e-05,1.8e-05,0.00018625
2024-01-23 20:00:00,100.0,0.0001617499999999,1.8e-05,3.8e-05,1.45e-05,1.8e-05,0.000115
2024-01-23 21:00:00,100.0,6.7e-05,1.8e-05,5.55e-05,0.0,1.8e-05,0.00033925
2024-01-23 22:00:00,100.0,3.4750000000000004e-05,1.8e-05,0.000132,0.0,1.8e-05,0.0003335
2024-01-23 23:00:00,100.0,2.5e-05,1.8e-05,0.00017375,0.0,1.8e-05,7.775e-05
2024-01-24 00:00:00,100.0,1.925e-05,1.8e-05,2.9e-05,0.0,1.8e-05,7.575e-05
2024-01-24 01:00:00,100.0,1.225e-05,1.8e-05,2.85e-05,0.0,1.8e-05,5.825e-05
2024-01-24 02:00:00,100.0,2.175e-05,1.8e-05,2.825e-05,0.0,1.8e-05,7.375e-05
2024-01-24 03:00:00,100.0,0.00013475,1.8e-05,2.875e-05,0.0,1.8e-05,5.725e-05
2024-01-24 04:00:00,100.0,1.475e-05,1.8e-05,3.025e-05,0.0,1.8e-05,0.00014125
2024-01-24 05:00:00,100.0,2.275e-05,1.8e-05,1.325e-05,1.1e-05,1.8e-05,0.000106
2024-01-24 06:00:00,100.0,4.2e-05,1.8e-05,0.0,0.0001565,1.8e-05,0.00014075
2024-01-24 07:00:00,100.0,1.525e-05,1.8e-05,0.0,0.0004212499999999,1.8e-05,4.625e-05
2024-01-24 08:00:00,100.0,1.325e-05,1.8e-05,0.0,0.00066025,1.8e-05,7.5e-07
2024-01-24 09:00:00,100.0,2.3e-05,1.8e-05,0.0,0.000807,1.8e-05,0.0
2024-01-24 10:00:00,100.0,1.5e-05,1.8e-05,1e-05,0.000835,1.8e-05,0.0
2024-01-24 11:00:00,100.0,0.000136,1.8e-05,0.0,0.001204,1.8e-05,0.0
2024-01-24 12:00:00,100.0,2.3e-05,1.8e-05,2.25e-06,0.00119475,1.8e-05,0.0
2024-01-24 13:00:00,100.0,1.475e-05,1.8e-05,0.0,0.00143075,1.8e-05,0.0
2024-01-24 14:00:00,100.0,1.35e-05,1.8e-05,0.0,0.00136275,1.8e-05,0.0
2024-01-24 15:00:00,100.0,0.000189,1.8e-05,0.0,0.0012525,1.8e-05,1.15e-05
2024-01-24 16:00:00,100.0,0.0002655,1.8e-05,0.0,0.00104825,1.8e-05,4.975e-05
2024-01-24 17:00:00,100.0,0.00021075,1.8e-05,0.0,0.000713,1.8e-05,0.0002255
2024-01-24 18:00:00,100.0,2.325e-05,1.8e-05,0.0,0.000335,1.8e-05,0.0002715
2024-01-24 19:00:00,100.0,2e-05,1.8e-05,0.00016375,0.0,1.8e-05,5.95e-05
2024-01-24 20:00:00,100.0,1.175e-05,1.8e-05,2.075e-05,3.5e-06,1.8e-05,0.00020025
2024-01-24 21:00:00,100.0,2.05e-05,1.8e-05,6.775000000000001e-05,0.0,1.8e-05,0.00045975
2024-01-24 22:00:00,100.0,2.025e-05,1.8e-05,7.425e-05,0.0,1.8e-05,0.00013675
2024-01-24 23:00:00,100.0,0.0001305,1.8e-05,4.55e-05,0.0,1.8e-05,7.324999999999999e-05
2024-01-25 00:00:00,100.0,2e-05,1.8e-05,2.875e-05,0.0,1.8e-05,8.5e-05
2024-01-25 01:00:00,100.0,2.05e-05,1.8e-05,2.85e-05,0.0,1.8e-05,5.6e-05
2024-01-25 02:00:00,100.0,1.325e-05,1.8e-05,3.2e-05,0.0,1.8e-05,4.7e-05
2024-01-25 03:00:00,100.0,2.6e-05,1.8e-05,3.075e-05,0.0,1.8e-05,7.6e-05
2024-01-25 04:00:00,100.0,2.3e-05,1.8e-05,2.85e-05,0.0,1.8e-05,0.0001139999999999
2024-01-25 05:00:00,100.0,1.275e-05,1.8e-05,9.95e-05,0.0,1.8e-05,0.00014175
2024-01-25 06:00:00,100.0,0.000167,1.8e-05,4.525e-05,5e-05,1.8e-05,0.000104
2024-01-25 07:00:00,100.0,2.25e-05,1.8e-05,3.75e-06,0.0003205,1.8e-05,4.65e-05
2024-01-25 08:00:00,100.0,1.975e-05,1.8e-05,3.75e-06,0.00047375,1.8e-05,4.025e-05
2024-01-25 09:00:00,100.0,1.175e-05,1.8e-05,0.0,0.0008955,1.8e-05,1.325e-05
2024-01-25 10:00:00,100.0,2.05e-05,1.8e-05,0.0,0.00115425,1.8e-05,0.0
2024-01-25 11:00:00,100.0,2.15e-05,1.8e-05,0.0,0.00132625,1.8e-05,7.5e-07
2024-01-25 12:00:00,100.0,1.225e-05,1.8e-05,0.0,0.0012635,1.8e-05,1.75e-06
2024-01-25 13:00:00,100.0,1.85e-05,1.8e-05,0.0,0.00134775,1.8e-05,0.0
2024-01-25 14:00:00,100.0,2.25e-05,1.8e-05,0.0,0.00138575,1.8e-05,0.0
2024-01-25 15:00:00,100.0,1.2e-05,1.8e-05,0.0,0.00123475,1.8e-05,0.0
2024-01-25 16:00:00,100.0,1.8e-05,1.8e-05,0.0,0.0010255,1.8e-05,2.275e-05
2024-01-25 17:00:00,100.0,2.25e-05,1.8e-05,0.0,0.00073775,1.8e-05,0.0
2024-01-25 18:00:00,100.0,0.00014825,1.8e-05,0.0,0.000371,1.8e-05,0.0
2024-01-25 19:00:00,100.0,5.6000000000000006e-05,1.8e-05,5.325e-05,1.7e-05,1.8e-05,5.2e-05
2024-01-25 20:00:00,100.0,3.225e-05,1.8e-05,0.00011325,1e-06,1.8e-05,7.8e-05
2024-01-25 21:00:00,100.0,0.00016575,1.8e-05,0.000201,0.0,1.8e-05,0.00012375
2024-01-25 22:00:00,100.0,2.725e-05,1.8e-05,3.525e-05,0.0,1.8e-05,0.00023575
2024-01-25 23:00:00,100.0,2.375e-05,1.8e-05,2.95e-05,0.0,1.8e-05,0.0001065
2024-01-26 00:00:00,100.0,1.475e-05,1.8e-05,3.125e-05,0.0,1.8e-05,8.125e-05
2024-01-26 01:00:00,100.0,1.7e-05,1.8e-05,3.225e-05,0.0,1.8e-05,6.275000000000001e-05
2024-01-26 02:00:00,100.0,2.425e-05,1.8e-05,2.975e-05,0.0,1.8e-05,7.475e-05
2024-01-26 03:00:00,100.0,1.85e-05,1.8e-05,2.875e-05,0.0,1.8e-05,5.875e-05
2024-01-26 04:00:00,100.0,2e-05,1.8e-05,2.875e-05,0.0,1.8e-05,9.725e-05
2024-01-26 05:00:00,100.0,6.125e-05,1.8e-05,1.475e-05,3e-06,1.8e-05,0.00011625
2024-01-26 06:00:00,100.0,0.0001172499999999,1.8e-05,2.5e-07,0.00018225,1.8e-05,8.525e-05
2024-01-26 07:00:00,100.0,1.775e-05,1.8e-05,0.0,0.000262,1.8e-05,0.0002315
2024-01-26 08:00:00,100.0,2.25e-05,1.8e-05,0.0,0.00042775,1.8e-05,9.025e-05
2024-01-26 09:00:00,100.0,1.175e-05,1.8e-05,0.0,0.00091,1.8e-05,1.925e-05
2024-01-26 10:00:00,100.0,1.825e-05,1.8e-05,0.0,0.0010515,1.8e-05,0.0
2024-01-26 11:00:00,100.0,2.275e-05,1.8e-05,0.0,0.0013,1.8e-05,0.0
2024-01-26 12:00:00,100.0,1.2e-05,1.8e-05,0.0,0.001445,1.8e-05,0.0
2024-01-26 13:00:00,100.0,1.825e-05,1.8e-05,0.0,0.00131175,1.8e-05,2.5e-07
2024-01-26 14:00:00,100.0,0.0001125,1.8e-05,0.0,0.00011825,1.8e-05,0.0001175
2024-01-26 15:00:00,100.0,4.775e-05,1.8e-05,0.0,0.0004335,1.8e-05,0.0
2024-01-26 16:00:00,100.0,0.000182,1.8e-05,0.0,0.00038325,1.8e-05,5e-07
2024-01-26 17:00:00,100.0,3.975e-05,1.8e-05,1.45e-05,0.000189,1.8e-05,6.5e-06
2024-01-26 18:00:00,100.0,4.15e-05,1.8e-05,4.8e-05,5.425e-05,1.8e-05,0.00011675
2024-01-26 19:00:00,100.0,2.2e-05,1.8e-05,6.75e-06,5.45e-05,1.8e-05,0.0001095
2024-01-26 20:00:00,100.0,0.00017925,1.8e-05,2.625e-05,0.0,1.8e-05,0.000152
2024-01-26 21:00:00,100.0,2.525e-05,1.8e-05,5.15e-05,0.0,1.8e-05,0.00023725
2024-01-26 22:00:00,100.0,2.4e-05,1.8e-05,5.35e-05,0.0,1.8e-05,0.000258
2024-01-26 23:00:00,100.0,1.6e-05,1.8e-05,4.375e-05,0.0,1.8e-05,0.0001015
2024-01-27 00:00:00,100.0,1.35e-05,1.8e-05,2.925e-05,0.0,1.8e-05,8.3e-05
2024-01-27 01:00:00,100.0,2.3e-05,1.8e-05,3.125e-05,0.0,1.8e-05,8.925e-05
2024-01-27 02:00:00,100.0,1.95e-05,1.8e-05,3.05e-05,0.0,1.8e-05,6.45e-05
2024-01-27 03:00:00,100.0,2.375e-05,1.8e-05,0.000168,0.0,1.8e-05,5.025e-05
2024-01-27 04:00:00,100.0,2.575e-05,1.8e-05,0.000111,0.0,1.8e-05,9.75e-05
2024-01-27 05:00:00,100.0,1.55e-05,1.8e-05,2.7e-05,0.0,1.8e-05,0.0001309999999999
2024-01-27 06:00:00,100.0,0.00014925,1.8e-05,8e-06,2.225e-05,1.8e-05,0.000293
2024-01-27 07:00:00,100.0,2.6e-05,1.8e-05,0.0,0.000121,1.8e-05,0.00038525
2024-01-27 08:00:00,100.0,1.6250000000000002e-05,1.8e-05,0.0,0.00041775,1.8e-05,0.000287
2024-01-27 09:00:00,100.0,1.325e-05,1.8e-05,0.0,0.000659,1.8e-05,9.35e-05
2024-01-27 10:00:00,100.0,2.325e-05,1.8e-05,2.5e-07,0.00109575,1.8e-05,1e-06
2024-01-27 11:00:00,100.0,1.675e-05,1.8e-05,0.0,0.0009875,1.8e-05,0.000116
2024-01-27 12:00:00,100.0,1.325e-05,1.8e-05,0.0,0.00101575,1.8e-05,3.625e-05
2024-01-27 13:00:00,100.0,2.325e-05,1.8e-05,0.0,0.00139475,1.8e-05,2e-06
2024-01-27 14:00:00,100.0,1.725e-05,1.8e-05,0.0,0.001169,1.8e-05,0.0
2024-01-27 15:00:00,100.0,1.25e-05,1.8e-05,0.0,0.000901,1.8e-05,2.5e-07
2024-01-27 16:00:00,100.0,0.00013925,1.8e-05,6.750000000000001e-06,0.00088625,1.8e-05,1e-05
2024-01-27 17:00:00,100.0,3.275e-05,1.8e-05,1e-06,0.0007165,1.8e-05,1.45e-05
2024-01-27 18:00:00,100.0,1.2e-05,1.8e-05,2.825e-05,0.00016875,1.8e-05,0.0002065
2024-01-27 19:00:00,100.0,2.325e-05,1.8e-05,1.525e-05,0.00015125,1.8e-05,0.0001475
2024-01-27 20:00:00,100.0,5.225e-05,1.8e-05,0.000191,0.0,1.8e-05,9.875e-05
2024-01-27 21:00:00,100.0,4.75e-05,1.8e-05,0.00012575,0.0,1.8e-05,0.00030425
2024-01-27 22:00:00,100.0,0.00018675,1.8e-05,7.125e-05,0.0,1.8e-05,8.999999999999999e-05
2024-01-27 23:00:00,100.0,3.4e-05,1.8e-05,6.575e-05,0.0,1.8e-05,0.0001005
2024-01-28 00:00:00,100.0,2.1e-05,1.8e-05,2.95e-05,0.0,1.8e-05,6.75e-05
2024-01-28 01:00:00,100.0,1.225e-05,1.8e-05,3.125e-05,0.0,1.8e-05,7.999999999999999e-05
2024-01-28 02:00:00,100.0,2.175e-05,1.8e-05,3.075e-05,0.0,1.8e-05,6.025e-05
2024-01-28 03:00:00,100.0,2.825e-05,1.8e-05,2.95e-05,0.0,1.8e-05,5.975e-05
2024-01-28 04:00:00,100.0,1.45e-05,1.8e-05,2.725e-05,0.0,1.8e-05,9.9e-05
2024-01-28 05:00:00,100.0,1.9e-05,1.8e-05,1.525e-05,3.0250000000000003e-05,1.8e-05,9.675e-05
2024-01-28 06:00:00,100.0,7.3e-05,1.8e-05,6.75e-06,1.125e-05,1.8e-05,0.000103
2024-01-28 07:00:00,100.0,8.775e-05,1.8e-05,0.0001665,0.0,1.8e-05,0.00019075
2024-01-28 08:00:00,100.0,0.0001684999999999,1.8e-05,1.575e-05,0.00053425,1.8e-05,1.875e-05
2024-01-28 09:00:00,100.0,0.0003394999999999,1.8e-05,0.0,0.00076875,1.8e-05,0.0
2024-01-28 10:00:00,100.0,0.00023375,1.8e-05,0.0,0.0005059999999999,1.8e-05,6.575e-05
2024-01-28 11:00:00,100.0,2.275e-05,1.8e-05,0.0,0.00105625,1.8e-05,4.2e-05
2024-01-28 12:00:00,100.0,2.35e-05,1.8e-05,0.0,0.00123875,1.8e-05,0.0001712499999999
2024-01-28 13:00:00,100.0,2.3e-05,1.8e-05,0.0,0.0013785,1.8e-05,4.7e-05
2024-01-28 14:00:00,100.0,1.3e-05,1.8e-05,2.5e-07,0.0012265,1.8e-05,1.225e-05
2024-01-28 15:00:00,100.0,1.7500000000000002e-05,1.8e-05,0.0,0.0011695,1.8e-05,9e-06
2024-01-28 16:00:00,100.0,0.000158,1.8e-05,0.0,0.001033,1.8e-05,4.5e-06
2024-01-28 17:00:00,100.0,2.25e-05,1.8e-05,0.0,0.00059825,1.8e-05,1.275e-05
2024-01-28 18:00:00,100.0,1.525e-05,1.8e-05,0.0,0.00032325,1.8e-05,9.075e-05
2024-01-28 19:00:00,100.0,1.375e-05,1.8e-05,2.5e-07,9.625e-05,1.8e-05,0.00065
2024-01-28 20:00:00,100.0,4.45e-05,1.8e-05,2.75e-06,3.6e-05,1.8e-05,0.000334
2024-01-28 21:00:00,100.0,5.325e-05,1.8e-05,3.625e-05,0.0,1.8e-05,0.0003605
2024-01-28 22:00:00,100.0,0.0001675,1.8e-05,4.825e-05,0.0,1.8e-05,0.000187
2024-01-28 23:00:00,100.0,2.425e-05,1.8e-05,3.65e-05,0.0,1.8e-05,0.0001709999999999
2024-01-29 00:00:00,100.0,2.025e-05,1.8e-05,3.3e-05,0.0,1.8e-05,7.500000000000001e-05
2024-01-29 01:00:00,100.0,2.925e-05,1.8e-05,3.2e-05,0.0,1.8e-05,7.975e-05
2024-01-29 02:00:00,100.0,2.8000000000000003e-05,1.8e-05,3.225e-05,0.0,1.8e-05,5.575e-05
2024-01-29 03:00:00,100.0,2.45e-05,1.8e-05,8.05e-05,0.0,1.8e-05,6.225e-05
2024-01-29 04:00:00,100.0,3.125e-05,1.8e-05,0.0002012499999999,0.0,1.8e-05,9.1e-05
2024-01-29 05:00:00,100.0,3.6e-05,1.8e-05,2.425e-05,1.0249999999999998e-05,1.8e-05,5.45e-05
2024-01-29 06:00:00,100.0,1.95e-05,1.8e-05,0.0,0.00013275,1.8e-05,6.525e-05
2024-01-29 07:00:00,100.0,2.225e-05,1.8e-05,0.0,0.0003715,1.8e-05,9.425e-05
2024-01-29 08:00:00,100.0,0.0001699999999999,1.8e-05,0.0,0.0006415,1.8e-05,0.0
2024-01-29 09:00:00,100.0,6.775e-05,1.8e-05,0.0,0.000897,1.8e-05,0.0
2024-01-29 10:00:00,100.0,0.00033075,1.8e-05,0.0,0.00095325,1.8e-05,8.25e-06
2024-01-29 11:00:00,100.0,0.0026385,1.8e-05,0.0,0.00123525,1.8e-05,0.0
2024-01-29 12:00:00,100.0,0.0026475,1.8e-05,0.0,0.00138075,1.8e-05,1.5e-06
2024-01-29 13:00:00,100.0,0.00270525,1.8e-05,0.0,0.00135775,1.8e-05,0.0
2024-01-29 14:00:00,100.0,0.0027075,1.8e-05,0.0,0.001276,1.8e-05,5e-07
2024-01-29 15:00:00,100.0,0.00021825,1.8e-05,0.0,0.00111425,1.8e-05,0.0
2024-01-29 16:00:00,100.0,0.00013525,1.8e-05,0.0,0.000709,1.8e-05,7.05e-05
2024-01-29 17:00:00,100.0,9.25e-05,1.8e-05,0.0,0.0004175,1.8e-05,3.25e-06
2024-01-29 18:00:00,100.0,2.85e-05,1.8e-05,5.95e-05,0.0001909999999999,1.8e-05,0.0001175
2024-01-29 19:00:00,100.0,3.3249999999999995e-05,1.8e-05,0.000201,0.0,1.8e-05,9.3e-05
2024-01-29 20:00:00,100.0,7.8e-05,1.8e-05,9.125e-05,0.0,1.8e-05,0.00014
2024-01-29 21:00:00,100.0,9.2e-05,1.8e-05,4.4e-05,0.0,1.8e-05,0.000373
2024-01-29 22:00:00,100.0,0.0001487499999999,1.8e-05,4.55e-05,0.0,1.8e-05,0.00017825
2024-01-29 23:00:00,100.0,2e-05,1.8e-05,4.5e-05,0.0,1.8e-05,0.000425
2024-01-30 00:00:00,100.0,1.225e-05,1.8e-05,5.25e-05,0.0,1.8e-05,0.0002774999999999
2024-01-30 01:00:00,100.0,2.075e-05,1.8e-05,3.3e-05,0.0,1.8e-05,7.725000000000001e-05
2024-01-30 02:00:00,100.0,2.425e-05,1.8e-05,3.15e-05,0.0,1.8e-05,0.000104
2024-01-30 03:00:00,100.0,2.175e-05,1.8e-05,0.000145,0.0,1.8e-05,8.3e-05
2024-01-30 04:00:00,100.0,1.875e-05,1.8e-05,0.00013075,0.0,1.8e-05,7.075e-05
2024-01-30 05:00:00,100.0,2.375e-05,1.8e-05,1.275e-05,1.4e-05,1.8e-05,5.875e-05
2024-01-30 06:00:00,100.0,1.8e-05,1.8e-05,0.0,0.00014375,1.8e-05,8.725e-05
2024-01-30 07:00:00,100.0,0.000134,1.8e-05,0.0,0.00032525,1.8e-05,3e-05
2024-01-30 08:00:00,100.0,6.775e-05,1.8e-05,0.0,0.00050675,1.8e-05,3.85e-05
2024-01-30 09:00:00,100.0,2.5e-05,1.8e-05,0.0,0.0007605,1.8e-05,3.25e-06
2024-01-30 10:00:00,100.0,0.00017975,1.8e-05,0.0,0.00109275,1.8e-05,0.000117
2024-01-30 11:00:00,100.0,2.225e-05,1.8e-05,5.5e-05,0.00041675,1.8e-05,0.0001725
2024-01-30 12:00:00,100.0,1.45e-05,1.8e-05,2.325e-05,0.00027075,1.8e-05,7.6e-05
2024-01-30 13:00:00,100.0,1.475e-05,1.8e-05,7.75e-06,0.000222,1.8e-05,0.00013675
2024-01-30 14:00:00,100.0,2.325e-05,1.8e-05,1.75e-06,0.0004565,1.8e-05,0.0002915
2024-01-30 15:00:00,100.0,2.1e-05,1.8e-05,3.9e-05,0.00033425,1.8e-05,6.85e-05
2024-01-30 16:00:00,100.0,1.225e-05,1.8e-05,6e-06,0.00049575,1.8e-05,0.000205
2024-01-30 17:00:00,100.0,0.00013225,1.8e-05,3.125e-05,3.75e-05,1.8e-05,0.0001445
2024-01-30 18:00:00,100.0,4.15e-05,1.8e-05,9.875e-05,0.0,1.8e-05,0.000409
2024-01-30 19:00:00,100.0,0.00017775,1.8e-05,6.5e-06,7.575e-05,1.8e-05,0.00036175
2024-01-30 20:00:00,100.0,4.225e-05,1.8e-05,1.675e-05,7.25e-05,1.8e-05,0.00022825
2024-01-30 21:00:00,100.0,4.825e-05,1.8e-05,0.0001695,0.0,1.8e-05,0.00023875
2024-01-30 22:00:00,100.0,2.925e-05,1.8e-05,0.0002045,0.0,1.8e-05,9.05e-05
2024-01-30 23:00:00,100.0,1.55e-05,1.8e-05,6.3e-05,0.0,1.8e-05,6.6e-05
