datetime,demand_EOM
1/1/2019 0:00,45173.2
1/1/2019 0:15,44701.1
1/1/2019 0:30,44193.1
1/1/2019 0:45,43961.1
1/1/2019 1:00,43637.1
1/1/2019 1:15,43145.1
1/1/2019 1:30,42673.1
1/1/2019 1:45,42125.1
1/1/2019 2:00,41825.1
1/1/2019 2:15,41445.1
1/1/2019 2:30,41177.1
1/1/2019 2:45,40973.1
1/1/2019 3:00,40813.1
1/1/2019 3:15,40489.1
1/1/2019 3:30,40465.1
1/1/2019 3:45,40445.1
1/1/2019 4:00,40445.1
1/1/2019 4:15,40381.1
1/1/2019 4:30,40341.1
1/1/2019 4:45,40185.1
1/1/2019 5:00,40205.1
1/1/2019 5:15,39921.1
1/1/2019 5:30,39845.1
1/1/2019 5:45,39533.1
1/1/2019 6:00,39185.1
1/1/2019 6:15,39201.1
1/1/2019 6:30,39365.1
1/1/2019 6:45,39701.1
1/1/2019 7:00,39833.1
1/1/2019 7:15,40057.1
1/1/2019 7:30,40117.1
1/1/2019 7:45,40457.1
1/1/2019 8:00,40509.1
1/1/2019 8:15,40657.1
1/1/2019 8:30,41093.1
1/1/2019 8:45,41477.1
1/1/2019 9:00,42417.1
1/1/2019 9:15,43089.1
1/1/2019 9:30,43881.1
1/1/2019 9:45,44521.1
1/1/2019 10:00,45285.1
1/1/2019 10:15,45881.1
1/1/2019 10:30,46497.1
1/1/2019 10:45,47001.1
1/1/2019 11:00,48049.1
1/1/2019 11:15,48841.1
1/1/2019 11:30,49533.1
1/1/2019 11:45,49709.1
1/1/2019 12:00,50185.1
1/1/2019 12:15,50445.1
1/1/2019 12:30,50377.1
1/1/2019 12:45,50449.1
1/1/2019 13:00,50241.1
1/1/2019 13:15,49997.1
1/1/2019 13:30,49989.1
1/1/2019 13:45,49905.1
1/1/2019 14:00,49937.1
1/1/2019 14:15,49749.1
1/1/2019 14:30,49737.1
1/1/2019 14:45,49677.1
1/1/2019 15:00,50121.1
1/1/2019 15:15,50193.1
1/1/2019 15:30,50253.1
1/1/2019 15:45,50265.1
1/1/2019 16:00,50737.1
1/1/2019 16:15,51285.1
1/1/2019 16:30,52377.1
1/1/2019 16:45,53337.1
1/1/2019 17:00,54493.1
1/1/2019 17:15,54921.1
1/1/2019 17:30,55389.1
1/1/2019 17:45,55749.1
1/1/2019 18:00,55929.1
1/1/2019 18:15,55949.1
1/1/2019 18:30,55901.1
1/1/2019 18:45,55841.1
1/1/2019 19:00,55669.1
1/1/2019 19:15,55153.1
1/1/2019 19:30,54689.1
1/1/2019 19:45,54057.1
1/1/2019 20:00,53445.1
1/1/2019 20:15,52969.1
1/1/2019 20:30,52293.1
1/1/2019 20:45,51661.1
1/1/2019 21:00,51385.1
1/1/2019 21:15,51033.1
1/1/2019 21:30,50837.1
1/1/2019 21:45,50657.1
1/1/2019 22:00,50909.1
1/1/2019 22:15,50253.1
1/1/2019 22:30,49725.1
1/1/2019 22:45,49037.1
1/1/2019 23:00,48341.1
1/1/2019 23:15,47621.1
1/1/2019 23:30,46665.1
1/1/2019 23:45,46165.1
1/2/2019 0:00,45893.1
1/2/2019 0:15,45285.1
1/2/2019 0:30,44693.1
1/2/2019 0:45,44405.1
1/2/2019 1:00,44117.1
1/2/2019 1:15,43513.1
1/2/2019 1:30,43389.1
1/2/2019 1:45,43245.1
1/2/2019 2:00,43377.1
1/2/2019 2:15,43201.1
1/2/2019 2:30,43097.1
1/2/2019 2:45,43041.1
1/2/2019 3:00,43141.1
1/2/2019 3:15,43477.1
1/2/2019 3:30,43897.1
1/2/2019 3:45,44161.1
1/2/2019 4:00,44365.1
1/2/2019 4:15,44701.1
1/2/2019 4:30,45369.1
1/2/2019 4:45,45953.1
1/2/2019 5:00,46713.1
1/2/2019 5:15,47285.1
1/2/2019 5:30,48601.1
1/2/2019 5:45,50089.1
1/2/2019 6:00,51729.1
1/2/2019 6:15,53365.1
1/2/2019 6:30,54649.1
1/2/2019 6:45,56089.1
1/2/2019 7:00,57813.1
1/2/2019 7:15,58945.1
1/2/2019 7:30,59957.1
1/2/2019 7:45,60925.1
1/2/2019 8:00,62121.1
1/2/2019 8:15,62369.1
1/2/2019 8:30,63053.1
1/2/2019 8:45,63477.1
1/2/2019 9:00,64165.1
1/2/2019 9:15,64333.1
1/2/2019 9:30,64909.1
1/2/2019 9:45,65277.1
1/2/2019 10:00,65501.1
1/2/2019 10:15,65529.1
1/2/2019 10:30,65801.1
1/2/2019 10:45,66021.1
1/2/2019 11:00,66385.1
1/2/2019 11:15,66877.1
1/2/2019 11:30,67449.1
1/2/2019 11:45,67417.1
1/2/2019 12:00,67517.1
1/2/2019 12:15,67333.1
1/2/2019 12:30,67237.1
1/2/2019 12:45,67077.1
1/2/2019 13:00,67093.1
1/2/2019 13:15,66745.1
1/2/2019 13:30,66549.1
1/2/2019 13:45,65845.1
1/2/2019 14:00,65773.1
1/2/2019 14:15,65501.1
1/2/2019 14:30,65277.1
1/2/2019 14:45,64869.1
1/2/2019 15:00,65485.1
1/2/2019 15:15,65273.1
1/2/2019 15:30,65097.1
1/2/2019 15:45,64985.1
1/2/2019 16:00,65549.1
1/2/2019 16:15,65657.1
1/2/2019 16:30,66661.1
1/2/2019 16:45,67845.1
1/2/2019 17:00,69081.1
1/2/2019 17:15,69757.1
1/2/2019 17:30,69877.1
1/2/2019 17:45,70009.1
1/2/2019 18:00,69661.1
1/2/2019 18:15,69357.1
1/2/2019 18:30,69289.1
1/2/2019 18:45,69117.1
1/2/2019 19:00,68913.1
1/2/2019 19:15,67997.1
1/2/2019 19:30,67233.1
1/2/2019 19:45,66577.1
1/2/2019 20:00,65429.1
1/2/2019 20:15,64425.1
1/2/2019 20:30,63341.1
1/2/2019 20:45,62573.1
1/2/2019 21:00,61629.1
1/2/2019 21:15,61033.1
1/2/2019 21:30,60449.1
1/2/2019 21:45,60025.1
1/2/2019 22:00,60157.1
1/2/2019 22:15,59417.1
1/2/2019 22:30,58433.1
1/2/2019 22:45,57489.1
1/2/2019 23:00,56793.1
1/2/2019 23:15,55681.1
1/2/2019 23:30,54601.1
1/2/2019 23:45,53741.1
1/3/2019 0:00,52821.1
1/3/2019 0:15,52641.1
1/3/2019 0:30,52189.1
1/3/2019 0:45,51381.1
1/3/2019 1:00,51493.1
1/3/2019 1:15,51309.1
1/3/2019 1:30,51293.1
1/3/2019 1:45,51037.1
1/3/2019 2:00,50989.1
1/3/2019 2:15,50929.1
1/3/2019 2:30,51069.1
1/3/2019 2:45,51009.1
1/3/2019 3:00,50981.1
1/3/2019 3:15,50749.1
1/3/2019 3:30,50825.1
1/3/2019 3:45,51037.1
1/3/2019 4:00,51161.1
1/3/2019 4:15,51405.1
1/3/2019 4:30,51821.1
1/3/2019 4:45,52305.1
1/3/2019 5:00,53337.1
1/3/2019 5:15,53657.1
1/3/2019 5:30,54521.1
1/3/2019 5:45,55641.1
1/3/2019 6:00,57137.1
1/3/2019 6:15,58441.1
1/3/2019 6:30,59797.1
1/3/2019 6:45,60973.1
1/3/2019 7:00,62121.1
1/3/2019 7:15,62957.1
1/3/2019 7:30,63945.1
1/3/2019 7:45,64849.1
1/3/2019 8:00,65389.1
1/3/2019 8:15,65825.1
1/3/2019 8:30,66245.1
1/3/2019 8:45,66713.1
1/3/2019 9:00,67145.1
1/3/2019 9:15,67277.1
1/3/2019 9:30,67353.1
1/3/2019 9:45,67545.1
1/3/2019 10:00,67729.1
1/3/2019 10:15,67789.1
1/3/2019 10:30,67973.1
1/3/2019 10:45,68169.1
1/3/2019 11:00,68501.1
1/3/2019 11:15,68857.1
1/3/2019 11:30,69001.1
1/3/2019 11:45,68873.1
1/3/2019 12:00,69317.1
1/3/2019 12:15,69053.1
1/3/2019 12:30,68981.1
1/3/2019 12:45,68829.1
1/3/2019 13:00,68553.1
1/3/2019 13:15,68041.1
1/3/2019 13:30,67657.1
1/3/2019 13:45,67249.1
1/3/2019 14:00,67185.1
1/3/2019 14:15,66889.1
1/3/2019 14:30,66745.1
1/3/2019 14:45,66449.1
1/3/2019 15:00,66617.1
1/3/2019 15:15,66189.1
1/3/2019 15:30,65997.1
1/3/2019 15:45,66205.1
1/3/2019 16:00,66525.1
1/3/2019 16:15,67009.1
1/3/2019 16:30,67757.1
1/3/2019 16:45,68913.1
1/3/2019 17:00,70061.1
1/3/2019 17:15,70589.1
1/3/2019 17:30,70873.1
1/3/2019 17:45,70941.1
1/3/2019 18:00,70693.1
1/3/2019 18:15,70421.1
1/3/2019 18:30,70121.1
1/3/2019 18:45,69949.1
1/3/2019 19:00,69469.1
1/3/2019 19:15,68633.1
1/3/2019 19:30,67897.1
1/3/2019 19:45,67437.1
1/3/2019 20:00,66177.1
1/3/2019 20:15,64945.1
1/3/2019 20:30,64317.1
1/3/2019 20:45,63465.1
1/3/2019 21:00,62761.1
1/3/2019 21:15,62237.1
1/3/2019 21:30,61337.1
1/3/2019 21:45,60997.1
1/3/2019 22:00,60669.1
1/3/2019 22:15,59997.1
1/3/2019 22:30,58885.1
1/3/2019 22:45,58353.1
1/3/2019 23:00,57481.1
1/3/2019 23:15,56413.1
1/3/2019 23:30,55701.1
1/3/2019 23:45,55165.1
1/4/2019 0:00,53985.1
1/4/2019 0:15,53341.1
1/4/2019 0:30,52833.1
1/4/2019 0:45,52285.1
1/4/2019 1:00,51397.1
1/4/2019 1:15,51161.1
1/4/2019 1:30,51341.1
1/4/2019 1:45,51209.1
1/4/2019 2:00,50701.1
1/4/2019 2:15,50569.1
1/4/2019 2:30,50833.1
1/4/2019 2:45,50965.1
1/4/2019 3:00,50945.1
1/4/2019 3:15,51033.1
1/4/2019 3:30,51181.1
1/4/2019 3:45,51609.1
1/4/2019 4:00,52009.1
1/4/2019 4:15,52041.1
1/4/2019 4:30,52225.1
1/4/2019 4:45,52861.1
1/4/2019 5:00,53777.1
1/4/2019 5:15,53981.1
1/4/2019 5:30,54873.1
1/4/2019 5:45,55845.1
1/4/2019 6:00,57593.1
1/4/2019 6:15,58989.1
1/4/2019 6:30,60017.1
1/4/2019 6:45,61529.1
1/4/2019 7:00,63389.1
1/4/2019 7:15,64461.1
1/4/2019 7:30,65421.1
1/4/2019 7:45,66201.1
1/4/2019 8:00,67425.1
1/4/2019 8:15,67981.1
1/4/2019 8:30,68217.1
1/4/2019 8:45,68633.1
1/4/2019 9:00,68989.1
1/4/2019 9:15,69549.1
1/4/2019 9:30,69977.1
1/4/2019 9:45,69853.1
1/4/2019 10:00,69961.1
1/4/2019 10:15,70125.1
1/4/2019 10:30,70437.1
1/4/2019 10:45,70709.1
1/4/2019 11:00,70453.1
1/4/2019 11:15,70793.1
1/4/2019 11:30,71133.1
1/4/2019 11:45,71381.1
1/4/2019 12:00,71717.1
1/4/2019 12:15,71509.1
1/4/2019 12:30,71565.1
1/4/2019 12:45,71245.1
1/4/2019 13:00,71065.1
1/4/2019 13:15,70493.1
1/4/2019 13:30,70161.1
1/4/2019 13:45,69465.1
1/4/2019 14:00,69057.1
1/4/2019 14:15,68609.1
1/4/2019 14:30,68277.1
1/4/2019 14:45,68005.1
1/4/2019 15:00,68049.1
1/4/2019 15:15,67797.1
1/4/2019 15:30,67693.1
1/4/2019 15:45,67657.1
1/4/2019 16:00,68457.1
1/4/2019 16:15,68697.1
1/4/2019 16:30,69277.1
1/4/2019 16:45,69873.1
1/4/2019 17:00,70833.1
1/4/2019 17:15,71113.1
1/4/2019 17:30,71345.1
1/4/2019 17:45,71377.1
1/4/2019 18:00,71029.1
1/4/2019 18:15,70697.1
1/4/2019 18:30,70409.1
1/4/2019 18:45,70009.1
1/4/2019 19:00,69665.1
1/4/2019 19:15,68705.1
1/4/2019 19:30,68337.1
1/4/2019 19:45,67529.1
1/4/2019 20:00,65893.1
1/4/2019 20:15,64885.1
1/4/2019 20:30,64369.1
1/4/2019 20:45,63181.1
1/4/2019 21:00,62293.1
1/4/2019 21:15,61793.1
1/4/2019 21:30,61501.1
1/4/2019 21:45,60717.1
1/4/2019 22:00,60701.1
1/4/2019 22:15,60301.1
1/4/2019 22:30,59393.1
1/4/2019 22:45,58517.1
1/4/2019 23:00,57049.1
1/4/2019 23:15,56225.1
1/4/2019 23:30,55285.1
1/4/2019 23:45,54381.1
1/5/2019 0:00,53677.1
1/5/2019 0:15,53157.1
1/5/2019 0:30,52781.1
1/5/2019 0:45,51973.1
1/5/2019 1:00,51389.1
1/5/2019 1:15,50549.1
1/5/2019 1:30,50389.1
1/5/2019 1:45,49897.1
1/5/2019 2:00,49633.1
1/5/2019 2:15,49129.1
1/5/2019 2:30,49285.1
1/5/2019 2:45,49037.1
1/5/2019 3:00,48949.1
1/5/2019 3:15,48693.1
1/5/2019 3:30,48745.1
1/5/2019 3:45,48797.1
1/5/2019 4:00,48953.1
1/5/2019 4:15,48841.1
1/5/2019 4:30,48861.1
1/5/2019 4:45,48845.1
1/5/2019 5:00,48981.1
1/5/2019 5:15,48953.1
1/5/2019 5:30,48925.1
1/5/2019 5:45,48913.1
1/5/2019 6:00,49005.1
1/5/2019 6:15,49301.1
1/5/2019 6:30,49785.1
1/5/2019 6:45,50193.1
1/5/2019 7:00,51093.1
1/5/2019 7:15,51753.1
1/5/2019 7:30,52153.1
1/5/2019 7:45,53009.1
1/5/2019 8:00,54481.1
1/5/2019 8:15,55489.1
1/5/2019 8:30,55705.1
1/5/2019 8:45,56513.1
1/5/2019 9:00,57817.1
1/5/2019 9:15,58349.1
1/5/2019 9:30,59321.1
1/5/2019 9:45,59845.1
1/5/2019 10:00,60393.1
1/5/2019 10:15,60785.1
1/5/2019 10:30,61073.1
1/5/2019 10:45,61561.1
1/5/2019 11:00,61969.1
1/5/2019 11:15,62045.1
1/5/2019 11:30,62429.1
1/5/2019 11:45,62205.1
1/5/2019 12:00,62389.1
1/5/2019 12:15,62145.1
1/5/2019 12:30,62005.1
1/5/2019 12:45,61593.1
1/5/2019 13:00,61477.1
1/5/2019 13:15,60877.1
1/5/2019 13:30,60481.1
1/5/2019 13:45,60201.1
1/5/2019 14:00,60197.1
1/5/2019 14:15,59705.1
1/5/2019 14:30,59645.1
1/5/2019 14:45,59309.1
1/5/2019 15:00,59517.1
1/5/2019 15:15,59233.1
1/5/2019 15:30,59153.1
1/5/2019 15:45,59209.1
1/5/2019 16:00,59489.1
1/5/2019 16:15,59825.1
1/5/2019 16:30,60409.1
1/5/2019 16:45,61457.1
1/5/2019 17:00,62725.1
1/5/2019 17:15,63061.1
1/5/2019 17:30,63245.1
1/5/2019 17:45,63489.1
1/5/2019 18:00,63693.1
1/5/2019 18:15,63025.1
1/5/2019 18:30,63189.1
1/5/2019 18:45,62805.1
1/5/2019 19:00,62349.1
1/5/2019 19:15,61657.1
1/5/2019 19:30,61041.1
1/5/2019 19:45,60317.1
1/5/2019 20:00,58845.1
1/5/2019 20:15,57801.1
1/5/2019 20:30,57029.1
1/5/2019 20:45,56437.1
1/5/2019 21:00,55817.1
1/5/2019 21:15,55357.1
1/5/2019 21:30,54985.1
1/5/2019 21:45,54549.1
1/5/2019 22:00,55009.1
1/5/2019 22:15,54497.1
1/5/2019 22:30,53761.1
1/5/2019 22:45,53285.1
1/5/2019 23:00,52185.1
1/5/2019 23:15,51297.1
1/5/2019 23:30,50865.1
1/5/2019 23:45,50297.1
1/6/2019 0:00,49061.1
1/6/2019 0:15,47989.1
1/6/2019 0:30,47433.1
1/6/2019 0:45,46893.1
1/6/2019 1:00,46333.1
1/6/2019 1:15,45813.1
1/6/2019 1:30,45645.1
1/6/2019 1:45,45357.1
1/6/2019 2:00,44745.1
1/6/2019 2:15,44553.1
1/6/2019 2:30,44321.1
1/6/2019 2:45,44185.1
1/6/2019 3:00,44321.1
1/6/2019 3:15,44437.1
1/6/2019 3:30,44269.1
1/6/2019 3:45,44113.1
1/6/2019 4:00,44193.1
1/6/2019 4:15,44381.1
1/6/2019 4:30,44337.1
1/6/2019 4:45,44397.1
1/6/2019 5:00,44297.1
1/6/2019 5:15,43905.1
1/6/2019 5:30,43777.1
1/6/2019 5:45,43613.1
1/6/2019 6:00,43349.1
1/6/2019 6:15,43469.1
1/6/2019 6:30,43485.1
1/6/2019 6:45,43689.1
1/6/2019 7:00,44113.1
1/6/2019 7:15,44249.1
1/6/2019 7:30,44621.1
1/6/2019 7:45,45385.1
1/6/2019 8:00,46225.1
1/6/2019 8:15,46745.1
1/6/2019 8:30,47433.1
1/6/2019 8:45,48349.1
1/6/2019 9:00,49461.1
1/6/2019 9:15,50357.1
1/6/2019 9:30,51185.1
1/6/2019 9:45,51797.1
1/6/2019 10:00,52705.1
1/6/2019 10:15,53341.1
1/6/2019 10:30,54021.1
1/6/2019 10:45,54665.1
1/6/2019 11:00,55501.1
1/6/2019 11:15,56061.1
1/6/2019 11:30,56581.1
1/6/2019 11:45,56821.1
1/6/2019 12:00,57069.1
1/6/2019 12:15,56777.1
1/6/2019 12:30,56617.1
1/6/2019 12:45,56353.1
1/6/2019 13:00,55825.1
1/6/2019 13:15,55341.1
1/6/2019 13:30,55253.1
1/6/2019 13:45,54889.1
1/6/2019 14:00,55081.1
1/6/2019 14:15,54857.1
1/6/2019 14:30,54637.1
1/6/2019 14:45,54289.1
1/6/2019 15:00,53861.1
1/6/2019 15:15,53989.1
1/6/2019 15:30,53961.1
1/6/2019 15:45,53989.1
1/6/2019 16:00,54441.1
1/6/2019 16:15,55053.1
1/6/2019 16:30,56033.1
1/6/2019 16:45,57269.1
1/6/2019 17:00,58409.1
1/6/2019 17:15,59173.1
1/6/2019 17:30,59545.1
1/6/2019 17:45,59685.1
1/6/2019 18:00,60541.1
1/6/2019 18:15,60449.1
1/6/2019 18:30,60017.1
1/6/2019 18:45,59437.1
1/6/2019 19:00,59417.1
1/6/2019 19:15,58633.1
1/6/2019 19:30,58385.1
1/6/2019 19:45,57697.1
1/6/2019 20:00,57257.1
1/6/2019 20:15,56589.1
1/6/2019 20:30,55697.1
1/6/2019 20:45,55233.1
1/6/2019 21:00,55097.1
1/6/2019 21:15,54913.1
1/6/2019 21:30,54345.1
1/6/2019 21:45,54209.1
1/6/2019 22:00,54273.1
1/6/2019 22:15,54621.1
1/6/2019 22:30,53905.1
1/6/2019 22:45,53061.1
1/6/2019 23:00,52373.1
1/6/2019 23:15,51733.1
1/6/2019 23:30,50897.1
1/6/2019 23:45,50117.1
1/7/2019 0:00,49193.1
1/7/2019 0:15,48501.1
1/7/2019 0:30,48049.1
1/7/2019 0:45,47493.1
1/7/2019 1:00,47053.1
1/7/2019 1:15,46489.1
1/7/2019 1:30,46493.1
1/7/2019 1:45,46181.1
1/7/2019 2:00,46109.1
1/7/2019 2:15,45901.1
1/7/2019 2:30,46081.1
1/7/2019 2:45,46209.1
1/7/2019 3:00,46513.1
1/7/2019 3:15,46597.1
1/7/2019 3:30,46841.1
1/7/2019 3:45,47053.1
1/7/2019 4:00,47693.1
1/7/2019 4:15,48213.1
1/7/2019 4:30,48841.1
1/7/2019 4:45,49641.1
1/7/2019 5:00,51121.1
1/7/2019 5:15,52085.1
1/7/2019 5:30,53353.1
1/7/2019 5:45,55209.1
1/7/2019 6:00,58517.1
1/7/2019 6:15,60873.1
1/7/2019 6:30,62689.1
1/7/2019 6:45,64141.1
1/7/2019 7:00,66429.1
1/7/2019 7:15,67285.1
1/7/2019 7:30,68525.1
1/7/2019 7:45,69241.1
1/7/2019 8:00,70281.1
1/7/2019 8:15,70341.1
1/7/2019 8:30,70649.1
1/7/2019 8:45,70825.1
1/7/2019 9:00,70665.1
1/7/2019 9:15,70629.1
1/7/2019 9:30,70789.1
1/7/2019 9:45,71137.1
1/7/2019 10:00,71597.1
1/7/2019 10:15,71997.1
1/7/2019 10:30,72345.1
1/7/2019 10:45,72433.1
1/7/2019 11:00,72725.1
1/7/2019 11:15,73045.1
1/7/2019 11:30,73153.1
1/7/2019 11:45,73185.1
1/7/2019 12:00,72965.1
1/7/2019 12:15,72925.1
1/7/2019 12:30,72965.1
1/7/2019 12:45,72969.1
1/7/2019 13:00,73173.1
1/7/2019 13:15,73193.1
1/7/2019 13:30,73053.1
1/7/2019 13:45,72553.1
1/7/2019 14:00,72549.1
1/7/2019 14:15,72649.1
1/7/2019 14:30,72753.1
1/7/2019 14:45,72689.1
1/7/2019 15:00,73061.1
1/7/2019 15:15,72685.1
1/7/2019 15:30,72441.1
1/7/2019 15:45,72545.1
1/7/2019 16:00,72861.1
1/7/2019 16:15,73481.1
1/7/2019 16:30,73937.1
1/7/2019 16:45,74745.1
1/7/2019 17:00,75653.1
1/7/2019 17:15,75917.1
1/7/2019 17:30,76009.1
1/7/2019 17:45,76105.1
1/7/2019 18:00,75681.1
1/7/2019 18:15,75157.1
1/7/2019 18:30,74877.1
1/7/2019 18:45,74569.1
1/7/2019 19:00,74101.1
1/7/2019 19:15,73285.1
1/7/2019 19:30,72789.1
1/7/2019 19:45,72441.1
1/7/2019 20:00,71213.1
1/7/2019 20:15,70169.1
1/7/2019 20:30,69405.1
1/7/2019 20:45,68489.1
1/7/2019 21:00,67969.1
1/7/2019 21:15,67229.1
1/7/2019 21:30,66477.1
1/7/2019 21:45,65405.1
1/7/2019 22:00,65113.1
1/7/2019 22:15,64169.1
1/7/2019 22:30,63081.1
1/7/2019 22:45,61781.1
1/7/2019 23:00,60673.1
1/7/2019 23:15,60009.1
1/7/2019 23:30,59137.1
1/7/2019 23:45,58593.1
1/8/2019 0:00,46109.1
1/8/2019 0:15,45725.1
1/8/2019 0:30,45581.1
1/8/2019 0:45,45489.1
1/8/2019 1:00,45109.1
1/8/2019 1:15,45205.1
1/8/2019 1:30,45009.1
1/8/2019 1:45,44929.1
1/8/2019 2:00,45109.1
1/8/2019 2:15,45197.1
1/8/2019 2:30,45297.1
1/8/2019 2:45,45577.1
1/8/2019 3:00,46493.1
1/8/2019 3:15,46849.1
1/8/2019 3:30,47297.1
1/8/2019 3:45,48105.1
1/8/2019 4:00,49721.1
1/8/2019 4:15,50693.1
1/8/2019 4:30,51865.1
1/8/2019 4:45,53565.1
1/8/2019 5:00,56561.1
1/8/2019 5:15,58133.1
1/8/2019 5:30,59493.1
1/8/2019 5:45,60837.1
1/8/2019 6:00,62621.1
1/8/2019 6:15,63793.1
1/8/2019 6:30,64581.1
1/8/2019 6:45,65445.1
1/8/2019 7:00,66049.1
1/8/2019 7:15,66725.1
1/8/2019 7:30,67281.1
1/8/2019 7:45,67501.1
1/8/2019 8:00,67437.1
1/8/2019 8:15,67753.1
1/8/2019 8:30,68345.1
1/8/2019 8:45,68633.1
1/8/2019 9:00,68433.1
1/8/2019 9:15,68313.1
1/8/2019 9:30,68341.1
1/8/2019 9:45,68637.1
1/8/2019 10:00,68881.1
1/8/2019 10:15,69117.1
1/8/2019 10:30,69233.1
1/8/2019 10:45,68961.1
1/8/2019 11:00,68265.1
1/8/2019 11:15,67861.1
1/8/2019 11:30,67597.1
1/8/2019 11:45,67657.1
1/8/2019 12:00,67517.1
1/8/2019 12:15,67165.1
1/8/2019 12:30,66529.1
1/8/2019 12:45,65997.1
1/8/2019 13:00,66001.1
1/8/2019 13:15,65713.1
1/8/2019 13:30,65629.1
1/8/2019 13:45,65609.1
1/8/2019 14:00,65369.1
1/8/2019 14:15,64853.1
1/8/2019 14:30,64509.1
1/8/2019 14:45,64053.1
1/8/2019 15:00,63809.1
1/8/2019 15:15,63553.1
1/8/2019 15:30,63553.1
1/8/2019 15:45,63169.1
1/8/2019 16:00,63617.1
1/8/2019 16:15,63577.1
1/8/2019 16:30,63565.1
1/8/2019 16:45,63761.1
1/8/2019 17:00,63761.1
1/8/2019 17:15,63693.1
1/8/2019 17:30,63841.1
1/8/2019 17:45,63897.1
1/8/2019 18:00,64217.1
1/8/2019 18:15,63981.1
1/8/2019 18:30,63865.1
1/8/2019 18:45,64105.1
1/8/2019 19:00,63945.1
1/8/2019 19:15,63801.1
1/8/2019 19:30,63921.1
1/8/2019 19:45,64101.1
1/8/2019 20:00,63301.1
1/8/2019 20:15,62449.1
1/8/2019 20:30,61633.1
1/8/2019 20:45,60645.1
1/8/2019 21:00,59901.1
1/8/2019 21:15,58961.1
1/8/2019 21:30,58145.1
1/8/2019 21:45,57053.1
1/8/2019 22:00,56041.1
1/8/2019 22:15,55077.1
1/8/2019 22:30,54097.1
1/8/2019 22:45,53257.1
1/8/2019 23:00,52373.1
1/8/2019 23:15,51445.1
1/8/2019 23:30,50957.1
1/8/2019 23:45,50901.1
1/9/2019 0:00,50265.1
1/9/2019 0:15,50081.1
1/9/2019 0:30,49693.1
1/9/2019 0:45,49437.1
1/9/2019 1:00,49313.1
1/9/2019 1:15,48853.1
1/9/2019 1:30,49033.1
1/9/2019 1:45,49293.1
1/9/2019 2:00,49253.1
1/9/2019 2:15,49641.1
1/9/2019 2:30,49717.1
1/9/2019 2:45,49901.1
1/9/2019 3:00,50413.1
1/9/2019 3:15,50921.1
1/9/2019 3:30,51425.1
1/9/2019 3:45,52185.1
1/9/2019 4:00,53661.1
1/9/2019 4:15,54597.1
1/9/2019 4:30,55669.1
1/9/2019 4:45,57153.1
1/9/2019 5:00,59737.1
1/9/2019 5:15,61441.1
1/9/2019 5:30,62573.1
1/9/2019 5:45,63613.1
1/9/2019 6:00,64905.1
1/9/2019 6:15,65941.1
1/9/2019 6:30,66833.1
1/9/2019 6:45,67581.1
1/9/2019 7:00,68061.1
1/9/2019 7:15,68337.1
1/9/2019 7:30,68565.1
1/9/2019 7:45,69017.1
1/9/2019 8:00,68521.1
1/9/2019 8:15,69125.1
1/9/2019 8:30,69689.1
1/9/2019 8:45,69793.1
1/9/2019 9:00,68777.1
1/9/2019 9:15,69029.1
1/9/2019 9:30,69249.1
1/9/2019 9:45,69685.1
1/9/2019 10:00,69353.1
1/9/2019 10:15,69533.1
1/9/2019 10:30,69569.1
1/9/2019 10:45,69293.1
1/9/2019 11:00,69045.1
1/9/2019 11:15,68817.1
1/9/2019 11:30,68937.1
1/9/2019 11:45,68801.1
1/9/2019 12:00,68401.1
1/9/2019 12:15,68213.1
1/9/2019 12:30,67721.1
1/9/2019 12:45,67149.1
1/9/2019 13:00,66897.1
1/9/2019 13:15,66505.1
1/9/2019 13:30,66165.1
1/9/2019 13:45,65817.1
1/9/2019 14:00,66145.1
1/9/2019 14:15,65849.1
1/9/2019 14:30,65517.1
1/9/2019 14:45,65045.1
1/9/2019 15:00,65389.1
1/9/2019 15:15,64869.1
1/9/2019 15:30,64485.1
1/9/2019 15:45,64277.1
1/9/2019 16:00,64421.1
1/9/2019 16:15,64817.1
1/9/2019 16:30,64885.1
1/9/2019 16:45,64917.1
1/9/2019 17:00,65041.1
1/9/2019 17:15,64877.1
1/9/2019 17:30,65029.1
1/9/2019 17:45,64829.1
1/9/2019 18:00,64593.1
1/9/2019 18:15,64357.1
1/9/2019 18:30,64297.1
1/9/2019 18:45,64241.1
1/9/2019 19:00,64145.1
1/9/2019 19:15,64345.1
1/9/2019 19:30,64601.1
1/9/2019 19:45,64473.1
1/9/2019 20:00,63897.1
1/9/2019 20:15,63205.1
1/9/2019 20:30,62209.1
1/9/2019 20:45,61437.1
1/9/2019 21:00,60405.1
1/9/2019 21:15,59593.1
1/9/2019 21:30,58517.1
1/9/2019 21:45,57577.1
1/9/2019 22:00,56145.1
1/9/2019 22:15,55121.1
1/9/2019 22:30,54313.1
1/9/2019 22:45,53449.1
1/9/2019 23:00,52217.1
1/9/2019 23:15,51357.1
1/9/2019 23:30,51169.1
1/9/2019 23:45,50297.1
1/10/2019 0:00,49561.1
1/10/2019 0:15,49309.1
1/10/2019 0:30,48913.1
1/10/2019 0:45,48425.1
1/10/2019 1:00,48593.1
1/10/2019 1:15,48361.1
1/10/2019 1:30,48437.1
1/10/2019 1:45,48561.1
1/10/2019 2:00,48585.1
1/10/2019 2:15,48421.1
1/10/2019 2:30,48689.1
1/10/2019 2:45,48849.1
1/10/2019 3:00,49441.1
1/10/2019 3:15,49809.1
1/10/2019 3:30,50345.1
1/10/2019 3:45,51041.1
1/10/2019 4:00,52541.1
1/10/2019 4:15,53185.1
1/10/2019 4:30,54197.1
1/10/2019 4:45,55549.1
1/10/2019 5:00,58109.1
1/10/2019 5:15,59577.1
1/10/2019 5:30,60901.1
1/10/2019 5:45,62189.1
1/10/2019 6:00,63625.1
1/10/2019 6:15,64769.1
1/10/2019 6:30,65609.1
1/10/2019 6:45,66529.1
1/10/2019 7:00,67197.1
1/10/2019 7:15,67881.1
1/10/2019 7:30,68261.1
1/10/2019 7:45,68377.1
1/10/2019 8:00,67765.1
1/10/2019 8:15,68373.1
1/10/2019 8:30,68997.1
1/10/2019 8:45,69293.1
1/10/2019 9:00,69077.1
1/10/2019 9:15,69421.1
1/10/2019 9:30,69805.1
1/10/2019 9:45,70241.1
1/10/2019 10:00,70297.1
1/10/2019 10:15,70289.1
1/10/2019 10:30,70313.1
1/10/2019 10:45,69997.1
1/10/2019 11:00,68877.1
1/10/2019 11:15,68513.1
1/10/2019 11:30,68609.1
1/10/2019 11:45,68497.1
1/10/2019 12:00,68097.1
1/10/2019 12:15,67585.1
1/10/2019 12:30,67337.1
1/10/2019 12:45,66837.1
1/10/2019 13:00,66709.1
1/10/2019 13:15,66469.1
1/10/2019 13:30,65873.1
1/10/2019 13:45,65405.1
1/10/2019 14:00,65337.1
1/10/2019 14:15,64793.1
1/10/2019 14:30,64233.1
1/10/2019 14:45,63797.1
1/10/2019 15:00,63661.1
1/10/2019 15:15,63261.1
1/10/2019 15:30,63033.1
1/10/2019 15:45,62817.1
1/10/2019 16:00,62989.1
1/10/2019 16:15,62741.1
1/10/2019 16:30,62821.1
1/10/2019 16:45,62969.1
1/10/2019 17:00,62841.1
1/10/2019 17:15,62693.1
1/10/2019 17:30,62973.1
1/10/2019 17:45,63061.1
1/10/2019 18:00,63469.1
1/10/2019 18:15,63437.1
1/10/2019 18:30,63477.1
1/10/2019 18:45,63237.1
1/10/2019 19:00,63189.1
1/10/2019 19:15,63217.1
1/10/2019 19:30,63717.1
1/10/2019 19:45,63537.1
1/10/2019 20:00,62841.1
1/10/2019 20:15,62013.1
1/10/2019 20:30,60809.1
1/10/2019 20:45,60045.1
1/10/2019 21:00,59489.1
1/10/2019 21:15,58493.1
1/10/2019 21:30,57369.1
1/10/2019 21:45,56529.1
1/10/2019 22:00,55533.1
1/10/2019 22:15,54589.1
1/10/2019 22:30,53693.1
1/10/2019 22:45,52673.1
1/10/2019 23:00,51549.1
1/10/2019 23:15,50533.1
1/10/2019 23:30,50089.1
1/10/2019 23:45,49561.1
1/11/2019 0:00,49029.1
1/11/2019 0:15,48545.1
1/11/2019 0:30,48253.1
1/11/2019 0:45,47957.1
1/11/2019 1:00,47613.1
1/11/2019 1:15,47609.1
1/11/2019 1:30,47921.1
1/11/2019 1:45,47913.1
1/11/2019 2:00,47805.1
1/11/2019 2:15,47505.1
1/11/2019 2:30,47793.1
1/11/2019 2:45,47937.1
1/11/2019 3:00,48229.1
1/11/2019 3:15,48633.1
1/11/2019 3:30,49297.1
1/11/2019 3:45,50133.1
1/11/2019 4:00,51241.1
1/11/2019 4:15,52177.1
1/11/2019 4:30,53325.1
1/11/2019 4:45,54465.1
1/11/2019 5:00,56897.1
1/11/2019 5:15,58117.1
1/11/2019 5:30,59281.1
1/11/2019 5:45,60281.1
1/11/2019 6:00,61813.1
1/11/2019 6:15,63089.1
1/11/2019 6:30,63917.1
1/11/2019 6:45,64701.1
1/11/2019 7:00,65477.1
1/11/2019 7:15,65933.1
1/11/2019 7:30,66165.1
1/11/2019 7:45,66305.1
1/11/2019 8:00,65977.1
1/11/2019 8:15,66325.1
1/11/2019 8:30,66905.1
1/11/2019 8:45,66881.1
1/11/2019 9:00,66885.1
1/11/2019 9:15,66921.1
1/11/2019 9:30,67045.1
1/11/2019 9:45,67021.1
1/11/2019 10:00,66285.1
1/11/2019 10:15,66261.1
1/11/2019 10:30,66473.1
1/11/2019 10:45,66317.1
1/11/2019 11:00,66149.1
1/11/2019 11:15,65673.1
1/11/2019 11:30,65557.1
1/11/2019 11:45,65705.1
1/11/2019 12:00,65897.1
1/11/2019 12:15,65749.1
1/11/2019 12:30,65277.1
1/11/2019 12:45,64949.1
1/11/2019 13:00,64397.1
1/11/2019 13:15,64057.1
1/11/2019 13:30,63717.1
1/11/2019 13:45,63257.1
1/11/2019 14:00,63433.1
1/11/2019 14:15,62961.1
1/11/2019 14:30,62573.1
1/11/2019 14:45,62117.1
1/11/2019 15:00,62045.1
1/11/2019 15:15,61597.1
1/11/2019 15:30,61177.1
1/11/2019 15:45,60913.1
1/11/2019 16:00,61473.1
1/11/2019 16:15,61593.1
1/11/2019 16:30,60989.1
1/11/2019 16:45,60425.1
1/11/2019 17:00,60397.1
1/11/2019 17:15,60337.1
1/11/2019 17:30,60221.1
1/11/2019 17:45,60049.1
1/11/2019 18:00,60161.1
1/11/2019 18:15,59909.1
1/11/2019 18:30,59949.1
1/11/2019 18:45,59601.1
1/11/2019 19:00,59481.1
1/11/2019 19:15,59245.1
1/11/2019 19:30,59341.1
1/11/2019 19:45,59317.1
1/11/2019 20:00,58693.1
1/11/2019 20:15,57881.1
1/11/2019 20:30,56773.1
1/11/2019 20:45,55841.1
1/11/2019 21:00,55489.1
1/11/2019 21:15,54393.1
1/11/2019 21:30,53153.1
1/11/2019 21:45,52129.1
1/11/2019 22:00,50889.1
1/11/2019 22:15,49633.1
1/11/2019 22:30,48993.1
1/11/2019 22:45,47753.1
1/11/2019 23:00,46633.1
1/11/2019 23:15,46049.1
1/11/2019 23:30,45373.1
1/11/2019 23:45,44981.1
1/12/2019 0:00,44245.1
1/12/2019 0:15,43409.1
1/12/2019 0:30,43309.1
1/12/2019 0:45,43157.1
1/12/2019 1:00,42693.1
1/12/2019 1:15,42305.1
1/12/2019 1:30,42085.1
1/12/2019 1:45,41941.1
1/12/2019 2:00,41829.1
1/12/2019 2:15,41645.1
1/12/2019 2:30,41661.1
1/12/2019 2:45,41697.1
1/12/2019 3:00,41517.1
1/12/2019 3:15,41601.1
1/12/2019 3:30,41449.1
1/12/2019 3:45,41441.1
1/12/2019 4:00,41697.1
1/12/2019 4:15,41569.1
1/12/2019 4:30,41153.1
1/12/2019 4:45,40789.1
1/12/2019 5:00,40657.1
1/12/2019 5:15,40553.1
1/12/2019 5:30,40481.1
1/12/2019 5:45,40829.1
1/12/2019 6:00,41589.1
1/12/2019 6:15,42441.1
1/12/2019 6:30,43141.1
1/12/2019 6:45,44009.1
1/12/2019 7:00,45077.1
1/12/2019 7:15,45889.1
1/12/2019 7:30,46817.1
1/12/2019 7:45,47401.1
1/12/2019 8:00,48041.1
1/12/2019 8:15,48877.1
1/12/2019 8:30,49373.1
1/12/2019 8:45,49789.1
1/12/2019 9:00,50261.1
1/12/2019 9:15,50405.1
1/12/2019 9:30,50477.1
1/12/2019 9:45,50941.1
1/12/2019 10:00,51357.1
1/12/2019 10:15,52089.1
1/12/2019 10:30,52601.1
1/12/2019 10:45,52593.1
1/12/2019 11:00,52105.1
1/12/2019 11:15,51617.1
1/12/2019 11:30,51005.1
1/12/2019 11:45,50853.1
1/12/2019 12:00,50477.1
1/12/2019 12:15,49729.1
1/12/2019 12:30,49349.1
1/12/2019 12:45,49045.1
1/12/2019 13:00,48837.1
1/12/2019 13:15,48489.1
1/12/2019 13:30,48005.1
1/12/2019 13:45,47669.1
1/12/2019 14:00,47529.1
1/12/2019 14:15,47189.1
1/12/2019 14:30,46733.1
1/12/2019 14:45,45901.1
1/12/2019 15:00,45885.1
1/12/2019 15:15,45917.1
1/12/2019 15:30,45769.1
1/12/2019 15:45,45861.1
1/12/2019 16:00,46233.1
1/12/2019 16:15,46549.1
1/12/2019 16:30,46817.1
1/12/2019 16:45,47137.1
1/12/2019 17:00,47561.1
1/12/2019 17:15,47669.1
1/12/2019 17:30,48017.1
1/12/2019 17:45,48085.1
1/12/2019 18:00,48345.1
1/12/2019 18:15,48413.1
1/12/2019 18:30,48449.1
1/12/2019 18:45,48221.1
1/12/2019 19:00,48557.1
1/12/2019 19:15,48349.1
1/12/2019 19:30,48749.1
1/12/2019 19:45,48949.1
1/12/2019 20:00,48833.1
1/12/2019 20:15,48441.1
1/12/2019 20:30,47925.1
1/12/2019 20:45,47649.1
1/12/2019 21:00,47301.1
1/12/2019 21:15,46773.1
1/12/2019 21:30,45865.1
1/12/2019 21:45,45373.1
1/12/2019 22:00,44129.1
1/12/2019 22:15,43089.1
1/12/2019 22:30,42637.1
1/12/2019 22:45,41885.1
1/12/2019 23:00,40857.1
1/12/2019 23:15,40497.1
1/12/2019 23:30,39857.1
1/12/2019 23:45,39749.1
1/13/2019 0:00,39049.1
1/13/2019 0:15,38737.1
1/13/2019 0:30,38365.1
1/13/2019 0:45,37717.1
1/13/2019 1:00,37889.1
1/13/2019 1:15,37629.1
1/13/2019 1:30,37473.1
1/13/2019 1:45,37145.1
1/13/2019 2:00,37105.1
1/13/2019 2:15,37025.1
1/13/2019 2:30,37425.1
1/13/2019 2:45,37445.1
1/13/2019 3:00,37833.1
1/13/2019 3:15,37809.1
1/13/2019 3:30,38353.1
1/13/2019 3:45,38725.1
1/13/2019 4:00,39401.1
1/13/2019 4:15,39473.1
1/13/2019 4:30,39925.1
1/13/2019 4:45,40261.1
1/13/2019 5:00,40485.1
1/13/2019 5:15,40573.1
1/13/2019 5:30,40997.1
1/13/2019 5:45,41789.1
1/13/2019 6:00,42721.1
1/13/2019 6:15,43661.1
1/13/2019 6:30,44581.1
1/13/2019 6:45,45353.1
1/13/2019 7:00,46361.1
1/13/2019 7:15,47317.1
1/13/2019 7:30,48257.1
1/13/2019 7:45,49221.1
1/13/2019 8:00,49933.1
1/13/2019 8:15,50577.1
1/13/2019 8:30,51385.1
1/13/2019 8:45,51409.1
1/13/2019 9:00,51545.1
1/13/2019 9:15,51357.1
1/13/2019 9:30,51565.1
1/13/2019 9:45,51837.1
1/13/2019 10:00,51813.1
1/13/2019 10:15,51961.1
1/13/2019 10:30,52177.1
1/13/2019 10:45,52133.1
1/13/2019 11:00,52017.1
1/13/2019 11:15,51713.1
1/13/2019 11:30,51677.1
1/13/2019 11:45,51397.1
1/13/2019 12:00,50977.1
1/13/2019 12:15,50521.1
1/13/2019 12:30,50453.1
1/13/2019 12:45,50145.1
1/13/2019 13:00,49617.1
1/13/2019 13:15,49285.1
1/13/2019 13:30,49249.1
1/13/2019 13:45,49029.1
1/13/2019 14:00,48665.1
1/13/2019 14:15,48273.1
1/13/2019 14:30,48153.1
1/13/2019 14:45,47765.1
1/13/2019 15:00,47485.1
1/13/2019 15:15,47525.1
1/13/2019 15:30,47425.1
1/13/2019 15:45,47445.1
1/13/2019 16:00,48093.1
1/13/2019 16:15,48493.1
1/13/2019 16:30,48813.1
1/13/2019 16:45,49077.1
1/13/2019 17:00,49177.1
1/13/2019 17:15,49037.1
1/13/2019 17:30,49017.1
1/13/2019 17:45,49017.1
1/13/2019 18:00,49033.1
1/13/2019 18:15,48817.1
1/13/2019 18:30,48685.1
1/13/2019 18:45,48485.1
1/13/2019 19:00,48265.1
1/13/2019 19:15,47977.1
1/13/2019 19:30,48089.1
1/13/2019 19:45,48545.1
1/13/2019 20:00,48253.1
1/13/2019 20:15,47717.1
1/13/2019 20:30,47153.1
1/13/2019 20:45,46753.1
1/13/2019 21:00,46637.1
1/13/2019 21:15,45673.1
1/13/2019 21:30,44773.1
1/13/2019 21:45,44037.1
1/13/2019 22:00,43413.1
1/13/2019 22:15,42521.1
1/13/2019 22:30,41821.1
1/13/2019 22:45,41257.1
1/13/2019 23:00,40461.1
1/13/2019 23:15,39561.1
1/13/2019 23:30,38841.1
1/13/2019 23:45,38281.1
1/14/2019 0:00,37493.1
1/14/2019 0:15,36941.1
1/14/2019 0:30,36617.1
1/14/2019 0:45,36317.1
1/14/2019 1:00,36005.1
1/14/2019 1:15,35869.1
1/14/2019 1:30,35629.1
1/14/2019 1:45,35317.1
1/14/2019 2:00,35325.1
1/14/2019 2:15,35361.1
1/14/2019 2:30,35469.1
1/14/2019 2:45,35685.1
1/14/2019 3:00,35717.1
1/14/2019 3:15,35941.1
1/14/2019 3:30,36105.1
1/14/2019 3:45,36193.1
1/14/2019 4:00,36441.1
1/14/2019 4:15,36533.1
1/14/2019 4:30,36805.1
1/14/2019 4:45,36633.1
1/14/2019 5:00,36809.1
1/14/2019 5:15,36433.1
1/14/2019 5:30,36769.1
1/14/2019 5:45,37229.1
1/14/2019 6:00,37701.1
1/14/2019 6:15,38233.1
1/14/2019 6:30,39177.1
1/14/2019 6:45,40085.1
1/14/2019 7:00,41185.1
1/14/2019 7:15,42133.1
1/14/2019 7:30,43037.1
1/14/2019 7:45,43625.1
1/14/2019 8:00,44493.1
1/14/2019 8:15,45097.1
1/14/2019 8:30,45329.1
1/14/2019 8:45,45721.1
1/14/2019 9:00,45745.1
1/14/2019 9:15,45865.1
1/14/2019 9:30,46089.1
1/14/2019 9:45,46365.1
1/14/2019 10:00,46569.1
1/14/2019 10:15,46809.1
1/14/2019 10:30,47057.1
1/14/2019 10:45,46797.1
1/14/2019 11:00,46457.1
1/14/2019 11:15,45933.1
1/14/2019 11:30,45505.1
1/14/2019 11:45,45329.1
1/14/2019 12:00,44817.1
1/14/2019 12:15,44237.1
1/14/2019 12:30,43709.1
1/14/2019 12:45,43309.1
1/14/2019 13:00,42905.1
1/14/2019 13:15,42585.1
1/14/2019 13:30,42249.1
1/14/2019 13:45,42001.1
1/14/2019 14:00,41813.1
1/14/2019 14:15,41577.1
1/14/2019 14:30,41297.1
1/14/2019 14:45,40989.1
1/14/2019 15:00,41009.1
1/14/2019 15:15,41157.1
1/14/2019 15:30,41049.1
1/14/2019 15:45,41145.1
1/14/2019 16:00,41721.1
1/14/2019 16:15,42225.1
1/14/2019 16:30,42153.1
1/14/2019 16:45,42601.1
1/14/2019 17:00,42921.1
1/14/2019 17:15,43185.1
1/14/2019 17:30,43445.1
1/14/2019 17:45,43733.1
1/14/2019 18:00,43897.1
1/14/2019 18:15,43725.1
1/14/2019 18:30,43929.1
1/14/2019 18:45,43961.1
1/14/2019 19:00,44397.1
1/14/2019 19:15,44749.1
1/14/2019 19:30,45177.1
1/14/2019 19:45,45605.1
1/14/2019 20:00,45729.1
1/14/2019 20:15,45309.1
1/14/2019 20:30,45069.1
1/14/2019 20:45,44605.1
1/14/2019 21:00,44565.1
1/14/2019 21:15,44053.1
1/14/2019 21:30,43205.1
1/14/2019 21:45,42353.1
1/14/2019 22:00,41625.1
1/14/2019 22:15,40753.1
1/14/2019 22:30,39997.1
1/14/2019 22:45,39337.1
1/14/2019 23:00,38713.1
1/14/2019 23:15,37833.1
1/14/2019 23:30,37305.1
1/14/2019 23:45,36953.1
1/15/2019 0:00,48517.1
1/15/2019 0:15,48313.1
1/15/2019 0:30,47585.1
1/15/2019 0:45,47345.1
1/15/2019 1:00,47329.1
1/15/2019 1:15,47137.1
1/15/2019 1:30,47281.1
1/15/2019 1:45,47469.1
1/15/2019 2:00,47289.1
1/15/2019 2:15,47421.1
1/15/2019 2:30,47505.1
1/15/2019 2:45,47421.1
1/15/2019 3:00,47809.1
1/15/2019 3:15,48081.1
1/15/2019 3:30,48257.1
1/15/2019 3:45,48749.1
1/15/2019 4:00,49589.1
1/15/2019 4:15,49977.1
1/15/2019 4:30,50689.1
1/15/2019 4:45,52361.1
1/15/2019 5:00,55365.1
1/15/2019 5:15,57021.1
1/15/2019 5:30,58489.1
1/15/2019 5:45,59805.1
1/15/2019 6:00,61441.1
1/15/2019 6:15,62505.1
1/15/2019 6:30,63633.1
1/15/2019 6:45,64733.1
1/15/2019 7:00,65853.1
1/15/2019 7:15,66573.1
1/15/2019 7:30,67473.1
1/15/2019 7:45,67745.1
1/15/2019 8:00,67237.1
1/15/2019 8:15,67837.1
1/15/2019 8:30,68229.1
1/15/2019 8:45,68837.1
1/15/2019 9:00,68881.1
1/15/2019 9:15,69329.1
1/15/2019 9:30,69617.1
1/15/2019 9:45,70057.1
1/15/2019 10:00,70461.1
1/15/2019 10:15,70509.1
1/15/2019 10:30,70861.1
1/15/2019 10:45,70681.1
1/15/2019 11:00,70085.1
1/15/2019 11:15,69921.1
1/15/2019 11:30,70001.1
1/15/2019 11:45,69909.1
1/15/2019 12:00,69773.1
1/15/2019 12:15,69337.1
1/15/2019 12:30,68869.1
1/15/2019 12:45,68361.1
1/15/2019 13:00,67745.1
1/15/2019 13:15,67605.1
1/15/2019 13:30,67729.1
1/15/2019 13:45,67729.1
1/15/2019 14:00,67597.1
1/15/2019 14:15,67493.1
1/15/2019 14:30,67221.1
1/15/2019 14:45,66661.1
1/15/2019 15:00,66185.1
1/15/2019 15:15,65945.1
1/15/2019 15:30,65365.1
1/15/2019 15:45,65109.1
1/15/2019 16:00,65369.1
1/15/2019 16:15,65701.1
1/15/2019 16:30,65741.1
1/15/2019 16:45,65781.1
1/15/2019 17:00,65285.1
1/15/2019 17:15,65085.1
1/15/2019 17:30,64949.1
1/15/2019 17:45,64589.1
1/15/2019 18:00,64201.1
1/15/2019 18:15,63905.1
1/15/2019 18:30,63421.1
1/15/2019 18:45,62969.1
1/15/2019 19:00,62281.1
1/15/2019 19:15,61437.1
1/15/2019 19:30,61133.1
1/15/2019 19:45,60413.1
1/15/2019 20:00,59741.1
1/15/2019 20:15,59225.1
1/15/2019 20:30,58669.1
1/15/2019 20:45,58633.1
1/15/2019 21:00,58461.1
1/15/2019 21:15,57921.1
1/15/2019 21:30,56929.1
1/15/2019 21:45,56069.1
1/15/2019 22:00,54541.1
1/15/2019 22:15,53549.1
1/15/2019 22:30,52553.1
1/15/2019 22:45,51717.1
1/15/2019 23:00,50621.1
1/15/2019 23:15,49989.1
1/15/2019 23:30,49485.1
1/15/2019 23:45,49117.1
1/16/2019 0:00,48553.1
1/16/2019 0:15,48241.1
1/16/2019 0:30,48069.1
1/16/2019 0:45,47593.1
1/16/2019 1:00,46957.1
1/16/2019 1:15,47009.1
1/16/2019 1:30,47005.1
1/16/2019 1:45,46937.1
1/16/2019 2:00,47125.1
1/16/2019 2:15,47369.1
1/16/2019 2:30,47141.1
1/16/2019 2:45,47213.1
1/16/2019 3:00,47741.1
1/16/2019 3:15,47981.1
1/16/2019 3:30,48169.1
1/16/2019 3:45,48425.1
1/16/2019 4:00,49701.1
1/16/2019 4:15,50245.1
1/16/2019 4:30,50869.1
1/16/2019 4:45,52385.1
1/16/2019 5:00,55245.1
1/16/2019 5:15,56873.1
1/16/2019 5:30,58469.1
1/16/2019 5:45,59617.1
1/16/2019 6:00,61209.1
1/16/2019 6:15,62377.1
1/16/2019 6:30,63609.1
1/16/2019 6:45,64841.1
1/16/2019 7:00,65765.1
1/16/2019 7:15,66377.1
1/16/2019 7:30,66925.1
1/16/2019 7:45,67517.1
1/16/2019 8:00,67213.1
1/16/2019 8:15,67477.1
1/16/2019 8:30,67833.1
1/16/2019 8:45,68353.1
1/16/2019 9:00,68225.1
1/16/2019 9:15,68521.1
1/16/2019 9:30,69433.1
1/16/2019 9:45,69985.1
1/16/2019 10:00,70225.1
1/16/2019 10:15,70453.1
1/16/2019 10:30,70665.1
1/16/2019 10:45,71045.1
1/16/2019 11:00,70305.1
1/16/2019 11:15,70117.1
1/16/2019 11:30,70269.1
1/16/2019 11:45,70425.1
1/16/2019 12:00,70117.1
1/16/2019 12:15,69929.1
1/16/2019 12:30,69801.1
1/16/2019 12:45,69333.1
1/16/2019 13:00,69057.1
1/16/2019 13:15,68949.1
1/16/2019 13:30,68901.1
1/16/2019 13:45,68589.1
1/16/2019 14:00,68457.1
1/16/2019 14:15,68121.1
1/16/2019 14:30,67961.1
1/16/2019 14:45,67681.1
1/16/2019 15:00,67385.1
1/16/2019 15:15,67009.1
1/16/2019 15:30,66513.1
1/16/2019 15:45,66093.1
1/16/2019 16:00,66333.1
1/16/2019 16:15,66293.1
1/16/2019 16:30,65913.1
1/16/2019 16:45,65821.1
1/16/2019 17:00,65537.1
1/16/2019 17:15,65377.1
1/16/2019 17:30,65325.1
1/16/2019 17:45,65309.1
1/16/2019 18:00,65321.1
1/16/2019 18:15,64677.1
1/16/2019 18:30,64369.1
1/16/2019 18:45,63853.1
1/16/2019 19:00,63085.1
1/16/2019 19:15,62329.1
1/16/2019 19:30,61645.1
1/16/2019 19:45,61021.1
1/16/2019 20:00,60193.1
1/16/2019 20:15,59645.1
1/16/2019 20:30,59441.1
1/16/2019 20:45,59289.1
1/16/2019 21:00,58697.1
1/16/2019 21:15,58073.1
1/16/2019 21:30,57257.1
1/16/2019 21:45,56349.1
1/16/2019 22:00,55089.1
1/16/2019 22:15,54469.1
1/16/2019 22:30,53569.1
1/16/2019 22:45,52657.1
1/16/2019 23:00,51389.1
1/16/2019 23:15,51005.1
1/16/2019 23:30,50553.1
1/16/2019 23:45,50117.1
1/17/2019 0:00,49289.1
1/17/2019 0:15,49013.1
1/17/2019 0:30,48737.1
1/17/2019 0:45,48493.1
1/17/2019 1:00,48337.1
1/17/2019 1:15,48301.1
1/17/2019 1:30,48125.1
1/17/2019 1:45,47989.1
1/17/2019 2:00,48337.1
1/17/2019 2:15,48381.1
1/17/2019 2:30,48005.1
1/17/2019 2:45,48249.1
1/17/2019 3:00,48653.1
1/17/2019 3:15,48845.1
1/17/2019 3:30,48989.1
1/17/2019 3:45,49425.1
1/17/2019 4:00,50341.1
1/17/2019 4:15,50661.1
1/17/2019 4:30,51329.1
1/17/2019 4:45,52453.1
1/17/2019 5:00,55805.1
1/17/2019 5:15,57885.1
1/17/2019 5:30,59389.1
1/17/2019 5:45,60701.1
1/17/2019 6:00,62445.1
1/17/2019 6:15,63837.1
1/17/2019 6:30,64661.1
1/17/2019 6:45,65505.1
1/17/2019 7:00,66333.1
1/17/2019 7:15,66953.1
1/17/2019 7:30,67489.1
1/17/2019 7:45,67893.1
1/17/2019 8:00,67769.1
1/17/2019 8:15,68461.1
1/17/2019 8:30,68821.1
1/17/2019 8:45,69237.1
1/17/2019 9:00,69041.1
1/17/2019 9:15,69409.1
1/17/2019 9:30,69349.1
1/17/2019 9:45,69569.1
1/17/2019 10:00,69813.1
1/17/2019 10:15,70085.1
1/17/2019 10:30,70469.1
1/17/2019 10:45,70245.1
1/17/2019 11:00,69541.1
1/17/2019 11:15,69377.1
1/17/2019 11:30,69497.1
1/17/2019 11:45,69133.1
1/17/2019 12:00,68877.1
1/17/2019 12:15,68553.1
1/17/2019 12:30,68129.1
1/17/2019 12:45,67625.1
1/17/2019 13:00,67453.1
1/17/2019 13:15,67337.1
1/17/2019 13:30,67157.1
1/17/2019 13:45,66549.1
1/17/2019 14:00,66325.1
1/17/2019 14:15,65789.1
1/17/2019 14:30,65321.1
1/17/2019 14:45,64757.1
1/17/2019 15:00,64685.1
1/17/2019 15:15,64469.1
1/17/2019 15:30,64349.1
1/17/2019 15:45,64081.1
1/17/2019 16:00,64061.1
1/17/2019 16:15,63569.1
1/17/2019 16:30,63757.1
1/17/2019 16:45,63329.1
1/17/2019 17:00,63421.1
1/17/2019 17:15,62881.1
1/17/2019 17:30,62621.1
1/17/2019 17:45,62557.1
1/17/2019 18:00,62469.1
1/17/2019 18:15,61297.1
1/17/2019 18:30,60793.1
1/17/2019 18:45,60329.1
1/17/2019 19:00,59037.1
1/17/2019 19:15,58413.1
1/17/2019 19:30,57593.1
1/17/2019 19:45,57229.1
1/17/2019 20:00,56461.1
1/17/2019 20:15,56157.1
1/17/2019 20:30,55473.1
1/17/2019 20:45,55245.1
1/17/2019 21:00,54857.1
1/17/2019 21:15,54393.1
1/17/2019 21:30,53889.1
1/17/2019 21:45,52961.1
1/17/2019 22:00,51653.1
1/17/2019 22:15,50953.1
1/17/2019 22:30,50065.1
1/17/2019 22:45,49309.1
1/17/2019 23:00,48529.1
1/17/2019 23:15,48009.1
1/17/2019 23:30,47497.1
1/17/2019 23:45,46901.1
1/18/2019 0:00,46093.1
1/18/2019 0:15,45617.1
1/18/2019 0:30,45085.1
1/18/2019 0:45,44677.1
1/18/2019 1:00,44001.1
1/18/2019 1:15,43529.1
1/18/2019 1:30,43321.1
1/18/2019 1:45,43509.1
1/18/2019 2:00,43289.1
1/18/2019 2:15,43173.1
1/18/2019 2:30,42865.1
1/18/2019 2:45,42837.1
1/18/2019 3:00,42781.1
1/18/2019 3:15,42681.1
1/18/2019 3:30,43069.1
1/18/2019 3:45,42729.1
1/18/2019 4:00,43021.1
1/18/2019 4:15,42697.1
1/18/2019 4:30,42701.1
1/18/2019 4:45,43013.1
1/18/2019 5:00,43953.1
1/18/2019 5:15,44661.1
1/18/2019 5:30,44937.1
1/18/2019 5:45,45613.1
1/18/2019 6:00,46661.1
1/18/2019 6:15,47501.1
1/18/2019 6:30,48493.1
1/18/2019 6:45,49565.1
1/18/2019 7:00,50641.1
1/18/2019 7:15,51525.1
1/18/2019 7:30,52449.1
1/18/2019 7:45,53325.1
1/18/2019 8:00,53981.1
1/18/2019 8:15,54801.1
1/18/2019 8:30,55857.1
1/18/2019 8:45,56401.1
1/18/2019 9:00,56517.1
1/18/2019 9:15,56969.1
1/18/2019 9:30,57545.1
1/18/2019 9:45,57661.1
1/18/2019 10:00,57733.1
1/18/2019 10:15,57989.1
1/18/2019 10:30,58257.1
1/18/2019 10:45,58237.1
1/18/2019 11:00,57881.1
1/18/2019 11:15,57865.1
1/18/2019 11:30,57817.1
1/18/2019 11:45,57477.1
1/18/2019 12:00,57085.1
1/18/2019 12:15,56877.1
1/18/2019 12:30,57021.1
1/18/2019 12:45,56637.1
1/18/2019 13:00,56141.1
1/18/2019 13:15,55997.1
1/18/2019 13:30,55773.1
1/18/2019 13:45,55369.1
1/18/2019 14:00,55149.1
1/18/2019 14:15,55053.1
1/18/2019 14:30,54761.1
1/18/2019 14:45,54521.1
1/18/2019 15:00,54721.1
1/18/2019 15:15,54405.1
1/18/2019 15:30,53985.1
1/18/2019 15:45,54341.1
1/18/2019 16:00,54629.1
1/18/2019 16:15,54513.1
1/18/2019 16:30,54253.1
1/18/2019 16:45,54445.1
1/18/2019 17:00,54873.1
1/18/2019 17:15,54381.1
1/18/2019 17:30,54665.1
1/18/2019 17:45,54721.1
1/18/2019 18:00,54625.1
1/18/2019 18:15,53985.1
1/18/2019 18:30,53377.1
1/18/2019 18:45,53141.1
1/18/2019 19:00,52505.1
1/18/2019 19:15,51825.1
1/18/2019 19:30,51093.1
1/18/2019 19:45,50801.1
1/18/2019 20:00,50585.1
1/18/2019 20:15,50285.1
1/18/2019 20:30,50045.1
1/18/2019 20:45,50105.1
1/18/2019 21:00,50185.1
1/18/2019 21:15,49885.1
1/18/2019 21:30,48817.1
1/18/2019 21:45,48413.1
1/18/2019 22:00,47381.1
1/18/2019 22:15,46965.1
1/18/2019 22:30,46401.1
1/18/2019 22:45,45713.1
1/18/2019 23:00,44613.1
1/18/2019 23:15,44285.1
1/18/2019 23:30,43717.1
1/18/2019 23:45,43357.1
1/19/2019 0:00,42825.1
1/19/2019 0:15,42425.1
1/19/2019 0:30,41753.1
1/19/2019 0:45,41473.1
1/19/2019 1:00,41213.1
1/19/2019 1:15,41121.1
1/19/2019 1:30,40949.1
1/19/2019 1:45,40853.1
1/19/2019 2:00,40717.1
1/19/2019 2:15,40493.1
1/19/2019 2:30,40417.1
1/19/2019 2:45,40289.1
1/19/2019 3:00,40101.1
1/19/2019 3:15,39989.1
1/19/2019 3:30,40541.1
1/19/2019 3:45,40285.1
1/19/2019 4:00,40281.1
1/19/2019 4:15,39857.1
1/19/2019 4:30,39833.1
1/19/2019 4:45,39861.1
1/19/2019 5:00,40349.1
1/19/2019 5:15,40629.1
1/19/2019 5:30,41105.1
1/19/2019 5:45,41573.1
1/19/2019 6:00,41897.1
1/19/2019 6:15,42353.1
1/19/2019 6:30,43025.1
1/19/2019 6:45,44029.1
1/19/2019 7:00,44713.1
1/19/2019 7:15,45473.1
1/19/2019 7:30,46249.1
1/19/2019 7:45,46849.1
1/19/2019 8:00,48313.1
1/19/2019 8:15,48909.1
1/19/2019 8:30,49237.1
1/19/2019 8:45,49865.1
1/19/2019 9:00,50249.1
1/19/2019 9:15,50905.1
1/19/2019 9:30,51257.1
1/19/2019 9:45,51697.1
1/19/2019 10:00,52285.1
1/19/2019 10:15,52833.1
1/19/2019 10:30,53165.1
1/19/2019 10:45,53073.1
1/19/2019 11:00,53233.1
1/19/2019 11:15,53053.1
1/19/2019 11:30,53069.1
1/19/2019 11:45,52917.1
1/19/2019 12:00,52705.1
1/19/2019 12:15,51785.1
1/19/2019 12:30,51609.1
1/19/2019 12:45,51257.1
1/19/2019 13:00,51361.1
1/19/2019 13:15,51037.1
1/19/2019 13:30,50813.1
1/19/2019 13:45,50485.1
1/19/2019 14:00,50369.1
1/19/2019 14:15,50453.1
1/19/2019 14:30,50137.1
1/19/2019 14:45,49897.1
1/19/2019 15:00,50217.1
1/19/2019 15:15,50261.1
1/19/2019 15:30,50085.1
1/19/2019 15:45,50521.1
1/19/2019 16:00,51001.1
1/19/2019 16:15,51225.1
1/19/2019 16:30,50797.1
1/19/2019 16:45,51005.1
1/19/2019 17:00,51157.1
1/19/2019 17:15,50993.1
1/19/2019 17:30,51053.1
1/19/2019 17:45,50737.1
1/19/2019 18:00,50937.1
1/19/2019 18:15,50829.1
1/19/2019 18:30,50397.1
1/19/2019 18:45,49793.1
1/19/2019 19:00,50005.1
1/19/2019 19:15,49745.1
1/19/2019 19:30,49453.1
1/19/2019 19:45,48917.1
1/19/2019 20:00,48645.1
1/19/2019 20:15,48385.1
1/19/2019 20:30,48545.1
1/19/2019 20:45,49101.1
1/19/2019 21:00,49449.1
1/19/2019 21:15,49305.1
1/19/2019 21:30,48685.1
1/19/2019 21:45,47953.1
1/19/2019 22:00,47013.1
1/19/2019 22:15,46369.1
1/19/2019 22:30,45809.1
1/19/2019 22:45,45661.1
1/19/2019 23:00,45049.1
1/19/2019 23:15,44321.1
1/19/2019 23:30,44221.1
1/19/2019 23:45,43945.1
1/20/2019 0:00,43317.1
1/20/2019 0:15,43025.1
1/20/2019 0:30,42665.1
1/20/2019 0:45,42417.1
1/20/2019 1:00,41589.1
1/20/2019 1:15,41553.1
1/20/2019 1:30,41585.1
1/20/2019 1:45,41661.1
1/20/2019 2:00,41753.1
1/20/2019 2:15,41885.1
1/20/2019 2:30,42005.1
1/20/2019 2:45,42125.1
1/20/2019 3:00,42557.1
1/20/2019 3:15,42913.1
1/20/2019 3:30,43489.1
1/20/2019 3:45,43981.1
1/20/2019 4:00,45569.1
1/20/2019 4:15,45921.1
1/20/2019 4:30,46837.1
1/20/2019 4:45,48773.1
1/20/2019 5:00,52025.1
1/20/2019 5:15,54173.1
1/20/2019 5:30,55709.1
1/20/2019 5:45,57305.1
1/20/2019 6:00,59521.1
1/20/2019 6:15,60697.1
1/20/2019 6:30,61685.1
1/20/2019 6:45,62349.1
1/20/2019 7:00,63097.1
1/20/2019 7:15,63709.1
1/20/2019 7:30,64165.1
1/20/2019 7:45,64845.1
1/20/2019 8:00,64817.1
1/20/2019 8:15,65421.1
1/20/2019 8:30,66001.1
1/20/2019 8:45,66821.1
1/20/2019 9:00,67045.1
1/20/2019 9:15,67349.1
1/20/2019 9:30,67637.1
1/20/2019 9:45,68157.1
1/20/2019 10:00,68097.1
1/20/2019 10:15,68457.1
1/20/2019 10:30,68749.1
1/20/2019 10:45,68993.1
1/20/2019 11:00,68913.1
1/20/2019 11:15,68857.1
1/20/2019 11:30,68937.1
1/20/2019 11:45,69085.1
1/20/2019 12:00,68913.1
1/20/2019 12:15,68489.1
1/20/2019 12:30,68261.1
1/20/2019 12:45,67505.1
1/20/2019 13:00,67289.1
1/20/2019 13:15,67277.1
1/20/2019 13:30,67089.1
1/20/2019 13:45,66613.1
1/20/2019 14:00,66737.1
1/20/2019 14:15,66373.1
1/20/2019 14:30,65825.1
1/20/2019 14:45,65313.1
1/20/2019 15:00,65325.1
1/20/2019 15:15,64761.1
1/20/2019 15:30,64485.1
1/20/2019 15:45,64133.1
1/20/2019 16:00,64333.1
1/20/2019 16:15,64081.1
1/20/2019 16:30,64049.1
1/20/2019 16:45,64157.1
1/20/2019 17:00,63621.1
1/20/2019 17:15,63301.1
1/20/2019 17:30,63209.1
1/20/2019 17:45,63277.1
1/20/2019 18:00,63045.1
1/20/2019 18:15,62381.1
1/20/2019 18:30,61969.1
1/20/2019 18:45,61437.1
1/20/2019 19:00,60681.1
1/20/2019 19:15,60001.1
1/20/2019 19:30,59329.1
1/20/2019 19:45,58681.1
1/20/2019 20:00,58137.1
1/20/2019 20:15,57777.1
1/20/2019 20:30,57245.1
1/20/2019 20:45,56909.1
1/20/2019 21:00,56593.1
1/20/2019 21:15,55957.1
1/20/2019 21:30,54865.1
1/20/2019 21:45,53821.1
1/20/2019 22:00,52373.1
1/20/2019 22:15,51505.1
1/20/2019 22:30,50585.1
1/20/2019 22:45,49905.1
1/20/2019 23:00,49041.1
1/20/2019 23:15,48965.1
1/20/2019 23:30,48205.1
1/20/2019 23:45,47997.1
1/21/2019 0:00,47557.1
1/21/2019 0:15,47177.1
1/21/2019 0:30,46825.1
1/21/2019 0:45,46609.1
1/21/2019 1:00,46597.1
1/21/2019 1:15,46685.1
1/21/2019 1:30,46325.1
1/21/2019 1:45,46333.1
1/21/2019 2:00,46425.1
1/21/2019 2:15,46633.1
1/21/2019 2:30,46645.1
1/21/2019 2:45,46605.1
1/21/2019 3:00,46869.1
1/21/2019 3:15,47357.1
1/21/2019 3:30,47673.1
1/21/2019 3:45,48097.1
1/21/2019 4:00,48473.1
1/21/2019 4:15,48673.1
1/21/2019 4:30,49789.1
1/21/2019 4:45,51121.1
1/21/2019 5:00,53985.1
1/21/2019 5:15,55965.1
1/21/2019 5:30,57789.1
1/21/2019 5:45,59109.1
1/21/2019 6:00,60497.1
1/21/2019 6:15,61553.1
1/21/2019 6:30,62917.1
1/21/2019 6:45,63445.1
1/21/2019 7:00,63617.1
1/21/2019 7:15,64201.1
1/21/2019 7:30,64609.1
1/21/2019 7:45,65037.1
1/21/2019 8:00,64829.1
1/21/2019 8:15,65277.1
1/21/2019 8:30,65681.1
1/21/2019 8:45,65965.1
1/21/2019 9:00,66497.1
1/21/2019 9:15,66933.1
1/21/2019 9:30,67149.1
1/21/2019 9:45,67513.1
1/21/2019 10:00,68537.1
1/21/2019 10:15,68761.1
1/21/2019 10:30,68997.1
1/21/2019 10:45,68893.1
1/21/2019 11:00,68205.1
1/21/2019 11:15,68165.1
1/21/2019 11:30,68221.1
1/21/2019 11:45,68145.1
1/21/2019 12:00,68129.1
1/21/2019 12:15,68089.1
1/21/2019 12:30,67589.1
1/21/2019 12:45,67097.1
1/21/2019 13:00,67029.1
1/21/2019 13:15,67009.1
1/21/2019 13:30,66577.1
1/21/2019 13:45,66481.1
1/21/2019 14:00,66309.1
1/21/2019 14:15,65929.1
1/21/2019 14:30,65817.1
1/21/2019 14:45,65205.1
1/21/2019 15:00,65065.1
1/21/2019 15:15,64617.1
1/21/2019 15:30,64661.1
1/21/2019 15:45,64325.1
1/21/2019 16:00,64189.1
1/21/2019 16:15,64041.1
1/21/2019 16:30,63989.1
1/21/2019 16:45,64061.1
1/21/2019 17:00,63577.1
1/21/2019 17:15,63241.1
1/21/2019 17:30,63577.1
1/21/2019 17:45,63681.1
1/21/2019 18:00,63325.1
1/21/2019 18:15,62641.1
1/21/2019 18:30,62449.1
1/21/2019 18:45,62041.1
1/21/2019 19:00,61285.1
1/21/2019 19:15,60097.1
1/21/2019 19:30,59553.1
1/21/2019 19:45,59069.1
1/21/2019 20:00,58321.1
1/21/2019 20:15,57661.1
1/21/2019 20:30,57301.1
1/21/2019 20:45,57153.1
1/21/2019 21:00,56793.1
1/21/2019 21:15,55885.1
1/21/2019 21:30,54805.1
1/21/2019 21:45,53837.1
1/21/2019 22:00,52925.1
1/21/2019 22:15,51773.1
1/21/2019 22:30,51105.1
1/21/2019 22:45,50237.1
1/21/2019 23:00,49221.1
1/21/2019 23:15,48809.1
1/21/2019 23:30,48257.1
1/21/2019 23:45,48057.1
1/22/2019 0:00,43305.1
1/22/2019 0:15,42945.1
1/22/2019 0:30,42913.1
1/22/2019 0:45,42849.1
1/22/2019 1:00,42669.1
1/22/2019 1:15,42429.1
1/22/2019 1:30,42529.1
1/22/2019 1:45,42589.1
1/22/2019 2:00,42709.1
1/22/2019 2:15,42857.1
1/22/2019 2:30,43025.1
1/22/2019 2:45,43077.1
1/22/2019 3:00,43977.1
1/22/2019 3:15,44285.1
1/22/2019 3:30,44949.1
1/22/2019 3:45,45505.1
1/22/2019 4:00,47373.1
1/22/2019 4:15,48457.1
1/22/2019 4:30,49877.1
1/22/2019 4:45,51761.1
1/22/2019 5:00,55761.1
1/22/2019 5:15,58237.1
1/22/2019 5:30,60253.1
1/22/2019 5:45,61765.1
1/22/2019 6:00,63565.1
1/22/2019 6:15,63965.1
1/22/2019 6:30,64669.1
1/22/2019 6:45,65201.1
1/22/2019 7:00,66285.1
1/22/2019 7:15,66661.1
1/22/2019 7:30,66965.1
1/22/2019 7:45,67189.1
1/22/2019 8:00,66813.1
1/22/2019 8:15,67089.1
1/22/2019 8:30,67741.1
1/22/2019 8:45,68029.1
1/22/2019 9:00,68481.1
1/22/2019 9:15,68773.1
1/22/2019 9:30,69149.1
1/22/2019 9:45,69505.1
1/22/2019 10:00,69877.1
1/22/2019 10:15,70065.1
1/22/2019 10:30,70165.1
1/22/2019 10:45,70177.1
1/22/2019 11:00,69701.1
1/22/2019 11:15,69513.1
1/22/2019 11:30,69629.1
1/22/2019 11:45,69357.1
1/22/2019 12:00,69201.1
1/22/2019 12:15,68941.1
1/22/2019 12:30,68777.1
1/22/2019 12:45,68397.1
1/22/2019 13:00,67709.1
1/22/2019 13:15,67405.1
1/22/2019 13:30,67133.1
1/22/2019 13:45,66929.1
1/22/2019 14:00,66561.1
1/22/2019 14:15,65985.1
1/22/2019 14:30,65661.1
1/22/2019 14:45,65333.1
1/22/2019 15:00,65005.1
1/22/2019 15:15,64621.1
1/22/2019 15:30,64357.1
1/22/2019 15:45,64353.1
1/22/2019 16:00,64465.1
1/22/2019 16:15,64245.1
1/22/2019 16:30,64485.1
1/22/2019 16:45,64613.1
1/22/2019 17:00,64457.1
1/22/2019 17:15,64249.1
1/22/2019 17:30,64525.1
1/22/2019 17:45,64989.1
1/22/2019 18:00,65121.1
1/22/2019 18:15,65249.1
1/22/2019 18:30,66361.1
1/22/2019 18:45,66589.1
1/22/2019 19:00,65653.1
1/22/2019 19:15,64129.1
1/22/2019 19:30,62989.1
1/22/2019 19:45,61773.1
1/22/2019 20:00,60501.1
1/22/2019 20:15,59445.1
1/22/2019 20:30,58197.1
1/22/2019 20:45,57177.1
1/22/2019 21:00,56117.1
1/22/2019 21:15,55041.1
1/22/2019 21:30,53621.1
1/22/2019 21:45,52581.1
1/22/2019 22:00,51193.1
1/22/2019 22:15,50393.1
1/22/2019 22:30,49373.1
1/22/2019 22:45,48989.1
1/22/2019 23:00,48177.1
1/22/2019 23:15,47525.1
1/22/2019 23:30,47381.1
1/22/2019 23:45,46633.1
1/23/2019 0:00,46473.1
1/23/2019 0:15,46269.1
1/23/2019 0:30,45773.1
1/23/2019 0:45,45245.1
1/23/2019 1:00,44809.1
1/23/2019 1:15,44877.1
1/23/2019 1:30,44917.1
1/23/2019 1:45,44973.1
1/23/2019 2:00,45121.1
1/23/2019 2:15,45233.1
1/23/2019 2:30,45297.1
1/23/2019 2:45,45433.1
1/23/2019 3:00,45857.1
1/23/2019 3:15,46437.1
1/23/2019 3:30,46769.1
1/23/2019 3:45,47317.1
1/23/2019 4:00,48809.1
1/23/2019 4:15,49821.1
1/23/2019 4:30,51281.1
1/23/2019 4:45,52725.1
1/23/2019 5:00,56113.1
1/23/2019 5:15,58593.1
1/23/2019 5:30,60553.1
1/23/2019 5:45,61901.1
1/23/2019 6:00,63293.1
1/23/2019 6:15,63713.1
1/23/2019 6:30,64297.1
1/23/2019 6:45,65093.1
1/23/2019 7:00,66009.1
1/23/2019 7:15,66221.1
1/23/2019 7:30,66693.1
1/23/2019 7:45,66881.1
1/23/2019 8:00,66665.1
1/23/2019 8:15,67125.1
1/23/2019 8:30,67433.1
1/23/2019 8:45,67417.1
1/23/2019 9:00,67685.1
1/23/2019 9:15,67585.1
1/23/2019 9:30,68033.1
1/23/2019 9:45,68301.1
1/23/2019 10:00,68509.1
1/23/2019 10:15,68841.1
1/23/2019 10:30,69161.1
1/23/2019 10:45,68981.1
1/23/2019 11:00,68617.1
1/23/2019 11:15,68477.1
1/23/2019 11:30,68513.1
1/23/2019 11:45,68433.1
1/23/2019 12:00,68005.1
1/23/2019 12:15,67677.1
1/23/2019 12:30,67289.1
1/23/2019 12:45,66845.1
1/23/2019 13:00,66617.1
1/23/2019 13:15,66469.1
1/23/2019 13:30,66545.1
1/23/2019 13:45,66481.1
1/23/2019 14:00,66149.1
1/23/2019 14:15,65701.1
1/23/2019 14:30,65445.1
1/23/2019 14:45,64913.1
1/23/2019 15:00,64725.1
1/23/2019 15:15,64309.1
1/23/2019 15:30,64209.1
1/23/2019 15:45,64225.1
1/23/2019 16:00,64525.1
1/23/2019 16:15,64449.1
1/23/2019 16:30,64721.1
1/23/2019 16:45,64761.1
1/23/2019 17:00,64469.1
1/23/2019 17:15,64345.1
1/23/2019 17:30,65121.1
1/23/2019 17:45,65393.1
1/23/2019 18:00,65729.1
1/23/2019 18:15,66105.1
1/23/2019 18:30,66853.1
1/23/2019 18:45,66837.1
1/23/2019 19:00,65953.1
1/23/2019 19:15,64505.1
1/23/2019 19:30,63705.1
1/23/2019 19:45,62629.1
1/23/2019 20:00,61669.1
1/23/2019 20:15,60517.1
1/23/2019 20:30,59241.1
1/23/2019 20:45,57893.1
1/23/2019 21:00,56945.1
1/23/2019 21:15,55937.1
1/23/2019 21:30,54681.1
1/23/2019 21:45,53429.1
1/23/2019 22:00,51965.1
1/23/2019 22:15,51013.1
1/23/2019 22:30,50013.1
1/23/2019 22:45,49197.1
1/23/2019 23:00,48793.1
1/23/2019 23:15,48049.1
1/23/2019 23:30,47577.1
1/23/2019 23:45,47457.1
1/24/2019 0:00,46821.1
1/24/2019 0:15,46401.1
1/24/2019 0:30,45929.1
1/24/2019 0:45,45637.1
1/24/2019 1:00,45309.1
1/24/2019 1:15,44837.1
1/24/2019 1:30,45085.1
1/24/2019 1:45,45169.1
1/24/2019 2:00,45405.1
1/24/2019 2:15,45345.1
1/24/2019 2:30,45433.1
1/24/2019 2:45,45673.1
1/24/2019 3:00,46009.1
1/24/2019 3:15,46241.1
1/24/2019 3:30,46905.1
1/24/2019 3:45,47673.1
1/24/2019 4:00,49157.1
1/24/2019 4:15,50197.1
1/24/2019 4:30,51309.1
1/24/2019 4:45,53461.1
1/24/2019 5:00,56973.1
1/24/2019 5:15,59189.1
1/24/2019 5:30,61033.1
1/24/2019 5:45,62665.1
1/24/2019 6:00,64533.1
1/24/2019 6:15,64973.1
1/24/2019 6:30,65465.1
1/24/2019 6:45,65933.1
1/24/2019 7:00,66893.1
1/24/2019 7:15,66773.1
1/24/2019 7:30,66861.1
1/24/2019 7:45,66885.1
1/24/2019 8:00,66925.1
1/24/2019 8:15,67017.1
1/24/2019 8:30,67501.1
1/24/2019 8:45,67829.1
1/24/2019 9:00,68077.1
1/24/2019 9:15,68277.1
1/24/2019 9:30,68617.1
1/24/2019 9:45,68725.1
1/24/2019 10:00,69449.1
1/24/2019 10:15,69541.1
1/24/2019 10:30,69921.1
1/24/2019 10:45,69653.1
1/24/2019 11:00,69301.1
1/24/2019 11:15,68781.1
1/24/2019 11:30,68749.1
1/24/2019 11:45,68673.1
1/24/2019 12:00,68249.1
1/24/2019 12:15,67877.1
1/24/2019 12:30,67693.1
1/24/2019 12:45,66965.1
1/24/2019 13:00,66613.1
1/24/2019 13:15,66337.1
1/24/2019 13:30,66501.1
1/24/2019 13:45,66021.1
1/24/2019 14:00,65725.1
1/24/2019 14:15,65473.1
1/24/2019 14:30,65405.1
1/24/2019 14:45,64865.1
1/24/2019 15:00,64781.1
1/24/2019 15:15,64401.1
1/24/2019 15:30,64129.1
1/24/2019 15:45,63781.1
1/24/2019 16:00,63857.1
1/24/2019 16:15,63957.1
1/24/2019 16:30,64373.1
1/24/2019 16:45,64421.1
1/24/2019 17:00,64465.1
1/24/2019 17:15,64305.1
1/24/2019 17:30,64689.1
1/24/2019 17:45,65001.1
1/24/2019 18:00,65537.1
1/24/2019 18:15,65917.1
1/24/2019 18:30,66617.1
1/24/2019 18:45,66261.1
1/24/2019 19:00,65245.1
1/24/2019 19:15,64065.1
1/24/2019 19:30,62997.1
1/24/2019 19:45,62001.1
1/24/2019 20:00,60777.1
1/24/2019 20:15,59617.1
1/24/2019 20:30,58637.1
1/24/2019 20:45,57749.1
1/24/2019 21:00,56853.1
1/24/2019 21:15,55649.1
1/24/2019 21:30,54397.1
1/24/2019 21:45,53357.1
1/24/2019 22:00,52017.1
1/24/2019 22:15,51129.1
1/24/2019 22:30,50357.1
1/24/2019 22:45,49653.1
1/24/2019 23:00,48665.1
1/24/2019 23:15,48245.1
1/24/2019 23:30,47869.1
1/24/2019 23:45,47721.1
1/25/2019 0:00,47021.1
1/25/2019 0:15,46857.1
1/25/2019 0:30,46609.1
1/25/2019 0:45,46217.1
1/25/2019 1:00,45625.1
1/25/2019 1:15,45705.1
1/25/2019 1:30,45717.1
1/25/2019 1:45,45981.1
1/25/2019 2:00,46081.1
1/25/2019 2:15,46061.1
1/25/2019 2:30,46065.1
1/25/2019 2:45,46257.1
1/25/2019 3:00,46605.1
1/25/2019 3:15,47021.1
1/25/2019 3:30,47405.1
1/25/2019 3:45,47873.1
1/25/2019 4:00,49449.1
1/25/2019 4:15,50529.1
1/25/2019 4:30,51693.1
1/25/2019 4:45,53393.1
1/25/2019 5:00,57073.1
1/25/2019 5:15,59677.1
1/25/2019 5:30,61649.1
1/25/2019 5:45,62721.1
1/25/2019 6:00,64213.1
1/25/2019 6:15,64749.1
1/25/2019 6:30,65429.1
1/25/2019 6:45,66173.1
1/25/2019 7:00,66789.1
1/25/2019 7:15,67277.1
1/25/2019 7:30,67617.1
1/25/2019 7:45,67769.1
1/25/2019 8:00,67541.1
1/25/2019 8:15,67885.1
1/25/2019 8:30,68193.1
1/25/2019 8:45,68421.1
1/25/2019 9:00,68525.1
1/25/2019 9:15,68981.1
1/25/2019 9:30,69221.1
1/25/2019 9:45,69593.1
1/25/2019 10:00,69533.1
1/25/2019 10:15,69921.1
1/25/2019 10:30,70089.1
1/25/2019 10:45,70305.1
1/25/2019 11:00,69861.1
1/25/2019 11:15,69681.1
1/25/2019 11:30,69413.1
1/25/2019 11:45,69537.1
1/25/2019 12:00,69369.1
1/25/2019 12:15,69201.1
1/25/2019 12:30,68745.1
1/25/2019 12:45,68117.1
1/25/2019 13:00,67557.1
1/25/2019 13:15,67601.1
1/25/2019 13:30,67465.1
1/25/2019 13:45,67157.1
1/25/2019 14:00,67465.1
1/25/2019 14:15,66857.1
1/25/2019 14:30,66645.1
1/25/2019 14:45,66225.1
1/25/2019 15:00,66165.1
1/25/2019 15:15,65865.1
1/25/2019 15:30,65729.1
1/25/2019 15:45,65501.1
1/25/2019 16:00,65577.1
1/25/2019 16:15,65817.1
1/25/2019 16:30,65841.1
1/25/2019 16:45,66137.1
1/25/2019 17:00,65913.1
1/25/2019 17:15,65949.1
1/25/2019 17:30,66201.1
1/25/2019 17:45,66573.1
1/25/2019 18:00,67133.1
1/25/2019 18:15,67533.1
1/25/2019 18:30,67969.1
1/25/2019 18:45,67717.1
1/25/2019 19:00,66701.1
1/25/2019 19:15,65377.1
1/25/2019 19:30,64413.1
1/25/2019 19:45,63565.1
1/25/2019 20:00,62477.1
1/25/2019 20:15,61101.1
1/25/2019 20:30,60001.1
1/25/2019 20:45,59217.1
1/25/2019 21:00,57785.1
1/25/2019 21:15,56813.1
1/25/2019 21:30,55929.1
1/25/2019 21:45,54817.1
1/25/2019 22:00,53469.1
1/25/2019 22:15,52489.1
1/25/2019 22:30,51577.1
1/25/2019 22:45,50917.1
1/25/2019 23:00,50065.1
1/25/2019 23:15,49613.1
1/25/2019 23:30,49097.1
1/25/2019 23:45,48661.1
1/26/2019 0:00,47989.1
1/26/2019 0:15,47765.1
1/26/2019 0:30,47505.1
1/26/2019 0:45,47101.1
1/26/2019 1:00,47037.1
1/26/2019 1:15,47057.1
1/26/2019 1:30,46965.1
1/26/2019 1:45,46921.1
1/26/2019 2:00,46841.1
1/26/2019 2:15,46969.1
1/26/2019 2:30,47053.1
1/26/2019 2:45,47017.1
1/26/2019 3:00,47405.1
1/26/2019 3:15,47729.1
1/26/2019 3:30,47861.1
1/26/2019 3:45,48697.1
1/26/2019 4:00,50085.1
1/26/2019 4:15,50909.1
1/26/2019 4:30,51817.1
1/26/2019 4:45,53661.1
1/26/2019 5:00,57313.1
1/26/2019 5:15,59681.1
1/26/2019 5:30,61525.1
1/26/2019 5:45,63145.1
1/26/2019 6:00,65261.1
1/26/2019 6:15,65637.1
1/26/2019 6:30,66213.1
1/26/2019 6:45,67093.1
1/26/2019 7:00,68161.1
1/26/2019 7:15,68797.1
1/26/2019 7:30,69145.1
1/26/2019 7:45,69365.1
1/26/2019 8:00,68809.1
1/26/2019 8:15,68945.1
1/26/2019 8:30,69269.1
1/26/2019 8:45,69557.1
1/26/2019 9:00,69565.1
1/26/2019 9:15,69869.1
1/26/2019 9:30,70233.1
1/26/2019 9:45,70569.1
1/26/2019 10:00,70717.1
1/26/2019 10:15,70933.1
1/26/2019 10:30,71225.1
1/26/2019 10:45,70841.1
1/26/2019 11:00,70201.1
1/26/2019 11:15,69845.1
1/26/2019 11:30,69789.1
1/26/2019 11:45,69585.1
1/26/2019 12:00,68977.1
1/26/2019 12:15,68469.1
1/26/2019 12:30,67673.1
1/26/2019 12:45,67165.1
1/26/2019 13:00,66585.1
1/26/2019 13:15,66101.1
1/26/2019 13:30,65689.1
1/26/2019 13:45,65129.1
1/26/2019 14:00,67425.1
1/26/2019 14:15,64881.1
1/26/2019 14:30,64349.1
1/26/2019 14:45,63961.1
1/26/2019 15:00,64337.1
1/26/2019 15:15,63845.1
1/26/2019 15:30,63401.1
1/26/2019 15:45,63161.1
1/26/2019 16:00,63313.1
1/26/2019 16:15,63281.1
1/26/2019 16:30,63021.1
1/26/2019 16:45,63009.1
1/26/2019 17:00,63265.1
1/26/2019 17:15,62861.1
1/26/2019 17:30,62973.1
1/26/2019 17:45,62945.1
1/26/2019 18:00,63813.1
1/26/2019 18:15,64241.1
1/26/2019 18:30,64629.1
1/26/2019 18:45,64433.1
1/26/2019 19:00,63677.1
1/26/2019 19:15,62593.1
1/26/2019 19:30,61733.1
1/26/2019 19:45,60361.1
1/26/2019 20:00,58953.1
1/26/2019 20:15,57937.1
1/26/2019 20:30,57009.1
1/26/2019 20:45,55961.1
1/26/2019 21:00,54861.1
1/26/2019 21:15,53953.1
1/26/2019 21:30,53037.1
1/26/2019 21:45,51841.1
1/26/2019 22:00,50605.1
1/26/2019 22:15,49829.1
1/26/2019 22:30,49085.1
1/26/2019 22:45,48325.1
1/26/2019 23:00,47609.1
1/26/2019 23:15,47221.1
1/26/2019 23:30,46645.1
1/26/2019 23:45,46189.1
1/27/2019 0:00,45649.1
1/27/2019 0:15,45029.1
1/27/2019 0:30,44605.1
1/27/2019 0:45,44381.1
1/27/2019 1:00,43885.1
1/27/2019 1:15,43569.1
1/27/2019 1:30,43633.1
1/27/2019 1:45,43509.1
1/27/2019 2:00,43469.1
1/27/2019 2:15,43289.1
1/27/2019 2:30,43349.1
1/27/2019 2:45,43337.1
1/27/2019 3:00,43677.1
1/27/2019 3:15,43641.1
1/27/2019 3:30,43901.1
1/27/2019 3:45,44137.1
1/27/2019 4:00,44045.1
1/27/2019 4:15,44265.1
1/27/2019 4:30,44561.1
1/27/2019 4:45,45025.1
1/27/2019 5:00,45605.1
1/27/2019 5:15,46661.1
1/27/2019 5:30,47205.1
1/27/2019 5:45,47801.1
1/27/2019 6:00,49093.1
1/27/2019 6:15,49569.1
1/27/2019 6:30,50485.1
1/27/2019 6:45,51309.1
1/27/2019 7:00,52989.1
1/27/2019 7:15,53881.1
1/27/2019 7:30,54729.1
1/27/2019 7:45,55097.1
1/27/2019 8:00,55657.1
1/27/2019 8:15,56137.1
1/27/2019 8:30,57081.1
1/27/2019 8:45,57905.1
1/27/2019 9:00,58845.1
1/27/2019 9:15,59261.1
1/27/2019 9:30,59517.1
1/27/2019 9:45,59881.1
1/27/2019 10:00,60249.1
1/27/2019 10:15,60149.1
1/27/2019 10:30,60633.1
1/27/2019 10:45,60217.1
1/27/2019 11:00,59773.1
1/27/2019 11:15,59673.1
1/27/2019 11:30,59325.1
1/27/2019 11:45,58709.1
1/27/2019 12:00,58149.1
1/27/2019 12:15,57649.1
1/27/2019 12:30,57313.1
1/27/2019 12:45,56649.1
1/27/2019 13:00,56305.1
1/27/2019 13:15,56121.1
1/27/2019 13:30,55553.1
1/27/2019 13:45,55529.1
1/27/2019 14:00,55533.1
1/27/2019 14:15,55409.1
1/27/2019 14:30,55281.1
1/27/2019 14:45,54889.1
1/27/2019 15:00,55205.1
1/27/2019 15:15,54901.1
1/27/2019 15:30,54433.1
1/27/2019 15:45,53957.1
1/27/2019 16:00,53989.1
1/27/2019 16:15,54141.1
1/27/2019 16:30,54249.1
1/27/2019 16:45,54409.1
1/27/2019 17:00,54889.1
1/27/2019 17:15,55069.1
1/27/2019 17:30,55293.1
1/27/2019 17:45,55357.1
1/27/2019 18:00,56241.1
1/27/2019 18:15,56677.1
1/27/2019 18:30,57349.1
1/27/2019 18:45,56781.1
1/27/2019 19:00,56097.1
1/27/2019 19:15,55125.1
1/27/2019 19:30,54261.1
1/27/2019 19:45,53405.1
1/27/2019 20:00,52829.1
1/27/2019 20:15,51997.1
1/27/2019 20:30,51209.1
1/27/2019 20:45,50753.1
1/27/2019 21:00,50933.1
1/27/2019 21:15,50293.1
1/27/2019 21:30,49269.1
1/27/2019 21:45,48373.1
1/27/2019 22:00,47461.1
1/27/2019 22:15,46941.1
1/27/2019 22:30,46321.1
1/27/2019 22:45,45777.1
1/27/2019 23:00,45321.1
1/27/2019 23:15,44709.1
1/27/2019 23:30,44385.1
1/27/2019 23:45,43889.1
1/28/2019 0:00,43329.1
1/28/2019 0:15,42945.1
1/28/2019 0:30,42709.1
1/28/2019 0:45,42281.1
1/28/2019 1:00,41817.1
1/28/2019 1:15,41353.1
1/28/2019 1:30,41337.1
1/28/2019 1:45,41245.1
1/28/2019 2:00,41201.1
1/28/2019 2:15,41045.1
1/28/2019 2:30,40765.1
1/28/2019 2:45,40561.1
1/28/2019 3:00,40721.1
1/28/2019 3:15,40905.1
1/28/2019 3:30,40829.1
1/28/2019 3:45,40697.1
1/28/2019 4:00,40805.1
1/28/2019 4:15,40841.1
1/28/2019 4:30,40777.1
1/28/2019 4:45,40801.1
1/28/2019 5:00,41193.1
1/28/2019 5:15,41117.1
1/28/2019 5:30,41509.1
1/28/2019 5:45,41857.1
1/28/2019 6:00,42433.1
1/28/2019 6:15,42521.1
1/28/2019 6:30,43105.1
1/28/2019 6:45,43905.1
1/28/2019 7:00,45077.1
1/28/2019 7:15,45945.1
1/28/2019 7:30,46661.1
1/28/2019 7:45,47717.1
1/28/2019 8:00,48873.1
1/28/2019 8:15,49517.1
1/28/2019 8:30,49937.1
1/28/2019 8:45,50977.1
1/28/2019 9:00,51593.1
1/28/2019 9:15,52365.1
1/28/2019 9:30,52893.1
1/28/2019 9:45,53521.1
1/28/2019 10:00,54261.1
1/28/2019 10:15,54965.1
1/28/2019 10:30,55469.1
1/28/2019 10:45,55625.1
1/28/2019 11:00,55585.1
1/28/2019 11:15,55553.1
1/28/2019 11:30,55173.1
1/28/2019 11:45,54873.1
1/28/2019 12:00,54625.1
1/28/2019 12:15,54041.1
1/28/2019 12:30,53773.1
1/28/2019 12:45,53573.1
1/28/2019 13:00,53077.1
1/28/2019 13:15,53065.1
1/28/2019 13:30,52357.1
1/28/2019 13:45,52133.1
1/28/2019 14:00,51997.1
1/28/2019 14:15,51433.1
1/28/2019 14:30,51237.1
1/28/2019 14:45,50801.1
1/28/2019 15:00,51097.1
1/28/2019 15:15,51253.1
1/28/2019 15:30,51317.1
1/28/2019 15:45,51853.1
1/28/2019 16:00,52989.1
1/28/2019 16:15,53241.1
1/28/2019 16:30,53669.1
1/28/2019 16:45,53853.1
1/28/2019 17:00,54925.1
1/28/2019 17:15,55009.1
1/28/2019 17:30,54825.1
1/28/2019 17:45,55133.1
1/28/2019 18:00,55985.1
1/28/2019 18:15,56277.1
1/28/2019 18:30,56413.1
1/28/2019 18:45,55969.1
1/28/2019 19:00,55505.1
1/28/2019 19:15,54689.1
1/28/2019 19:30,53861.1
1/28/2019 19:45,53681.1
1/28/2019 20:00,53409.1
1/28/2019 20:15,52949.1
1/28/2019 20:30,52549.1
1/28/2019 20:45,52269.1
1/28/2019 21:00,52257.1
1/28/2019 21:15,51625.1
1/28/2019 21:30,50805.1
1/28/2019 21:45,49909.1
1/28/2019 22:00,48841.1
1/28/2019 22:15,48261.1
1/28/2019 22:30,47545.1
1/28/2019 22:45,46945.1
1/28/2019 23:00,46793.1
1/28/2019 23:15,46489.1
1/28/2019 23:30,46377.1
1/28/2019 23:45,45733.1
1/29/2019 0:00,45005.1
1/29/2019 0:15,44769.1
1/29/2019 0:30,44449.1
1/29/2019 0:45,44093.1
1/29/2019 1:00,43957.1
1/29/2019 1:15,44081.1
1/29/2019 1:30,44277.1
1/29/2019 1:45,44197.1
1/29/2019 2:00,44833.1
1/29/2019 2:15,45293.1
1/29/2019 2:30,45865.1
1/29/2019 2:45,45933.1
1/29/2019 3:00,46825.1
1/29/2019 3:15,47437.1
1/29/2019 3:30,47845.1
1/29/2019 3:45,48565.1
1/29/2019 4:00,49961.1
1/29/2019 4:15,51181.1
1/29/2019 4:30,52721.1
1/29/2019 4:45,54841.1
1/29/2019 5:00,59009.1
1/29/2019 5:15,61145.1
1/29/2019 5:30,62865.1
1/29/2019 5:45,64493.1
1/29/2019 6:00,66285.1
1/29/2019 6:15,67285.1
1/29/2019 6:30,67865.1
1/29/2019 6:45,68173.1
1/29/2019 7:00,68769.1
1/29/2019 7:15,69389.1
1/29/2019 7:30,69545.1
1/29/2019 7:45,69865.1
1/29/2019 8:00,69329.1
1/29/2019 8:15,69877.1
1/29/2019 8:30,70189.1
1/29/2019 8:45,70581.1
1/29/2019 9:00,70557.1
1/29/2019 9:15,70789.1
1/29/2019 9:30,71413.1
1/29/2019 9:45,72185.1
1/29/2019 10:00,72905.1
1/29/2019 10:15,73137.1
1/29/2019 10:30,73177.1
1/29/2019 10:45,73133.1
1/29/2019 11:00,72349.1
1/29/2019 11:15,72093.1
1/29/2019 11:30,71981.1
1/29/2019 11:45,71869.1
1/29/2019 12:00,71985.1
1/29/2019 12:15,71869.1
1/29/2019 12:30,71329.1
1/29/2019 12:45,70573.1
1/29/2019 13:00,70237.1
1/29/2019 13:15,69949.1
1/29/2019 13:30,69237.1
1/29/2019 13:45,69089.1
1/29/2019 14:00,69321.1
1/29/2019 14:15,68821.1
1/29/2019 14:30,68097.1
1/29/2019 14:45,67649.1
1/29/2019 15:00,67393.1
1/29/2019 15:15,66909.1
1/29/2019 15:30,66573.1
1/29/2019 15:45,65793.1
1/29/2019 16:00,66093.1
1/29/2019 16:15,65833.1
1/29/2019 16:30,65553.1
1/29/2019 16:45,65621.1
1/29/2019 17:00,66009.1
1/29/2019 17:15,66193.1
1/29/2019 17:30,66137.1
1/29/2019 17:45,66757.1
1/29/2019 18:00,67561.1
1/29/2019 18:15,67961.1
1/29/2019 18:30,68337.1
1/29/2019 18:45,68017.1
1/29/2019 19:00,66785.1
1/29/2019 19:15,65389.1
1/29/2019 19:30,64405.1
1/29/2019 19:45,63317.1
1/29/2019 20:00,62121.1
1/29/2019 20:15,61121.1
1/29/2019 20:30,59989.1
1/29/2019 20:45,58769.1
1/29/2019 21:00,57913.1
1/29/2019 21:15,56973.1
1/29/2019 21:30,55765.1
1/29/2019 21:45,54657.1
1/29/2019 22:00,53309.1
1/29/2019 22:15,52181.1
1/29/2019 22:30,51341.1
1/29/2019 22:45,50553.1
1/29/2019 23:00,49797.1
1/29/2019 23:15,49149.1
1/29/2019 23:30,48625.1
1/29/2019 23:45,48281.1
