datetime,price_EOM,A360_heat_demand
6/1/2024 0:00,130.92,3
6/1/2024 0:15,130.92,3
6/1/2024 0:30,130.92,3
6/1/2024 0:45,130.92,3
6/1/2024 1:00,130.92,3
6/1/2024 1:15,130.92,3
6/1/2024 1:30,130.92,3
6/1/2024 1:45,130.92,3
6/1/2024 2:00,130.92,3
6/1/2024 2:15,130.92,3
6/1/2024 2:30,130.92,3
6/1/2024 2:45,130.92,3
6/1/2024 3:00,130.92,3
6/1/2024 3:15,130.92,3
6/1/2024 3:30,130.92,3
6/1/2024 3:45,130.92,3
6/1/2024 4:00,130.92,3
6/1/2024 4:15,130.92,3
6/1/2024 4:30,130.92,3
6/1/2024 4:45,130.92,3
6/1/2024 5:00,130.92,3
6/1/2024 5:15,130.92,3
6/1/2024 5:30,130.92,3
6/1/2024 5:45,130.92,3
6/1/2024 6:00,130.92,3
6/1/2024 6:15,130.8977436,3
6/1/2024 6:30,130.8754872,3
6/1/2024 6:45,130.8532308,3
6/1/2024 7:00,130.8309744,3
6/1/2024 7:15,130.7841705,3
6/1/2024 7:30,130.7373666,3
6/1/2024 7:45,130.6905627,3
6/1/2024 8:00,130.6437588,3
6/1/2024 8:15,129.7116084,3
6/1/2024 8:30,128.779458,3
6/1/2024 8:45,127.8473076,3
6/1/2024 9:00,126.9151572,3
6/1/2024 9:15,126.3512193,3
6/1/2024 9:30,125.7872814,3
6/1/2024 9:45,125.2233435,3
6/1/2024 10:00,124.6594056,3
6/1/2024 10:15,123.9815673,3
6/1/2024 10:30,123.303729,3
6/1/2024 10:45,122.6258907,3
6/1/2024 11:00,121.9480524,3
6/1/2024 11:15,120.619869,3
6/1/2024 11:30,119.2916856,3
6/1/2024 11:45,117.9635022,3
6/1/2024 12:00,116.6353188,3
6/1/2024 12:15,117.5262294,3
6/1/2024 12:30,118.41714,3
6/1/2024 12:45,119.3080506,3
6/1/2024 13:00,120.1989612,3
6/1/2024 13:15,119.310669,3
6/1/2024 13:30,118.4223768,3
6/1/2024 13:45,117.5340846,3
6/1/2024 14:00,116.6457924,3
6/1/2024 14:15,117.719991,3
6/1/2024 14:30,118.7941896,3
6/1/2024 14:45,119.8683882,3
6/1/2024 15:00,120.9425868,3
6/1/2024 15:15,120.4974588,3
6/1/2024 15:30,120.0523308,3
6/1/2024 15:45,119.6072028,3
6/1/2024 16:00,119.1620748,3
6/1/2024 16:15,120.1400472,3
6/1/2024 16:30,121.1180196,3
6/1/2024 16:45,122.095992,3
6/1/2024 17:00,123.0739644,3
6/1/2024 17:15,123.3901362,3
6/1/2024 17:30,123.706308,3
6/1/2024 17:45,124.0224798,3
6/1/2024 18:00,124.3386516,3
6/1/2024 18:15,125.2298895,3
6/1/2024 18:30,126.1211274,3
6/1/2024 18:45,127.0123653,3
6/1/2024 19:00,127.9036032,3
6/1/2024 19:15,128.272143,3
6/1/2024 19:30,128.6406828,3
6/1/2024 19:45,129.0092226,3
6/1/2024 20:00,129.3777624,3
6/1/2024 20:15,129.7633218,3
6/1/2024 20:30,130.1488812,3
6/1/2024 20:45,130.5344406,3
6/1/2024 21:00,130.92,3
6/1/2024 21:15,130.92,3
6/1/2024 21:30,130.92,3
6/1/2024 21:45,130.92,3
6/1/2024 22:00,130.92,3
6/1/2024 22:15,130.92,3
6/1/2024 22:30,130.92,3
6/1/2024 22:45,130.92,3
6/1/2024 23:00,130.92,3
6/1/2024 23:15,130.92,3
6/1/2024 23:30,130.92,3
6/1/2024 23:45,130.92,3
6/2/2024 0:00,130.92,3
6/2/2024 0:15,130.92,3
6/2/2024 0:30,130.92,3
6/2/2024 0:45,130.92,3
6/2/2024 1:00,130.92,3
6/2/2024 1:15,130.92,3
6/2/2024 1:30,130.92,3
6/2/2024 1:45,130.92,3
6/2/2024 2:00,130.92,3
6/2/2024 2:15,130.92,3
6/2/2024 2:30,130.92,3
6/2/2024 2:45,130.92,3
6/2/2024 3:00,130.92,3
6/2/2024 3:15,130.92,3
6/2/2024 3:30,130.92,3
6/2/2024 3:45,130.92,3
6/2/2024 4:00,130.92,3
6/2/2024 4:15,130.92,3
6/2/2024 4:30,130.92,3
6/2/2024 4:45,130.92,3
6/2/2024 5:00,130.92,3
6/2/2024 5:15,130.92,3
6/2/2024 5:30,130.92,3
6/2/2024 5:45,130.92,3
6/2/2024 6:00,130.92,3
6/2/2024 6:15,130.5252762,3
6/2/2024 6:30,130.1305524,3
6/2/2024 6:45,129.7358286,3
6/2/2024 7:00,129.3411048,3
6/2/2024 7:15,127.9294599,3
6/2/2024 7:30,126.517815,3
6/2/2024 7:45,125.1061701,3
6/2/2024 8:00,123.6945252,3
6/2/2024 8:15,122.8550007,3
6/2/2024 8:30,122.0154762,3
6/2/2024 8:45,121.1759517,3
6/2/2024 9:00,120.3364272,3
6/2/2024 9:15,118.7755335,3
6/2/2024 9:30,117.2146398,3
6/2/2024 9:45,115.6537461,3
6/2/2024 10:00,114.0928524,3
6/2/2024 10:15,112.0946859,3
6/2/2024 10:30,110.0965194,3
6/2/2024 10:45,108.0983529,3
6/2/2024 11:00,106.1001864,3
6/2/2024 11:15,105.3703074,3
6/2/2024 11:30,104.6404284,3
6/2/2024 11:45,103.9105494,3
6/2/2024 12:00,103.1806704,3
6/2/2024 12:15,101.8236846,3
6/2/2024 12:30,100.4666988,3
6/2/2024 12:45,99.109713,3
6/2/2024 13:00,97.7527272,3
6/2/2024 13:15,93.6195828,3
6/2/2024 13:30,89.4864384,3
6/2/2024 13:45,85.353294,3
6/2/2024 14:00,81.2201496,3
6/2/2024 14:15,77.1757035,3
6/2/2024 14:30,73.1312574,3
6/2/2024 14:45,69.0868113,3
6/2/2024 15:00,65.0423652,3
6/2/2024 15:15,66.3761127,3
6/2/2024 15:30,67.7098602,3
6/2/2024 15:45,69.0436077,3
6/2/2024 16:00,70.3773552,3
6/2/2024 16:15,73.9789644,3
6/2/2024 16:30,77.5805736,3
6/2/2024 16:45,81.1821828,3
6/2/2024 17:00,84.783792,3
6/2/2024 17:15,92.5293465,3
6/2/2024 17:30,100.274901,3
6/2/2024 17:45,108.0204555,3
6/2/2024 18:00,115.76601,3
6/2/2024 18:15,117.3782898,3
6/2/2024 18:30,118.9905696,3
6/2/2024 18:45,120.6028494,3
6/2/2024 19:00,122.2151292,3
6/2/2024 19:15,121.9395426,3
6/2/2024 19:30,121.663956,3
6/2/2024 19:45,121.3883694,3
6/2/2024 20:00,121.1127828,3
6/2/2024 20:15,123.0461439,3
6/2/2024 20:30,124.979505,3
6/2/2024 20:45,126.9128661,3
6/2/2024 21:00,128.8462272,3
6/2/2024 21:15,129.3646704,3
6/2/2024 21:30,129.8831136,3
6/2/2024 21:45,130.4015568,3
6/2/2024 22:00,130.92,3
6/2/2024 22:15,130.92,3
6/2/2024 22:30,130.92,3
6/2/2024 22:45,130.92,3
6/2/2024 23:00,130.92,3
6/2/2024 23:15,130.92,3
6/2/2024 23:30,130.92,3
6/2/2024 23:45,130.92,3
6/3/2024 0:00,130.92,3
6/3/2024 0:15,130.92,3
6/3/2024 0:30,130.92,3
6/3/2024 0:45,130.92,3
6/3/2024 1:00,130.92,3
6/3/2024 1:15,130.92,3
6/3/2024 1:30,130.92,3
6/3/2024 1:45,130.92,3
6/3/2024 2:00,130.92,3
6/3/2024 2:15,130.92,3
6/3/2024 2:30,130.92,3
6/3/2024 2:45,130.92,3
6/3/2024 3:00,130.92,3
6/3/2024 3:15,130.92,3
6/3/2024 3:30,130.92,3
6/3/2024 3:45,130.92,3
6/3/2024 4:00,130.92,3
6/3/2024 4:15,130.92,3
6/3/2024 4:30,130.92,3
6/3/2024 4:45,130.92,3
6/3/2024 5:00,130.92,3
6/3/2024 5:15,130.92,3
6/3/2024 5:30,130.92,3
6/3/2024 5:45,130.92,3
6/3/2024 6:00,130.92,3
6/3/2024 6:15,130.6525959,3
6/3/2024 6:30,130.3851918,3
6/3/2024 6:45,130.1177877,3
6/3/2024 7:00,129.8503836,3
6/3/2024 7:15,129.5034456,3
6/3/2024 7:30,129.1565076,3
6/3/2024 7:45,128.8095696,3
6/3/2024 8:00,128.4626316,3
6/3/2024 8:15,127.3920333,3
6/3/2024 8:30,126.321435,3
6/3/2024 8:45,125.2508367,3
6/3/2024 9:00,124.1802384,3
6/3/2024 9:15,121.8511716,3
6/3/2024 9:30,119.5221048,3
6/3/2024 9:45,117.193038,3
6/3/2024 10:00,114.8639712,3
6/3/2024 10:15,114.7867284,3
6/3/2024 10:30,114.7094856,3
6/3/2024 10:45,114.6322428,3
6/3/2024 11:00,114.555,3
6/3/2024 11:15,109.7705286,3
6/3/2024 11:30,104.9860572,3
6/3/2024 11:45,100.2015858,3
6/3/2024 12:00,95.4171144,3
6/3/2024 12:15,95.7791082,3
6/3/2024 12:30,96.141102,3
6/3/2024 12:45,96.5030958,3
6/3/2024 13:00,96.8650896,3
6/3/2024 13:15,94.2211602,3
6/3/2024 13:30,91.5772308,3
6/3/2024 13:45,88.9333014,3
6/3/2024 14:00,86.289372,3
6/3/2024 14:15,86.6546388,3
6/3/2024 14:30,87.0199056,3
6/3/2024 14:45,87.3851724,3
6/3/2024 15:00,87.7504392,3
6/3/2024 15:15,91.8924207,3
6/3/2024 15:30,96.0344022,3
6/3/2024 15:45,100.1763837,3
6/3/2024 16:00,104.3183652,3
6/3/2024 16:15,105.0164961,3
6/3/2024 16:30,105.714627,3
6/3/2024 16:45,106.4127579,3
6/3/2024 17:00,107.1108888,3
6/3/2024 17:15,109.740417,3
6/3/2024 17:30,112.3699452,3
6/3/2024 17:45,114.9994734,3
6/3/2024 18:00,117.6290016,3
6/3/2024 18:15,119.8854078,3
6/3/2024 18:30,122.141814,3
6/3/2024 18:45,124.3982202,3
6/3/2024 19:00,126.6546264,3
6/3/2024 19:15,126.6186234,3
6/3/2024 19:30,126.5826204,3
6/3/2024 19:45,126.5466174,3
6/3/2024 20:00,126.5106144,3
6/3/2024 20:15,127.5098613,3
6/3/2024 20:30,128.5091082,3
6/3/2024 20:45,129.5083551,3
6/3/2024 21:00,130.507602,3
6/3/2024 21:15,130.6107015,3
6/3/2024 21:30,130.713801,3
6/3/2024 21:45,130.8169005,3
6/3/2024 22:00,130.92,3
6/3/2024 22:15,130.92,3
6/3/2024 22:30,130.92,3
6/3/2024 22:45,130.92,3
6/3/2024 23:00,130.92,3
6/3/2024 23:15,130.92,3
6/3/2024 23:30,130.92,3
6/3/2024 23:45,130.92,3
6/4/2024 0:00,130.92,3
6/4/2024 0:15,130.92,3
6/4/2024 0:30,130.92,3
6/4/2024 0:45,130.92,3
6/4/2024 1:00,130.92,3
6/4/2024 1:15,130.92,3
6/4/2024 1:30,130.92,3
6/4/2024 1:45,130.92,3
6/4/2024 2:00,130.92,3
6/4/2024 2:15,130.92,3
6/4/2024 2:30,130.92,3
6/4/2024 2:45,130.92,3
6/4/2024 3:00,130.92,3
6/4/2024 3:15,130.92,3
6/4/2024 3:30,130.92,3
6/4/2024 3:45,130.92,3
6/4/2024 4:00,130.92,3
6/4/2024 4:15,130.92,3
6/4/2024 4:30,130.92,3
6/4/2024 4:45,130.92,3
6/4/2024 5:00,130.92,3
6/4/2024 5:15,130.92,3
6/4/2024 5:30,130.92,3
6/4/2024 5:45,130.92,3
6/4/2024 6:00,130.92,3
6/4/2024 6:15,130.6339398,3
6/4/2024 6:30,130.3478796,3
6/4/2024 6:45,130.0618194,3
6/4/2024 7:00,129.7757592,3
6/4/2024 7:15,128.8704474,3
6/4/2024 7:30,127.9651356,3
6/4/2024 7:45,127.0598238,3
6/4/2024 8:00,126.154512,3
6/4/2024 8:15,122.4933342,3
6/4/2024 8:30,118.8321564,3
6/4/2024 8:45,115.1709786,3
6/4/2024 9:00,111.5098008,3
6/4/2024 9:15,109.4766132,3
6/4/2024 9:30,107.4434256,3
6/4/2024 9:45,105.410238,3
6/4/2024 10:00,103.3770504,3
6/4/2024 10:15,98.4829335,3
6/4/2024 10:30,93.5888166,3
6/4/2024 10:45,88.6946997,3
6/4/2024 11:00,83.8005828,3
6/4/2024 11:15,79.1545593,3
6/4/2024 11:30,74.5085358,3
6/4/2024 11:45,69.8625123,3
6/4/2024 12:00,65.2164888,3
6/4/2024 12:15,67.0434774,3
6/4/2024 12:30,68.870466,3
6/4/2024 12:45,70.6974546,3
6/4/2024 13:00,72.5244432,3
6/4/2024 13:15,70.0441638,3
6/4/2024 13:30,67.5638844,3
6/4/2024 13:45,65.083605,3
6/4/2024 14:00,62.6033256,3
6/4/2024 14:15,65.2122339,3
6/4/2024 14:30,67.8211422,3
6/4/2024 14:45,70.4300505,3
6/4/2024 15:00,73.0389588,3
6/4/2024 15:15,72.8622168,3
6/4/2024 15:30,72.6854748,3
6/4/2024 15:45,72.5087328,3
6/4/2024 16:00,72.3319908,3
6/4/2024 16:15,76.8542949,3
6/4/2024 16:30,81.376599,3
6/4/2024 16:45,85.8989031,3
6/4/2024 17:00,90.4212072,3
6/4/2024 17:15,93.8824047,3
6/4/2024 17:30,97.3436022,3
6/4/2024 17:45,100.8047997,3
6/4/2024 18:00,104.2659972,3
6/4/2024 18:15,106.3616991,3
6/4/2024 18:30,108.457401,3
6/4/2024 18:45,110.5531029,3
6/4/2024 19:00,112.6488048,3
6/4/2024 19:15,113.226162,3
6/4/2024 19:30,113.8035192,3
6/4/2024 19:45,114.3808764,3
6/4/2024 20:00,114.9582336,3
6/4/2024 20:15,118.3002939,3
6/4/2024 20:30,121.6423542,3
6/4/2024 20:45,124.9844145,3
6/4/2024 21:00,128.3264748,3
6/4/2024 21:15,128.9748561,3
6/4/2024 21:30,129.6232374,3
6/4/2024 21:45,130.2716187,3
6/4/2024 22:00,130.92,3
6/4/2024 22:15,130.92,3
6/4/2024 22:30,130.92,3
6/4/2024 22:45,130.92,3
6/4/2024 23:00,130.92,3
6/4/2024 23:15,130.92,3
6/4/2024 23:30,130.92,3
6/4/2024 23:45,130.92,3
6/5/2024 0:00,130.92,3
6/5/2024 0:15,130.92,3
6/5/2024 0:30,130.92,3
6/5/2024 0:45,130.92,3
6/5/2024 1:00,130.92,3
6/5/2024 1:15,130.92,3
6/5/2024 1:30,130.92,3
6/5/2024 1:45,130.92,3
6/5/2024 2:00,130.92,3
6/5/2024 2:15,130.92,3
6/5/2024 2:30,130.92,3
6/5/2024 2:45,130.92,3
6/5/2024 3:00,130.92,3
6/5/2024 3:15,130.92,3
6/5/2024 3:30,130.92,3
6/5/2024 3:45,130.92,3
6/5/2024 4:00,130.92,3
6/5/2024 4:15,130.92,3
6/5/2024 4:30,130.92,3
6/5/2024 4:45,130.92,3
6/5/2024 5:00,130.92,3
6/5/2024 5:15,130.6028463,3
6/5/2024 5:30,130.2856926,3
6/5/2024 5:45,129.9685389,3
6/5/2024 6:00,129.6513852,3
6/5/2024 6:15,127.1720877,3
6/5/2024 6:30,124.6927902,3
6/5/2024 6:45,122.2134927,3
6/5/2024 7:00,119.7341952,3
6/5/2024 7:15,115.7935032,3
6/5/2024 7:30,111.8528112,3
6/5/2024 7:45,107.9121192,3
6/5/2024 8:00,103.9714272,3
6/5/2024 8:15,101.7461145,3
6/5/2024 8:30,99.5208018,3
6/5/2024 8:45,97.2954891,3
6/5/2024 9:00,95.0701764,3
6/5/2024 9:15,88.8108912,3
6/5/2024 9:30,82.551606,3
6/5/2024 9:45,76.2923208,3
6/5/2024 10:00,70.0330356,3
6/5/2024 10:15,69.7149,3
6/5/2024 10:30,69.3967644,3
6/5/2024 10:45,69.0786288,3
6/5/2024 11:00,68.7604932,3
6/5/2024 11:15,63.2395968,3
6/5/2024 11:30,57.7187004,3
6/5/2024 11:45,52.197804,3
6/5/2024 12:00,46.6769076,3
6/5/2024 12:15,47.7982374,3
6/5/2024 12:30,48.9195672,3
6/5/2024 12:45,50.040897,3
6/5/2024 13:00,51.1622268,3
6/5/2024 13:15,47.9641785,3
6/5/2024 13:30,44.7661302,3
6/5/2024 13:45,41.5680819,3
6/5/2024 14:00,38.3700336,3
6/5/2024 14:15,37.963527,3
6/5/2024 14:30,37.5570204,3
6/5/2024 14:45,37.1505138,3
6/5/2024 15:00,36.7440072,3
6/5/2024 15:15,41.9300757,3
6/5/2024 15:30,47.1161442,3
6/5/2024 15:45,52.3022127,3
6/5/2024 16:00,57.4882812,3
6/5/2024 16:15,62.9034597,3
6/5/2024 16:30,68.3186382,3
6/5/2024 16:45,73.7338167,3
6/5/2024 17:00,79.1489952,3
6/5/2024 17:15,85.3415112,3
6/5/2024 17:30,91.5340272,3
6/5/2024 17:45,97.7265432,3
6/5/2024 18:00,103.9190592,3
6/5/2024 18:15,106.673616,3
6/5/2024 18:30,109.4281728,3
6/5/2024 18:45,112.1827296,3
6/5/2024 19:00,114.9372864,3
6/5/2024 19:15,115.7751744,3
6/5/2024 19:30,116.6130624,3
6/5/2024 19:45,117.4509504,3
6/5/2024 20:00,118.2888384,3
6/5/2024 20:15,120.8538885,3
6/5/2024 20:30,123.4189386,3
6/5/2024 20:45,125.9839887,3
6/5/2024 21:00,128.5490388,3
6/5/2024 21:15,129.1417791,3
6/5/2024 21:30,129.7345194,3
6/5/2024 21:45,130.3272597,3
6/5/2024 22:00,130.92,3
6/5/2024 22:15,130.92,3
6/5/2024 22:30,130.92,3
6/5/2024 22:45,130.92,3
6/5/2024 23:00,130.92,3
6/5/2024 23:15,130.92,3
6/5/2024 23:30,130.92,3
6/5/2024 23:45,130.92,3
6/6/2024 0:00,130.92,3
6/6/2024 0:15,130.92,3
6/6/2024 0:30,130.92,3
6/6/2024 0:45,130.92,3
6/6/2024 1:00,130.92,3
6/6/2024 1:15,130.92,3
6/6/2024 1:30,130.92,3
6/6/2024 1:45,130.92,3
6/6/2024 2:00,130.92,3
6/6/2024 2:15,130.92,3
6/6/2024 2:30,130.92,3
6/6/2024 2:45,130.92,3
6/6/2024 3:00,130.92,3
6/6/2024 3:15,130.92,3
6/6/2024 3:30,130.92,3
6/6/2024 3:45,130.92,3
6/6/2024 4:00,130.92,3
6/6/2024 4:15,130.92,3
6/6/2024 4:30,130.92,3
6/6/2024 4:45,130.92,3
6/6/2024 5:00,130.92,3
6/6/2024 5:15,130.7082369,3
6/6/2024 5:30,130.4964738,3
6/6/2024 5:45,130.2847107,3
6/6/2024 6:00,130.0729476,3
6/6/2024 6:15,127.7628642,3
6/6/2024 6:30,125.4527808,3
6/6/2024 6:45,123.1426974,3
6/6/2024 7:00,120.832614,3
6/6/2024 7:15,116.9370894,3
6/6/2024 7:30,113.0415648,3
6/6/2024 7:45,109.1460402,3
6/6/2024 8:00,105.2505156,3
6/6/2024 8:15,99.9151983,3
6/6/2024 8:30,94.579881,3
6/6/2024 8:45,89.2445637,3
6/6/2024 9:00,83.9092464,3
6/6/2024 9:15,79.7901759,3
6/6/2024 9:30,75.6711054,3
6/6/2024 9:45,71.5520349,3
6/6/2024 10:00,67.4329644,3
6/6/2024 10:15,62.8406181,3
6/6/2024 10:30,58.2482718,3
6/6/2024 10:45,53.6559255,3
6/6/2024 11:00,49.0635792,3
6/6/2024 11:15,47.3501637,3
6/6/2024 11:30,45.6367482,3
6/6/2024 11:45,43.9233327,3
6/6/2024 12:00,42.2099172,3
6/6/2024 12:15,40.1836029,3
6/6/2024 12:30,38.1572886,3
6/6/2024 12:45,36.1309743,3
6/6/2024 13:00,34.10466,3
6/6/2024 13:15,34.9183278,3
6/6/2024 13:30,35.7319956,3
6/6/2024 13:45,36.5456634,3
6/6/2024 14:00,37.3593312,3
6/6/2024 14:15,37.2791427,3
6/6/2024 14:30,37.1989542,3
6/6/2024 14:45,37.1187657,3
6/6/2024 15:00,37.0385772,3
6/6/2024 15:15,44.201865,3
6/6/2024 15:30,51.3651528,3
6/6/2024 15:45,58.5284406,3
6/6/2024 16:00,65.6917284,3
6/6/2024 16:15,72.4913859,3
6/6/2024 16:30,79.2910434,3
6/6/2024 16:45,86.0907009,3
6/6/2024 17:00,92.8903584,3
6/6/2024 17:15,98.7025518,3
6/6/2024 17:30,104.5147452,3
6/6/2024 17:45,110.3269386,3
6/6/2024 18:00,116.139132,3
6/6/2024 18:15,116.708634,3
6/6/2024 18:30,117.278136,3
6/6/2024 18:45,117.847638,3
6/6/2024 19:00,118.41714,3
6/6/2024 19:15,117.972012,3
6/6/2024 19:30,117.526884,3
6/6/2024 19:45,117.081756,3
6/6/2024 20:00,116.636628,3
6/6/2024 20:15,119.4756282,3
6/6/2024 20:30,122.3146284,3
6/6/2024 20:45,125.1536286,3
6/6/2024 21:00,127.9926288,3
6/6/2024 21:15,128.7244716,3
6/6/2024 21:30,129.4563144,3
6/6/2024 21:45,130.1881572,3
6/6/2024 22:00,130.92,3
6/6/2024 22:15,130.92,3
6/6/2024 22:30,130.92,3
6/6/2024 22:45,130.92,3
6/6/2024 23:00,130.92,3
6/6/2024 23:15,130.92,3
6/6/2024 23:30,130.92,3
6/6/2024 23:45,130.92,3
6/7/2024 0:00,130.92,3
6/7/2024 0:15,130.92,3
6/7/2024 0:30,130.92,3
6/7/2024 0:45,130.92,3
6/7/2024 1:00,130.92,3
6/7/2024 1:15,130.92,3
6/7/2024 1:30,130.92,3
6/7/2024 1:45,130.92,3
6/7/2024 2:00,130.92,3
6/7/2024 2:15,130.92,3
6/7/2024 2:30,130.92,3
6/7/2024 2:45,130.92,3
6/7/2024 3:00,130.92,3
6/7/2024 3:15,130.92,3
6/7/2024 3:30,130.92,3
6/7/2024 3:45,130.92,3
6/7/2024 4:00,130.92,3
6/7/2024 4:15,130.92,3
6/7/2024 4:30,130.92,3
6/7/2024 4:45,130.92,3
6/7/2024 5:00,130.92,3
6/7/2024 5:15,130.5717528,3
6/7/2024 5:30,130.2235056,3
6/7/2024 5:45,129.8752584,3
6/7/2024 6:00,129.5270112,3
6/7/2024 6:15,126.7708179,3
6/7/2024 6:30,124.0146246,3
6/7/2024 6:45,121.2584313,3
6/7/2024 7:00,118.502238,3
6/7/2024 7:15,115.1968353,3
6/7/2024 7:30,111.8914326,3
6/7/2024 7:45,108.5860299,3
6/7/2024 8:00,105.2806272,3
6/7/2024 8:15,100.2883203,3
6/7/2024 8:30,95.2960134,3
6/7/2024 8:45,90.3037065,3
6/7/2024 9:00,85.3113996,3
6/7/2024 9:15,81.6204375,3
6/7/2024 9:30,77.9294754,3
6/7/2024 9:45,74.2385133,3
6/7/2024 10:00,70.5475512,3
6/7/2024 10:15,68.86392,3
6/7/2024 10:30,67.1802888,3
6/7/2024 10:45,65.4966576,3
6/7/2024 11:00,63.8130264,3
6/7/2024 11:15,62.3886168,3
6/7/2024 11:30,60.9642072,3
6/7/2024 11:45,59.5397976,3
6/7/2024 12:00,58.115388,3
6/7/2024 12:15,54.7608903,3
6/7/2024 12:30,51.4063926,3
6/7/2024 12:45,48.0518949,3
6/7/2024 13:00,44.6973972,3
6/7/2024 13:15,43.8696555,3
6/7/2024 13:30,43.0419138,3
6/7/2024 13:45,42.2141721,3
6/7/2024 14:00,41.3864304,3
6/7/2024 14:15,42.1634406,3
6/7/2024 14:30,42.9404508,3
6/7/2024 14:45,43.717461,3
6/7/2024 15:00,44.4944712,3
6/7/2024 15:15,47.4981033,3
6/7/2024 15:30,50.5017354,3
6/7/2024 15:45,53.5053675,3
6/7/2024 16:00,56.5089996,3
6/7/2024 16:15,64.6178571,3
6/7/2024 16:30,72.7267146,3
6/7/2024 16:45,80.8355721,3
6/7/2024 17:00,88.9444296,3
6/7/2024 17:15,93.8087622,3
6/7/2024 17:30,98.6730948,3
6/7/2024 17:45,103.5374274,3
6/7/2024 18:00,108.40176,3
6/7/2024 18:15,110.9455356,3
6/7/2024 18:30,113.4893112,3
6/7/2024 18:45,116.0330868,3
6/7/2024 19:00,118.5768624,3
6/7/2024 19:15,119.0632302,3
6/7/2024 19:30,119.549598,3
6/7/2024 19:45,120.0359658,3
6/7/2024 20:00,120.5223336,3
6/7/2024 20:15,122.495298,3
6/7/2024 20:30,124.4682624,3
6/7/2024 20:45,126.4412268,3
6/7/2024 21:00,128.4141912,3
6/7/2024 21:15,129.0406434,3
6/7/2024 21:30,129.6670956,3
6/7/2024 21:45,130.2935478,3
6/7/2024 22:00,130.92,3
6/7/2024 22:15,130.92,3
6/7/2024 22:30,130.92,3
6/7/2024 22:45,130.92,3
6/7/2024 23:00,130.92,3
6/7/2024 23:15,130.92,3
6/7/2024 23:30,130.92,3
6/7/2024 23:45,130.92,3
6/8/2024 0:00,130.92,3
6/8/2024 0:15,130.92,3
6/8/2024 0:30,130.92,3
6/8/2024 0:45,130.92,3
6/8/2024 1:00,130.92,3
6/8/2024 1:15,130.92,3
6/8/2024 1:30,130.92,3
6/8/2024 1:45,130.92,3
6/8/2024 2:00,130.92,3
6/8/2024 2:15,130.92,3
6/8/2024 2:30,130.92,3
6/8/2024 2:45,130.92,3
6/8/2024 3:00,130.92,3
6/8/2024 3:15,130.92,3
6/8/2024 3:30,130.92,3
6/8/2024 3:45,130.92,3
6/8/2024 4:00,130.92,3
6/8/2024 4:15,130.92,3
6/8/2024 4:30,130.92,3
6/8/2024 4:45,130.92,3
6/8/2024 5:00,130.92,3
6/8/2024 5:15,130.6709247,3
6/8/2024 5:30,130.4218494,3
6/8/2024 5:45,130.1727741,3
6/8/2024 6:00,129.9236988,3
6/8/2024 6:15,127.4293455,3
6/8/2024 6:30,124.9349922,3
6/8/2024 6:45,122.4406389,3
6/8/2024 7:00,119.9462856,3
6/8/2024 7:15,115.8069225,3
6/8/2024 7:30,111.6675594,3
6/8/2024 7:45,107.5281963,3
6/8/2024 8:00,103.3888332,3
6/8/2024 8:15,98.5644312,3
6/8/2024 8:30,93.7400292,3
6/8/2024 8:45,88.9156272,3
6/8/2024 9:00,84.0912252,3
6/8/2024 9:15,78.627279,3
6/8/2024 9:30,73.1633328,3
6/8/2024 9:45,67.6993866,3
6/8/2024 10:00,62.2354404,3
6/8/2024 10:15,59.5722003,3
6/8/2024 10:30,56.9089602,3
6/8/2024 10:45,54.2457201,3
6/8/2024 11:00,51.58248,3
6/8/2024 11:15,48.9588432,3
6/8/2024 11:30,46.3352064,3
6/8/2024 11:45,43.7115696,3
6/8/2024 12:00,41.0879328,3
6/8/2024 12:15,39.2750181,3
6/8/2024 12:30,37.4621034,3
6/8/2024 12:45,35.6491887,3
6/8/2024 13:00,33.836274,3
6/8/2024 13:15,38.0414244,3
6/8/2024 13:30,42.2465748,3
6/8/2024 13:45,46.4517252,3
6/8/2024 14:00,50.6568756,3
6/8/2024 14:15,50.3587053,3
6/8/2024 14:30,50.060535,3
6/8/2024 14:45,49.7623647,3
6/8/2024 15:00,49.4641944,3
6/8/2024 15:15,52.8288384,3
6/8/2024 15:30,56.1934824,3
6/8/2024 15:45,59.5581264,3
6/8/2024 16:00,62.9227704,3
6/8/2024 16:15,69.4445502,3
6/8/2024 16:30,75.96633,3
6/8/2024 16:45,82.4881098,3
6/8/2024 17:00,89.0098896,3
6/8/2024 17:15,96.3957414,3
6/8/2024 17:30,103.7815932,3
6/8/2024 17:45,111.167445,3
6/8/2024 18:00,118.5532968,3
6/8/2024 18:15,120.6290334,3
6/8/2024 18:30,122.70477,3
6/8/2024 18:45,124.7805066,3
6/8/2024 19:00,126.8562432,3
6/8/2024 19:15,126.2504109,3
6/8/2024 19:30,125.6445786,3
6/8/2024 19:45,125.0387463,3
6/8/2024 20:00,124.432914,3
6/8/2024 20:15,125.9329299,3
6/8/2024 20:30,127.4329458,3
6/8/2024 20:45,128.9329617,3
6/8/2024 21:00,130.4329776,3
6/8/2024 21:15,130.5547332,3
6/8/2024 21:30,130.6764888,3
6/8/2024 21:45,130.7982444,3
6/8/2024 22:00,130.92,3
6/8/2024 22:15,130.92,3
6/8/2024 22:30,130.92,3
6/8/2024 22:45,130.92,3
6/8/2024 23:00,130.92,3
6/8/2024 23:15,130.92,3
6/8/2024 23:30,130.92,3
6/8/2024 23:45,130.92,3
6/9/2024 0:00,130.92,3
6/9/2024 0:15,130.92,3
6/9/2024 0:30,130.92,3
6/9/2024 0:45,130.92,3
6/9/2024 1:00,130.92,3
6/9/2024 1:15,130.92,3
6/9/2024 1:30,130.92,3
6/9/2024 1:45,130.92,3
6/9/2024 2:00,130.92,3
6/9/2024 2:15,130.92,3
6/9/2024 2:30,130.92,3
6/9/2024 2:45,130.92,3
6/9/2024 3:00,130.92,3
6/9/2024 3:15,130.92,3
6/9/2024 3:30,130.92,3
6/9/2024 3:45,130.92,3
6/9/2024 4:00,130.92,3
6/9/2024 4:15,130.92,3
6/9/2024 4:30,130.92,3
6/9/2024 4:45,130.92,3
6/9/2024 5:00,130.92,3
6/9/2024 5:15,130.7206743,3
6/9/2024 5:30,130.5213486,3
6/9/2024 5:45,130.3220229,3
6/9/2024 6:00,130.1226972,3
6/9/2024 6:15,128.6334822,3
6/9/2024 6:30,127.1442672,3
6/9/2024 6:45,125.6550522,3
6/9/2024 7:00,124.1658372,3
6/9/2024 7:15,121.7143602,3
6/9/2024 7:30,119.2628832,3
6/9/2024 7:45,116.8114062,3
6/9/2024 8:00,114.3599292,3
6/9/2024 8:15,108.8802726,3
6/9/2024 8:30,103.400616,3
6/9/2024 8:45,97.9209594,3
6/9/2024 9:00,92.4413028,3
6/9/2024 9:15,88.4158401,3
6/9/2024 9:30,84.3903774,3
6/9/2024 9:45,80.3649147,3
6/9/2024 10:00,76.339452,3
6/9/2024 10:15,72.9374958,3
6/9/2024 10:30,69.5355396,3
6/9/2024 10:45,66.1335834,3
6/9/2024 11:00,62.7316272,3
6/9/2024 11:15,61.7526729,3
6/9/2024 11:30,60.7737186,3
6/9/2024 11:45,59.7947643,3
6/9/2024 12:00,58.81581,3
6/9/2024 12:15,58.2024498,3
6/9/2024 12:30,57.5890896,3
6/9/2024 12:45,56.9757294,3
6/9/2024 13:00,56.3623692,3
6/9/2024 13:15,61.3376565,3
6/9/2024 13:30,66.3129438,3
6/9/2024 13:45,71.2882311,3
6/9/2024 14:00,76.2635184,3
6/9/2024 14:15,78.9591612,3
6/9/2024 14:30,81.654804,3
6/9/2024 14:45,84.3504468,3
6/9/2024 15:00,87.0460896,3
6/9/2024 15:15,88.5775263,3
6/9/2024 15:30,90.108963,3
6/9/2024 15:45,91.6403997,3
6/9/2024 16:00,93.1718364,3
6/9/2024 16:15,92.7234354,3
6/9/2024 16:30,92.2750344,3
6/9/2024 16:45,91.8266334,3
6/9/2024 17:00,91.3782324,3
6/9/2024 17:15,96.7796643,3
6/9/2024 17:30,102.1810962,3
6/9/2024 17:45,107.5825281,3
6/9/2024 18:00,112.98396,3
6/9/2024 18:15,116.8120608,3
6/9/2024 18:30,120.6401616,3
6/9/2024 18:45,124.4682624,3
6/9/2024 19:00,128.2963632,3
6/9/2024 19:15,127.6751478,3
6/9/2024 19:30,127.0539324,3
6/9/2024 19:45,126.432717,3
6/9/2024 20:00,125.8115016,3
6/9/2024 20:15,126.9109023,3
6/9/2024 20:30,128.010303,3
6/9/2024 20:45,129.1097037,3
6/9/2024 21:00,130.2091044,3
6/9/2024 21:15,130.3868283,3
6/9/2024 21:30,130.5645522,3
6/9/2024 21:45,130.7422761,3
6/9/2024 22:00,130.92,3
6/9/2024 22:15,130.92,3
6/9/2024 22:30,130.92,3
6/9/2024 22:45,130.92,3
6/9/2024 23:00,130.92,3
6/9/2024 23:15,130.92,3
6/9/2024 23:30,130.92,3
6/9/2024 23:45,130.92,3
6/10/2024 0:00,130.92,3
6/10/2024 0:15,130.92,3
6/10/2024 0:30,130.92,3
6/10/2024 0:45,130.92,3
6/10/2024 1:00,130.92,3
6/10/2024 1:15,130.92,3
6/10/2024 1:30,130.92,3
6/10/2024 1:45,130.92,3
6/10/2024 2:00,130.92,3
6/10/2024 2:15,130.92,3
6/10/2024 2:30,130.92,3
6/10/2024 2:45,130.92,3
6/10/2024 3:00,130.92,3
6/10/2024 3:15,130.92,3
6/10/2024 3:30,130.92,3
6/10/2024 3:45,130.92,3
6/10/2024 4:00,130.92,3
6/10/2024 4:15,130.92,3
6/10/2024 4:30,130.92,3
6/10/2024 4:45,130.92,3
6/10/2024 5:00,130.92,3
6/10/2024 5:15,130.92,3
6/10/2024 5:30,130.92,3
6/10/2024 5:45,130.92,3
6/10/2024 6:00,130.92,3
6/10/2024 6:15,130.7671509,3
6/10/2024 6:30,130.6143018,3
6/10/2024 6:45,130.4614527,3
6/10/2024 7:00,130.3086036,3
6/10/2024 7:15,129.6029448,3
6/10/2024 7:30,128.897286,3
6/10/2024 7:45,128.1916272,3
6/10/2024 8:00,127.4859684,3
6/10/2024 8:15,126.2307729,3
6/10/2024 8:30,124.9755774,3
6/10/2024 8:45,123.7203819,3
6/10/2024 9:00,122.4651864,3
6/10/2024 9:15,122.2959723,3
6/10/2024 9:30,122.1267582,3
6/10/2024 9:45,121.9575441,3
6/10/2024 10:00,121.78833,3
6/10/2024 10:15,120.3269355,3
6/10/2024 10:30,118.865541,3
6/10/2024 10:45,117.4041465,3
6/10/2024 11:00,115.942752,3
6/10/2024 11:15,112.1673465,3
6/10/2024 11:30,108.391941,3
6/10/2024 11:45,104.6165355,3
6/10/2024 12:00,100.84113,3
6/10/2024 12:15,100.5946731,3
6/10/2024 12:30,100.3482162,3
6/10/2024 12:45,100.1017593,3
6/10/2024 13:00,99.8553024,3
6/10/2024 13:15,94.4414331,3
6/10/2024 13:30,89.0275638,3
6/10/2024 13:45,83.6136945,3
6/10/2024 14:00,78.1998252,3
6/10/2024 14:15,76.6710069,3
6/10/2024 14:30,75.1421886,3
6/10/2024 14:45,73.6133703,3
6/10/2024 15:00,72.084552,3
6/10/2024 15:15,70.8012087,3
6/10/2024 15:30,69.5178654,3
6/10/2024 15:45,68.2345221,3
6/10/2024 16:00,66.9511788,3
6/10/2024 16:15,74.0084214,3
6/10/2024 16:30,81.065664,3
6/10/2024 16:45,88.1229066,3
6/10/2024 17:00,95.1801492,3
6/10/2024 17:15,99.2687808,3
6/10/2024 17:30,103.3574124,3
6/10/2024 17:45,107.446044,3
6/10/2024 18:00,111.5346756,3
6/10/2024 18:15,113.2438362,3
6/10/2024 18:30,114.9529968,3
6/10/2024 18:45,116.6621574,3
6/10/2024 19:00,118.371318,3
6/10/2024 19:15,118.3883376,3
6/10/2024 19:30,118.4053572,3
6/10/2024 19:45,118.4223768,3
6/10/2024 20:00,118.4393964,3
6/10/2024 20:15,120.7782822,3
6/10/2024 20:30,123.117168,3
6/10/2024 20:45,125.4560538,3
6/10/2024 21:00,127.7949396,3
6/10/2024 21:15,128.5762047,3
6/10/2024 21:30,129.3574698,3
6/10/2024 21:45,130.1387349,3
6/10/2024 22:00,130.92,3
6/10/2024 22:15,130.92,3
6/10/2024 22:30,130.92,3
6/10/2024 22:45,130.92,3
6/10/2024 23:00,130.92,3
6/10/2024 23:15,130.92,3
6/10/2024 23:30,130.92,3
6/10/2024 23:45,130.92,3
6/11/2024 0:00,130.92,3
6/11/2024 0:15,130.92,3
6/11/2024 0:30,130.92,3
6/11/2024 0:45,130.92,3
6/11/2024 1:00,130.92,3
6/11/2024 1:15,130.92,3
6/11/2024 1:30,130.92,3
6/11/2024 1:45,130.92,3
6/11/2024 2:00,130.92,3
6/11/2024 2:15,130.92,3
6/11/2024 2:30,130.92,3
6/11/2024 2:45,130.92,3
6/11/2024 3:00,130.92,3
6/11/2024 3:15,130.92,3
6/11/2024 3:30,130.92,3
6/11/2024 3:45,130.92,3
6/11/2024 4:00,130.92,3
6/11/2024 4:15,130.92,3
6/11/2024 4:30,130.92,3
6/11/2024 4:45,130.92,3
6/11/2024 5:00,130.92,3
6/11/2024 5:15,130.8509397,3
6/11/2024 5:30,130.7818794,3
6/11/2024 5:45,130.7128191,3
6/11/2024 6:00,130.6437588,3
6/11/2024 6:15,129.0602814,3
6/11/2024 6:30,127.476804,3
6/11/2024 6:45,125.8933266,3
6/11/2024 7:00,124.3098492,3
6/11/2024 7:15,122.2046556,3
6/11/2024 7:30,120.099462,3
6/11/2024 7:45,117.9942684,3
6/11/2024 8:00,115.8890748,3
6/11/2024 8:15,112.5440688,3
6/11/2024 8:30,109.1990628,3
6/11/2024 8:45,105.8540568,3
6/11/2024 9:00,102.5090508,3
6/11/2024 9:15,102.9348681,3
6/11/2024 9:30,103.3606854,3
6/11/2024 9:45,103.7865027,3
6/11/2024 10:00,104.21232,3
6/11/2024 10:15,102.1382199,3
6/11/2024 10:30,100.0641198,3
6/11/2024 10:45,97.9900197,3
6/11/2024 11:00,95.9159196,3
6/11/2024 11:15,93.5429946,3
6/11/2024 11:30,91.1700696,3
6/11/2024 11:45,88.7971446,3
6/11/2024 12:00,86.4242196,3
6/11/2024 12:15,85.7129967,3
6/11/2024 12:30,85.0017738,3
6/11/2024 12:45,84.2905509,3
6/11/2024 13:00,83.579328,3
6/11/2024 13:15,84.4993683,3
6/11/2024 13:30,85.4194086,3
6/11/2024 13:45,86.3394489,3
6/11/2024 14:00,87.2594892,3
6/11/2024 14:15,93.1800189,3
6/11/2024 14:30,99.1005486,3
6/11/2024 14:45,105.0210783,3
6/11/2024 15:00,110.941608,3
6/11/2024 15:15,111.4368129,3
6/11/2024 15:30,111.9320178,3
6/11/2024 15:45,112.4272227,3
6/11/2024 16:00,112.9224276,3
6/11/2024 16:15,113.694201,3
6/11/2024 16:30,114.4659744,3
6/11/2024 16:45,115.2377478,3
6/11/2024 17:00,116.0095212,3
6/11/2024 17:15,116.2782345,3
6/11/2024 17:30,116.5469478,3
6/11/2024 17:45,116.8156611,3
6/11/2024 18:00,117.0843744,3
6/11/2024 18:15,119.6219313,3
6/11/2024 18:30,122.1594882,3
6/11/2024 18:45,124.6970451,3
6/11/2024 19:00,127.234602,3
6/11/2024 19:15,126.8598435,3
6/11/2024 19:30,126.485085,3
6/11/2024 19:45,126.1103265,3
6/11/2024 20:00,125.735568,3
6/11/2024 20:15,126.8447877,3
6/11/2024 20:30,127.9540074,3
6/11/2024 20:45,129.0632271,3
6/11/2024 21:00,130.1724468,3
6/11/2024 21:15,130.3593351,3
6/11/2024 21:30,130.5462234,3
6/11/2024 21:45,130.7331117,3
6/11/2024 22:00,130.92,3
6/11/2024 22:15,130.92,3
6/11/2024 22:30,130.92,3
6/11/2024 22:45,130.92,3
6/11/2024 23:00,130.92,3
6/11/2024 23:15,130.92,3
6/11/2024 23:30,130.92,3
6/11/2024 23:45,130.92,3
6/12/2024 0:00,130.92,3
6/12/2024 0:15,130.92,3
6/12/2024 0:30,130.92,3
6/12/2024 0:45,130.92,3
6/12/2024 1:00,130.92,3
6/12/2024 1:15,130.92,3
6/12/2024 1:30,130.92,3
6/12/2024 1:45,130.92,3
6/12/2024 2:00,130.92,3
6/12/2024 2:15,130.92,3
6/12/2024 2:30,130.92,3
6/12/2024 2:45,130.92,3
6/12/2024 3:00,130.92,3
6/12/2024 3:15,130.92,3
6/12/2024 3:30,130.92,3
6/12/2024 3:45,130.92,3
6/12/2024 4:00,130.92,3
6/12/2024 4:15,130.92,3
6/12/2024 4:30,130.92,3
6/12/2024 4:45,130.92,3
6/12/2024 5:00,130.92,3
6/12/2024 5:15,130.92,3
6/12/2024 5:30,130.92,3
6/12/2024 5:45,130.92,3
6/12/2024 6:00,130.92,3
6/12/2024 6:15,130.0618194,3
6/12/2024 6:30,129.2036388,3
6/12/2024 6:45,128.3454582,3
6/12/2024 7:00,127.4872776,3
6/12/2024 7:15,126.1865874,3
6/12/2024 7:30,124.8858972,3
6/12/2024 7:45,123.585207,3
6/12/2024 8:00,122.2845168,3
6/12/2024 8:15,117.641439,3
6/12/2024 8:30,112.9983612,3
6/12/2024 8:45,108.3552834,3
6/12/2024 9:00,103.7122056,3
6/12/2024 9:15,101.3965581,3
6/12/2024 9:30,99.0809106,3
6/12/2024 9:45,96.7652631,3
6/12/2024 10:00,94.4496156,3
6/12/2024 10:15,88.4534796,3
6/12/2024 10:30,82.4573436,3
6/12/2024 10:45,76.4612076,3
6/12/2024 11:00,70.4650716,3
6/12/2024 11:15,71.354673,3
6/12/2024 11:30,72.2442744,3
6/12/2024 11:45,73.1338758,3
6/12/2024 12:00,74.0234772,3
6/12/2024 12:15,73.5989691,3
6/12/2024 12:30,73.174461,3
6/12/2024 12:45,72.7499529,3
6/12/2024 13:00,72.3254448,3
6/12/2024 13:15,72.2066349,3
6/12/2024 13:30,72.087825,3
6/12/2024 13:45,71.9690151,3
6/12/2024 14:00,71.8502052,3
6/12/2024 14:15,72.0940437,3
6/12/2024 14:30,72.3378822,3
6/12/2024 14:45,72.5817207,3
6/12/2024 15:00,72.8255592,3
6/12/2024 15:15,73.793058,3
6/12/2024 15:30,74.7605568,3
6/12/2024 15:45,75.7280556,3
6/12/2024 16:00,76.6955544,3
6/12/2024 16:15,83.0962332,3
6/12/2024 16:30,89.496912,3
6/12/2024 16:45,95.8975908,3
6/12/2024 17:00,102.2982696,3
6/12/2024 17:15,106.4143944,3
6/12/2024 17:30,110.5305192,3
6/12/2024 17:45,114.646644,3
6/12/2024 18:00,118.7627688,3
6/12/2024 18:15,119.1493101,3
6/12/2024 18:30,119.5358514,3
6/12/2024 18:45,119.9223927,3
6/12/2024 19:00,120.308934,3
6/12/2024 19:15,120.0205827,3
6/12/2024 19:30,119.7322314,3
6/12/2024 19:45,119.4438801,3
6/12/2024 20:00,119.1555288,3
6/12/2024 20:15,121.343202,3
6/12/2024 20:30,123.5308752,3
6/12/2024 20:45,125.7185484,3
6/12/2024 21:00,127.9062216,3
6/12/2024 21:15,128.6596662,3
6/12/2024 21:30,129.4131108,3
6/12/2024 21:45,130.1665554,3
6/12/2024 22:00,130.92,3
6/12/2024 22:15,130.92,3
6/12/2024 22:30,130.92,3
6/12/2024 22:45,130.92,3
6/12/2024 23:00,130.92,3
6/12/2024 23:15,130.92,3
6/12/2024 23:30,130.92,3
6/12/2024 23:45,130.92,3
6/13/2024 0:00,130.92,3
6/13/2024 0:15,130.92,3
6/13/2024 0:30,130.92,3
6/13/2024 0:45,130.92,3
6/13/2024 1:00,130.92,3
6/13/2024 1:15,130.92,3
6/13/2024 1:30,130.92,3
6/13/2024 1:45,130.92,3
6/13/2024 2:00,130.92,3
6/13/2024 2:15,130.92,3
6/13/2024 2:30,130.92,3
6/13/2024 2:45,130.92,3
6/13/2024 3:00,130.92,3
6/13/2024 3:15,130.92,3
6/13/2024 3:30,130.92,3
6/13/2024 3:45,130.92,3
6/13/2024 4:00,130.92,3
6/13/2024 4:15,130.92,3
6/13/2024 4:30,130.92,3
6/13/2024 4:45,130.92,3
6/13/2024 5:00,130.92,3
6/13/2024 5:15,130.8542127,3
6/13/2024 5:30,130.7884254,3
6/13/2024 5:45,130.7226381,3
6/13/2024 6:00,130.6568508,3
6/13/2024 6:15,129.2520792,3
6/13/2024 6:30,127.8473076,3
6/13/2024 6:45,126.442536,3
6/13/2024 7:00,125.0377644,3
6/13/2024 7:15,123.0945843,3
6/13/2024 7:30,121.1514042,3
6/13/2024 7:45,119.2082241,3
6/13/2024 8:00,117.265044,3
6/13/2024 8:15,112.3123404,3
6/13/2024 8:30,107.3596368,3
6/13/2024 8:45,102.4069332,3
6/13/2024 9:00,97.4542296,3
6/13/2024 9:15,92.2720887,3
6/13/2024 9:30,87.0899478,3
6/13/2024 9:45,81.9078069,3
6/13/2024 10:00,76.725666,3
6/13/2024 10:15,70.919364,3
6/13/2024 10:30,65.113062,3
6/13/2024 10:45,59.30676,3
6/13/2024 11:00,53.500458,3
6/13/2024 11:15,51.3651528,3
6/13/2024 11:30,49.2298476,3
6/13/2024 11:45,47.0945424,3
6/13/2024 12:00,44.9592372,3
6/13/2024 12:15,41.2535466,3
6/13/2024 12:30,37.547856,3
6/13/2024 12:45,33.8421654,3
6/13/2024 13:00,30.1364748,3
6/13/2024 13:15,30.5596737,3
6/13/2024 13:30,30.9828726,3
6/13/2024 13:45,31.4060715,3
6/13/2024 14:00,31.8292704,3
6/13/2024 14:15,34.2525996,3
6/13/2024 14:30,36.6759288,3
6/13/2024 14:45,39.099258,3
6/13/2024 15:00,41.5225872,3
6/13/2024 15:15,48.515679,3
6/13/2024 15:30,55.5087708,3
6/13/2024 15:45,62.5018626,3
6/13/2024 16:00,69.4949544,3
6/13/2024 16:15,73.7478906,3
6/13/2024 16:30,78.0008268,3
6/13/2024 16:45,82.253763,3
6/13/2024 17:00,86.5066992,3
6/13/2024 17:15,93.1643085,3
6/13/2024 17:30,99.8219178,3
6/13/2024 17:45,106.4795271,3
6/13/2024 18:00,113.1371364,3
6/13/2024 18:15,113.7259491,3
6/13/2024 18:30,114.3147618,3
6/13/2024 18:45,114.9035745,3
6/13/2024 19:00,115.4923872,3
6/13/2024 19:15,115.4694762,3
6/13/2024 19:30,115.4465652,3
6/13/2024 19:45,115.4236542,3
6/13/2024 20:00,115.4007432,3
6/13/2024 20:15,118.3513527,3
6/13/2024 20:30,121.3019622,3
6/13/2024 20:45,124.2525717,3
6/13/2024 21:00,127.2031812,3
6/13/2024 21:15,128.1323859,3
6/13/2024 21:30,129.0615906,3
6/13/2024 21:45,129.9907953,3
6/13/2024 22:00,130.92,3
6/13/2024 22:15,130.92,3
6/13/2024 22:30,130.92,3
6/13/2024 22:45,130.92,3
6/13/2024 23:00,130.92,3
6/13/2024 23:15,130.92,3
6/13/2024 23:30,130.92,3
6/13/2024 23:45,130.92,3
6/14/2024 0:00,130.92,3
6/14/2024 0:15,130.92,3
6/14/2024 0:30,130.92,3
6/14/2024 0:45,130.92,3
6/14/2024 1:00,130.92,3
6/14/2024 1:15,130.92,3
6/14/2024 1:30,130.92,3
6/14/2024 1:45,130.92,3
6/14/2024 2:00,130.92,3
6/14/2024 2:15,130.92,3
6/14/2024 2:30,130.92,3
6/14/2024 2:45,130.92,3
6/14/2024 3:00,130.92,3
6/14/2024 3:15,130.92,3
6/14/2024 3:30,130.92,3
6/14/2024 3:45,130.92,3
6/14/2024 4:00,130.92,3
6/14/2024 4:15,130.92,3
6/14/2024 4:30,130.92,3
6/14/2024 4:45,130.92,3
6/14/2024 5:00,130.92,3
6/14/2024 5:15,130.5625884,3
6/14/2024 5:30,130.2051768,3
6/14/2024 5:45,129.8477652,3
6/14/2024 6:00,129.4903536,3
6/14/2024 6:15,126.9115569,3
6/14/2024 6:30,124.3327602,3
6/14/2024 6:45,121.7539635,3
6/14/2024 7:00,119.1751668,3
6/14/2024 7:15,115.8393252,3
6/14/2024 7:30,112.5034836,3
6/14/2024 7:45,109.167642,3
6/14/2024 8:00,105.8318004,3
6/14/2024 8:15,101.4960573,3
6/14/2024 8:30,97.1603142,3
6/14/2024 8:45,92.8245711,3
6/14/2024 9:00,88.488828,3
6/14/2024 9:15,88.1526909,3
6/14/2024 9:30,87.8165538,3
6/14/2024 9:45,87.4804167,3
6/14/2024 10:00,87.1442796,3
6/14/2024 10:15,86.5099722,3
6/14/2024 10:30,85.8756648,3
6/14/2024 10:45,85.2413574,3
6/14/2024 11:00,84.60705,3
6/14/2024 11:15,85.680594,3
6/14/2024 11:30,86.754138,3
6/14/2024 11:45,87.827682,3
6/14/2024 12:00,88.901226,3
6/14/2024 12:15,84.4185252,3
6/14/2024 12:30,79.9358244,3
6/14/2024 12:45,75.4531236,3
6/14/2024 13:00,70.9704228,3
6/14/2024 13:15,73.4323734,3
6/14/2024 13:30,75.894324,3
6/14/2024 13:45,78.3562746,3
6/14/2024 14:00,80.8182252,3
6/14/2024 14:15,82.6736889,3
6/14/2024 14:30,84.5291526,3
6/14/2024 14:45,86.3846163,3
6/14/2024 15:00,88.24008,3
6/14/2024 15:15,87.0271062,3
6/14/2024 15:30,85.8141324,3
6/14/2024 15:45,84.6011586,3
6/14/2024 16:00,83.3881848,3
6/14/2024 16:15,85.8288609,3
6/14/2024 16:30,88.269537,3
6/14/2024 16:45,90.7102131,3
6/14/2024 17:00,93.1508892,3
6/14/2024 17:15,98.8691475,3
6/14/2024 17:30,104.5874058,3
6/14/2024 17:45,110.3056641,3
6/14/2024 18:00,116.0239224,3
6/14/2024 18:15,116.8893036,3
6/14/2024 18:30,117.7546848,3
6/14/2024 18:45,118.620066,3
6/14/2024 19:00,119.4854472,3
6/14/2024 19:15,118.3808097,3
6/14/2024 19:30,117.2761722,3
6/14/2024 19:45,116.1715347,3
6/14/2024 20:00,115.0668972,3
6/14/2024 20:15,118.066929,3
6/14/2024 20:30,121.0669608,3
6/14/2024 20:45,124.0669926,3
6/14/2024 21:00,127.0670244,3
6/14/2024 21:15,128.0302683,3
6/14/2024 21:30,128.9935122,3
6/14/2024 21:45,129.9567561,3
6/14/2024 22:00,130.92,3
6/14/2024 22:15,130.92,3
6/14/2024 22:30,130.92,3
6/14/2024 22:45,130.92,3
6/14/2024 23:00,130.92,3
6/14/2024 23:15,130.92,3
6/14/2024 23:30,130.92,3
6/14/2024 23:45,130.92,3
6/15/2024 0:00,130.92,3
6/15/2024 0:15,130.92,3
6/15/2024 0:30,130.92,3
6/15/2024 0:45,130.92,3
6/15/2024 1:00,130.92,3
6/15/2024 1:15,130.92,3
6/15/2024 1:30,130.92,3
6/15/2024 1:45,130.92,3
6/15/2024 2:00,130.92,3
6/15/2024 2:15,130.92,3
6/15/2024 2:30,130.92,3
6/15/2024 2:45,130.92,3
6/15/2024 3:00,130.92,3
6/15/2024 3:15,130.92,3
6/15/2024 3:30,130.92,3
6/15/2024 3:45,130.92,3
6/15/2024 4:00,130.92,3
6/15/2024 4:15,130.92,3
6/15/2024 4:30,130.92,3
6/15/2024 4:45,130.92,3
6/15/2024 5:00,130.92,3
6/15/2024 5:15,130.5344406,3
6/15/2024 5:30,130.1488812,3
6/15/2024 5:45,129.7633218,3
6/15/2024 6:00,129.3777624,3
6/15/2024 6:15,126.3571107,3
6/15/2024 6:30,123.336459,3
6/15/2024 6:45,120.3158073,3
6/15/2024 7:00,117.2951556,3
6/15/2024 7:15,112.7486313,3
6/15/2024 7:30,108.202107,3
6/15/2024 7:45,103.6555827,3
6/15/2024 8:00,99.1090584,3
6/15/2024 8:15,95.5319967,3
6/15/2024 8:30,91.954935,3
6/15/2024 8:45,88.3778733,3
6/15/2024 9:00,84.8008116,3
6/15/2024 9:15,81.0116595,3
6/15/2024 9:30,77.2225074,3
6/15/2024 9:45,73.4333553,3
6/15/2024 10:00,69.6442032,3
6/15/2024 10:15,70.2889842,3
6/15/2024 10:30,70.9337652,3
6/15/2024 10:45,71.5785462,3
6/15/2024 11:00,72.2233272,3
6/15/2024 11:15,72.6095412,3
6/15/2024 11:30,72.9957552,3
6/15/2024 11:45,73.3819692,3
6/15/2024 12:00,73.7681832,3
6/15/2024 12:15,73.027176,3
6/15/2024 12:30,72.2861688,3
6/15/2024 12:45,71.5451616,3
6/15/2024 13:00,70.8041544,3
6/15/2024 13:15,69.4566603,3
6/15/2024 13:30,68.1091662,3
6/15/2024 13:45,66.7616721,3
6/15/2024 14:00,65.414178,3
6/15/2024 14:15,65.5539351,3
6/15/2024 14:30,65.6936922,3
6/15/2024 14:45,65.8334493,3
6/15/2024 15:00,65.9732064,3
6/15/2024 15:15,69.4618971,3
6/15/2024 15:30,72.9505878,3
6/15/2024 15:45,76.4392785,3
6/15/2024 16:00,79.9279692,3
6/15/2024 16:15,85.703505,3
6/15/2024 16:30,91.4790408,3
6/15/2024 16:45,97.2545766,3
6/15/2024 17:00,103.0301124,3
6/15/2024 17:15,106.2369978,3
6/15/2024 17:30,109.4438832,3
6/15/2024 17:45,112.6507686,3
6/15/2024 18:00,115.857654,3
6/15/2024 18:15,118.911363,3
6/15/2024 18:30,121.965072,3
6/15/2024 18:45,125.018781,3
6/15/2024 19:00,128.07249,3
6/15/2024 19:15,128.1206031,3
6/15/2024 19:30,128.1687162,3
6/15/2024 19:45,128.2168293,3
6/15/2024 20:00,128.2649424,3
6/15/2024 20:15,128.8969587,3
6/15/2024 20:30,129.528975,3
6/15/2024 20:45,130.1609913,3
6/15/2024 21:00,130.7930076,3
6/15/2024 21:15,130.8247557,3
6/15/2024 21:30,130.8565038,3
6/15/2024 21:45,130.8882519,3
6/15/2024 22:00,130.92,3
6/15/2024 22:15,130.92,3
6/15/2024 22:30,130.92,3
6/15/2024 22:45,130.92,3
6/15/2024 23:00,130.92,3
6/15/2024 23:15,130.92,3
6/15/2024 23:30,130.92,3
6/15/2024 23:45,130.92,3
6/16/2024 0:00,130.92,3
6/16/2024 0:15,130.92,3
6/16/2024 0:30,130.92,3
6/16/2024 0:45,130.92,3
6/16/2024 1:00,130.92,3
6/16/2024 1:15,130.92,3
6/16/2024 1:30,130.92,3
6/16/2024 1:45,130.92,3
6/16/2024 2:00,130.92,3
6/16/2024 2:15,130.92,3
6/16/2024 2:30,130.92,3
6/16/2024 2:45,130.92,3
6/16/2024 3:00,130.92,3
6/16/2024 3:15,130.92,3
6/16/2024 3:30,130.92,3
6/16/2024 3:45,130.92,3
6/16/2024 4:00,130.92,3
6/16/2024 4:15,130.92,3
6/16/2024 4:30,130.92,3
6/16/2024 4:45,130.92,3
6/16/2024 5:00,130.92,3
6/16/2024 5:15,130.92,3
6/16/2024 5:30,130.92,3
6/16/2024 5:45,130.92,3
6/16/2024 6:00,130.92,3
6/16/2024 6:15,130.5036744,3
6/16/2024 6:30,130.0873488,3
6/16/2024 6:45,129.6710232,3
6/16/2024 7:00,129.2546976,3
6/16/2024 7:15,128.5817688,3
6/16/2024 7:30,127.90884,3
6/16/2024 7:45,127.2359112,3
6/16/2024 8:00,126.5629824,3
6/16/2024 8:15,119.8389312,3
6/16/2024 8:30,113.11488,3
6/16/2024 8:45,106.3908288,3
6/16/2024 9:00,99.6667776,3
6/16/2024 9:15,97.3141452,3
6/16/2024 9:30,94.9615128,3
6/16/2024 9:45,92.6088804,3
6/16/2024 10:00,90.256248,3
6/16/2024 10:15,87.3897546,3
6/16/2024 10:30,84.5232612,3
6/16/2024 10:45,81.6567678,3
6/16/2024 11:00,78.7902744,3
6/16/2024 11:15,72.4583286,3
6/16/2024 11:30,66.1263828,3
6/16/2024 11:45,59.794437,3
6/16/2024 12:00,53.4624912,3
6/16/2024 12:15,57.1164684,3
6/16/2024 12:30,60.7704456,3
6/16/2024 12:45,64.4244228,3
6/16/2024 13:00,68.0784,3
6/16/2024 13:15,70.5923913,3
6/16/2024 13:30,73.1063826,3
6/16/2024 13:45,75.6203739,3
6/16/2024 14:00,78.1343652,3
6/16/2024 14:15,76.5214308,3
6/16/2024 14:30,74.9084964,3
6/16/2024 14:45,73.295562,3
6/16/2024 15:00,71.6826276,3
6/16/2024 15:15,72.5097147,3
6/16/2024 15:30,73.3368018,3
6/16/2024 15:45,74.1638889,3
6/16/2024 16:00,74.990976,3
6/16/2024 16:15,78.4502097,3
6/16/2024 16:30,81.9094434,3
6/16/2024 16:45,85.3686771,3
6/16/2024 17:00,88.8279108,3
6/16/2024 17:15,94.9762413,3
6/16/2024 17:30,101.1245718,3
6/16/2024 17:45,107.2729023,3
6/16/2024 18:00,113.4212328,3
6/16/2024 18:15,114.1750047,3
6/16/2024 18:30,114.9287766,3
6/16/2024 18:45,115.6825485,3
6/16/2024 19:00,116.4363204,3
6/16/2024 19:15,115.9149315,3
6/16/2024 19:30,115.3935426,3
6/16/2024 19:45,114.8721537,3
6/16/2024 20:00,114.3507648,3
6/16/2024 20:15,117.4558599,3
6/16/2024 20:30,120.560955,3
6/16/2024 20:45,123.6660501,3
6/16/2024 21:00,126.7711452,3
6/16/2024 21:15,127.8083589,3
6/16/2024 21:30,128.8455726,3
6/16/2024 21:45,129.8827863,3
6/16/2024 22:00,130.92,3
6/16/2024 22:15,130.92,3
6/16/2024 22:30,130.92,3
6/16/2024 22:45,130.92,3
6/16/2024 23:00,130.92,3
6/16/2024 23:15,130.92,3
6/16/2024 23:30,130.92,3
6/16/2024 23:45,130.92,3
6/17/2024 0:00,130.92,3
6/17/2024 0:15,130.92,3
6/17/2024 0:30,130.92,3
6/17/2024 0:45,130.92,3
6/17/2024 1:00,130.92,3
6/17/2024 1:15,130.92,3
6/17/2024 1:30,130.92,3
6/17/2024 1:45,130.92,3
6/17/2024 2:00,130.92,3
6/17/2024 2:15,130.92,3
6/17/2024 2:30,130.92,3
6/17/2024 2:45,130.92,3
6/17/2024 3:00,130.92,3
6/17/2024 3:15,130.92,3
6/17/2024 3:30,130.92,3
6/17/2024 3:45,130.92,3
6/17/2024 4:00,130.92,3
6/17/2024 4:15,130.92,3
6/17/2024 4:30,130.92,3
6/17/2024 4:45,130.92,3
6/17/2024 5:00,130.92,3
6/17/2024 5:15,130.5966276,3
6/17/2024 5:30,130.2732552,3
6/17/2024 5:45,129.9498828,3
6/17/2024 6:00,129.6265104,3
6/17/2024 6:15,127.3062807,3
6/17/2024 6:30,124.986051,3
6/17/2024 6:45,122.6658213,3
6/17/2024 7:00,120.3455916,3
6/17/2024 7:15,116.4163551,3
6/17/2024 7:30,112.4871186,3
6/17/2024 7:45,108.5578821,3
6/17/2024 8:00,104.6286456,3
6/17/2024 8:15,101.3327346,3
6/17/2024 8:30,98.0368236,3
6/17/2024 8:45,94.7409126,3
6/17/2024 9:00,91.4450016,3
6/17/2024 9:15,85.7077599,3
6/17/2024 9:30,79.9705182,3
6/17/2024 9:45,74.2332765,3
6/17/2024 10:00,68.4960348,3
6/17/2024 10:15,65.4544359,3
6/17/2024 10:30,62.412837,3
6/17/2024 10:45,59.3712381,3
6/17/2024 11:00,56.3296392,3
6/17/2024 11:15,50.7144804,3
6/17/2024 11:30,45.0993216,3
6/17/2024 11:45,39.4841628,3
6/17/2024 12:00,33.869004,3
6/17/2024 12:15,32.1693351,3
6/17/2024 12:30,30.4696662,3
6/17/2024 12:45,28.7699973,3
6/17/2024 13:00,27.0703284,3
6/17/2024 13:15,28.7356308,3
6/17/2024 13:30,30.4009332,3
6/17/2024 13:45,32.0662356,3
6/17/2024 14:00,33.731538,3
6/17/2024 14:15,34.6466688,3
6/17/2024 14:30,35.5617996,3
6/17/2024 14:45,36.4769304,3
6/17/2024 15:00,37.3920612,3
6/17/2024 15:15,44.149497,3
6/17/2024 15:30,50.9069328,3
6/17/2024 15:45,57.6643686,3
6/17/2024 16:00,64.4218044,3
6/17/2024 16:15,71.4204603,3
6/17/2024 16:30,78.4191162,3
6/17/2024 16:45,85.4177721,3
6/17/2024 17:00,92.416428,3
6/17/2024 17:15,98.8734024,3
6/17/2024 17:30,105.3303768,3
6/17/2024 17:45,111.7873512,3
6/17/2024 18:00,118.2443256,3
6/17/2024 18:15,118.7097462,3
6/17/2024 18:30,119.1751668,3
6/17/2024 18:45,119.6405874,3
6/17/2024 19:00,120.106008,3
6/17/2024 19:15,119.1921864,3
6/17/2024 19:30,118.2783648,3
6/17/2024 19:45,117.3645432,3
6/17/2024 20:00,116.4507216,3
6/17/2024 20:15,119.1787671,3
6/17/2024 20:30,121.9068126,3
6/17/2024 20:45,124.6348581,3
6/17/2024 21:00,127.3629036,3
6/17/2024 21:15,128.2521777,3
6/17/2024 21:30,129.1414518,3
6/17/2024 21:45,130.0307259,3
6/17/2024 22:00,130.92,3
6/17/2024 22:15,130.92,3
6/17/2024 22:30,130.92,3
6/17/2024 22:45,130.92,3
6/17/2024 23:00,130.92,3
6/17/2024 23:15,130.92,3
6/17/2024 23:30,130.92,3
6/17/2024 23:45,130.92,3
6/18/2024 0:00,130.92,3
6/18/2024 0:15,130.92,3
6/18/2024 0:30,130.92,3
6/18/2024 0:45,130.92,3
6/18/2024 1:00,130.92,3
6/18/2024 1:15,130.92,3
6/18/2024 1:30,130.92,3
6/18/2024 1:45,130.92,3
6/18/2024 2:00,130.92,3
6/18/2024 2:15,130.92,3
6/18/2024 2:30,130.92,3
6/18/2024 2:45,130.92,3
6/18/2024 3:00,130.92,3
6/18/2024 3:15,130.92,3
6/18/2024 3:30,130.92,3
6/18/2024 3:45,130.92,3
6/18/2024 4:00,130.92,3
6/18/2024 4:15,130.92,3
6/18/2024 4:30,130.92,3
6/18/2024 4:45,130.92,3
6/18/2024 5:00,130.92,3
6/18/2024 5:15,130.5347679,3
6/18/2024 5:30,130.1495358,3
6/18/2024 5:45,129.7643037,3
6/18/2024 6:00,129.3790716,3
6/18/2024 6:15,126.3580926,3
6/18/2024 6:30,123.3371136,3
6/18/2024 6:45,120.3161346,3
6/18/2024 7:00,117.2951556,3
6/18/2024 7:15,113.3043867,3
6/18/2024 7:30,109.3136178,3
6/18/2024 7:45,105.3228489,3
6/18/2024 8:00,101.33208,3
6/18/2024 8:15,96.6759102,3
6/18/2024 8:30,92.0197404,3
6/18/2024 8:45,87.3635706,3
6/18/2024 9:00,82.7074008,3
6/18/2024 9:15,77.2061424,3
6/18/2024 9:30,71.704884,3
6/18/2024 9:45,66.2036256,3
6/18/2024 10:00,60.7023672,3
6/18/2024 10:15,56.1803904,3
6/18/2024 10:30,51.6584136,3
6/18/2024 10:45,47.1364368,3
6/18/2024 11:00,42.61446,3
6/18/2024 11:15,39.2471976,3
6/18/2024 11:30,35.8799352,3
6/18/2024 11:45,32.5126728,3
6/18/2024 12:00,29.1454104,3
6/18/2024 12:15,27.2208864,3
6/18/2024 12:30,25.2963624,3
6/18/2024 12:45,23.3718384,3
6/18/2024 13:00,21.4473144,3
6/18/2024 13:15,21.4941183,3
6/18/2024 13:30,21.5409222,3
6/18/2024 13:45,21.5877261,3
6/18/2024 14:00,21.63453,3
6/18/2024 14:15,23.8703163,3
6/18/2024 14:30,26.1061026,3
6/18/2024 14:45,28.3418889,3
6/18/2024 15:00,30.5776752,3
6/18/2024 15:15,35.4462627,3
6/18/2024 15:30,40.3148502,3
6/18/2024 15:45,45.1834377,3
6/18/2024 16:00,50.0520252,3
6/18/2024 16:15,56.4248835,3
6/18/2024 16:30,62.7977418,3
6/18/2024 16:45,69.1706001,3
6/18/2024 17:00,75.5434584,3
6/18/2024 17:15,81.903552,3
6/18/2024 17:30,88.2636456,3
6/18/2024 17:45,94.6237392,3
6/18/2024 18:00,100.9838328,3
6/18/2024 18:15,104.2607604,3
6/18/2024 18:30,107.537688,3
6/18/2024 18:45,110.8146156,3
6/18/2024 19:00,114.0915432,3
6/18/2024 19:15,114.0025176,3
6/18/2024 19:30,113.913492,3
6/18/2024 19:45,113.8244664,3
6/18/2024 20:00,113.7354408,3
6/18/2024 20:15,117.1053216,3
6/18/2024 20:30,120.4752024,3
6/18/2024 20:45,123.8450832,3
6/18/2024 21:00,127.214964,3
6/18/2024 21:15,128.141223,3
6/18/2024 21:30,129.067482,3
6/18/2024 21:45,129.993741,3
6/18/2024 22:00,130.92,3
6/18/2024 22:15,130.92,3
6/18/2024 22:30,130.92,3
6/18/2024 22:45,130.92,3
6/18/2024 23:00,130.92,3
6/18/2024 23:15,130.92,3
6/18/2024 23:30,130.92,3
6/18/2024 23:45,130.92,3
6/19/2024 0:00,130.92,3
6/19/2024 0:15,130.92,3
6/19/2024 0:30,130.92,3
6/19/2024 0:45,130.92,3
6/19/2024 1:00,130.92,3
6/19/2024 1:15,130.92,3
6/19/2024 1:30,130.92,3
6/19/2024 1:45,130.92,3
6/19/2024 2:00,130.92,3
6/19/2024 2:15,130.92,3
6/19/2024 2:30,130.92,3
6/19/2024 2:45,130.92,3
6/19/2024 3:00,130.92,3
6/19/2024 3:15,130.92,3
6/19/2024 3:30,130.92,3
6/19/2024 3:45,130.92,3
6/19/2024 4:00,130.92,3
6/19/2024 4:15,130.92,3
6/19/2024 4:30,130.92,3
6/19/2024 4:45,130.92,3
6/19/2024 5:00,130.92,3
6/19/2024 5:15,130.546878,3
6/19/2024 5:30,130.173756,3
6/19/2024 5:45,129.800634,3
6/19/2024 6:00,129.427512,3
6/19/2024 6:15,126.5328708,3
6/19/2024 6:30,123.6382296,3
6/19/2024 6:45,120.7435884,3
6/19/2024 7:00,117.8489472,3
6/19/2024 7:15,113.5966656,3
6/19/2024 7:30,109.344384,3
6/19/2024 7:45,105.0921024,3
6/19/2024 8:00,100.8398208,3
6/19/2024 8:15,96.0687687,3
6/19/2024 8:30,91.2977166,3
6/19/2024 8:45,86.5266645,3
6/19/2024 9:00,81.7556124,3
6/19/2024 9:15,76.7266479,3
6/19/2024 9:30,71.6976834,3
6/19/2024 9:45,66.6687189,3
6/19/2024 10:00,61.6397544,3
6/19/2024 10:15,57.7052811,3
6/19/2024 10:30,53.7708078,3
6/19/2024 10:45,49.8363345,3
6/19/2024 11:00,45.9018612,3
6/19/2024 11:15,42.411534,3
6/19/2024 11:30,38.9212068,3
6/19/2024 11:45,35.4308796,3
6/19/2024 12:00,31.9405524,3
6/19/2024 12:15,30.3642756,3
6/19/2024 12:30,28.7879988,3
6/19/2024 12:45,27.211722,3
6/19/2024 13:00,25.6354452,3
6/19/2024 13:15,25.9499805,3
6/19/2024 13:30,26.2645158,3
6/19/2024 13:45,26.5790511,3
6/19/2024 14:00,26.8935864,3
6/19/2024 14:15,29.5640271,3
6/19/2024 14:30,32.2344678,3
6/19/2024 14:45,34.9049085,3
6/19/2024 15:00,37.5753492,3
6/19/2024 15:15,41.5533534,3
6/19/2024 15:30,45.5313576,3
6/19/2024 15:45,49.5093618,3
6/19/2024 16:00,53.487366,3
6/19/2024 16:15,59.9832891,3
6/19/2024 16:30,66.4792122,3
6/19/2024 16:45,72.9751353,3
6/19/2024 17:00,79.4710584,3
6/19/2024 17:15,85.2773604,3
6/19/2024 17:30,91.0836624,3
6/19/2024 17:45,96.8899644,3
6/19/2024 18:00,102.6962664,3
6/19/2024 18:15,105.6200373,3
6/19/2024 18:30,108.5438082,3
6/19/2024 18:45,111.4675791,3
6/19/2024 19:00,114.39135,3
6/19/2024 19:15,114.2240997,3
6/19/2024 19:30,114.0568494,3
6/19/2024 19:45,113.8895991,3
6/19/2024 20:00,113.7223488,3
6/19/2024 20:15,117.1387062,3
6/19/2024 20:30,120.5550636,3
6/19/2024 20:45,123.971421,3
6/19/2024 21:00,127.3877784,3
6/19/2024 21:15,128.2708338,3
6/19/2024 21:30,129.1538892,3
6/19/2024 21:45,130.0369446,3
6/19/2024 22:00,130.92,3
6/19/2024 22:15,130.92,3
6/19/2024 22:30,130.92,3
6/19/2024 22:45,130.92,3
6/19/2024 23:00,130.92,3
6/19/2024 23:15,130.92,3
6/19/2024 23:30,130.92,3
6/19/2024 23:45,130.92,3
6/20/2024 0:00,130.92,3
6/20/2024 0:15,130.92,3
6/20/2024 0:30,130.92,3
6/20/2024 0:45,130.92,3
6/20/2024 1:00,130.92,3
6/20/2024 1:15,130.92,3
6/20/2024 1:30,130.92,3
6/20/2024 1:45,130.92,3
6/20/2024 2:00,130.92,3
6/20/2024 2:15,130.92,3
6/20/2024 2:30,130.92,3
6/20/2024 2:45,130.92,3
6/20/2024 3:00,130.92,3
6/20/2024 3:15,130.92,3
6/20/2024 3:30,130.92,3
6/20/2024 3:45,130.92,3
6/20/2024 4:00,130.92,3
6/20/2024 4:15,130.92,3
6/20/2024 4:30,130.92,3
6/20/2024 4:45,130.92,3
6/20/2024 5:00,130.92,3
6/20/2024 5:15,130.6339398,3
6/20/2024 5:30,130.3478796,3
6/20/2024 5:45,130.0618194,3
6/20/2024 6:00,129.7757592,3
6/20/2024 6:15,127.1229927,3
6/20/2024 6:30,124.4702262,3
6/20/2024 6:45,121.8174597,3
6/20/2024 7:00,119.1646932,3
6/20/2024 7:15,114.8728083,3
6/20/2024 7:30,110.5809234,3
6/20/2024 7:45,106.2890385,3
6/20/2024 8:00,101.9971536,3
6/20/2024 8:15,97.7389806,3
6/20/2024 8:30,93.4808076,3
6/20/2024 8:45,89.2226346,3
6/20/2024 9:00,84.9644616,3
6/20/2024 9:15,83.1600567,3
6/20/2024 9:30,81.3556518,3
6/20/2024 9:45,79.5512469,3
6/20/2024 10:00,77.746842,3
6/20/2024 10:15,71.9739246,3
6/20/2024 10:30,66.2010072,3
6/20/2024 10:45,60.4280898,3
6/20/2024 11:00,54.6551724,3
6/20/2024 11:15,50.3066646,3
6/20/2024 11:30,45.9581568,3
6/20/2024 11:45,41.609649,3
6/20/2024 12:00,37.2611412,3
6/20/2024 12:15,34.8846159,3
6/20/2024 12:30,32.5080906,3
6/20/2024 12:45,30.1315653,3
6/20/2024 13:00,27.75504,3
6/20/2024 13:15,30.6035319,3
6/20/2024 13:30,33.4520238,3
6/20/2024 13:45,36.3005157,3
6/20/2024 14:00,39.1490076,3
6/20/2024 14:15,42.7833468,3
6/20/2024 14:30,46.417686,3
6/20/2024 14:45,50.0520252,3
6/20/2024 15:00,53.6863644,3
6/20/2024 15:15,60.6761832,3
6/20/2024 15:30,67.666002,3
6/20/2024 15:45,74.6558208,3
6/20/2024 16:00,81.6456396,3
6/20/2024 16:15,87.8001888,3
6/20/2024 16:30,93.954738,3
6/20/2024 16:45,100.1092872,3
6/20/2024 17:00,106.2638364,3
6/20/2024 17:15,108.6675276,3
6/20/2024 17:30,111.0712188,3
6/20/2024 17:45,113.47491,3
6/20/2024 18:00,115.8786012,3
6/20/2024 18:15,119.0691216,3
6/20/2024 18:30,122.259642,3
6/20/2024 18:45,125.4501624,3
6/20/2024 19:00,128.6406828,3
6/20/2024 19:15,126.0468303,3
6/20/2024 19:30,123.4529778,3
6/20/2024 19:45,120.8591253,3
6/20/2024 20:00,118.2652728,3
6/20/2024 20:15,120.8640348,3
6/20/2024 20:30,123.4627968,3
6/20/2024 20:45,126.0615588,3
6/20/2024 21:00,128.6603208,3
6/20/2024 21:15,129.2252406,3
6/20/2024 21:30,129.7901604,3
6/20/2024 21:45,130.3550802,3
6/20/2024 22:00,130.92,3
6/20/2024 22:15,130.92,3
6/20/2024 22:30,130.92,3
6/20/2024 22:45,130.92,3
6/20/2024 23:00,130.92,3
6/20/2024 23:15,130.92,3
6/20/2024 23:30,130.92,3
6/20/2024 23:45,130.92,3
6/21/2024 0:00,130.92,3
6/21/2024 0:15,130.92,3
6/21/2024 0:30,130.92,3
6/21/2024 0:45,130.92,3
6/21/2024 1:00,130.92,3
6/21/2024 1:15,130.92,3
6/21/2024 1:30,130.92,3
6/21/2024 1:45,130.92,3
6/21/2024 2:00,130.92,3
6/21/2024 2:15,130.92,3
6/21/2024 2:30,130.92,3
6/21/2024 2:45,130.92,3
6/21/2024 3:00,130.92,3
6/21/2024 3:15,130.92,3
6/21/2024 3:30,130.92,3
6/21/2024 3:45,130.92,3
6/21/2024 4:00,130.92,3
6/21/2024 4:15,130.92,3
6/21/2024 4:30,130.92,3
6/21/2024 4:45,130.92,3
6/21/2024 5:00,130.92,3
6/21/2024 5:15,130.6928538,3
6/21/2024 5:30,130.4657076,3
6/21/2024 5:45,130.2385614,3
6/21/2024 6:00,130.0114152,3
6/21/2024 6:15,128.4731052,3
6/21/2024 6:30,126.9347952,3
6/21/2024 6:45,125.3964852,3
6/21/2024 7:00,123.8581752,3
6/21/2024 7:15,121.4387736,3
6/21/2024 7:30,119.019372,3
6/21/2024 7:45,116.5999704,3
6/21/2024 8:00,114.1805688,3
6/21/2024 8:15,113.7937002,3
6/21/2024 8:30,113.4068316,3
6/21/2024 8:45,113.019963,3
6/21/2024 9:00,112.6330944,3
6/21/2024 9:15,109.2913614,3
6/21/2024 9:30,105.9496284,3
6/21/2024 9:45,102.6078954,3
6/21/2024 10:00,99.2661624,3
6/21/2024 10:15,93.4402224,3
6/21/2024 10:30,87.6142824,3
6/21/2024 10:45,81.7883424,3
6/21/2024 11:00,75.9624024,3
6/21/2024 11:15,72.1869969,3
6/21/2024 11:30,68.4115914,3
6/21/2024 11:45,64.6361859,3
6/21/2024 12:00,60.8607804,3
6/21/2024 12:15,60.8558709,3
6/21/2024 12:30,60.8509614,3
6/21/2024 12:45,60.8460519,3
6/21/2024 13:00,60.8411424,3
6/21/2024 13:15,63.8663763,3
6/21/2024 13:30,66.8916102,3
6/21/2024 13:45,69.9168441,3
6/21/2024 14:00,72.942078,3
6/21/2024 14:15,80.2395588,3
6/21/2024 14:30,87.5370396,3
6/21/2024 14:45,94.8345204,3
6/21/2024 15:00,102.1320012,3
6/21/2024 15:15,95.0076621,3
6/21/2024 15:30,87.883323,3
6/21/2024 15:45,80.7589839,3
6/21/2024 16:00,73.6346448,3
6/21/2024 16:15,75.3107481,3
6/21/2024 16:30,76.9868514,3
6/21/2024 16:45,78.6629547,3
6/21/2024 17:00,80.339058,3
6/21/2024 17:15,89.0455653,3
6/21/2024 17:30,97.7520726,3
6/21/2024 17:45,106.4585799,3
6/21/2024 18:00,115.1650872,3
6/21/2024 18:15,118.210941,3
6/21/2024 18:30,121.2567948,3
6/21/2024 18:45,124.3026486,3
6/21/2024 19:00,127.3485024,3
6/21/2024 19:15,124.4954283,3
6/21/2024 19:30,121.6423542,3
6/21/2024 19:45,118.7892801,3
6/21/2024 20:00,115.936206,3
6/21/2024 20:15,118.9503117,3
6/21/2024 20:30,121.9644174,3
6/21/2024 20:45,124.9785231,3
6/21/2024 21:00,127.9926288,3
6/21/2024 21:15,128.7244716,3
6/21/2024 21:30,129.4563144,3
6/21/2024 21:45,130.1881572,3
6/21/2024 22:00,130.92,3
6/21/2024 22:15,130.92,3
6/21/2024 22:30,130.92,3
6/21/2024 22:45,130.92,3
6/21/2024 23:00,130.92,3
6/21/2024 23:15,130.92,3
6/21/2024 23:30,130.92,3
6/21/2024 23:45,130.92,3
6/22/2024 0:00,130.92,3
6/22/2024 0:15,130.92,3
6/22/2024 0:30,130.92,3
6/22/2024 0:45,130.92,3
6/22/2024 1:00,130.92,3
6/22/2024 1:15,130.92,3
6/22/2024 1:30,130.92,3
6/22/2024 1:45,130.92,3
6/22/2024 2:00,130.92,3
6/22/2024 2:15,130.92,3
6/22/2024 2:30,130.92,3
6/22/2024 2:45,130.92,3
6/22/2024 3:00,130.92,3
6/22/2024 3:15,130.92,3
6/22/2024 3:30,130.92,3
6/22/2024 3:45,130.92,3
6/22/2024 4:00,130.92,3
6/22/2024 4:15,130.92,3
6/22/2024 4:30,130.92,3
6/22/2024 4:45,130.92,3
6/22/2024 5:00,130.92,3
6/22/2024 5:15,130.92,3
6/22/2024 5:30,130.92,3
6/22/2024 5:45,130.92,3
6/22/2024 6:00,130.92,3
6/22/2024 6:15,129.5473038,3
6/22/2024 6:30,128.1746076,3
6/22/2024 6:45,126.8019114,3
6/22/2024 7:00,125.4292152,3
6/22/2024 7:15,122.2386948,3
6/22/2024 7:30,119.0481744,3
6/22/2024 7:45,115.857654,3
6/22/2024 8:00,112.6671336,3
6/22/2024 8:15,107.1246354,3
6/22/2024 8:30,101.5821372,3
6/22/2024 8:45,96.039639,3
6/22/2024 9:00,90.4971408,3
6/22/2024 9:15,86.4602226,3
6/22/2024 9:30,82.4233044,3
6/22/2024 9:45,78.3863862,3
6/22/2024 10:00,74.349468,3
6/22/2024 10:15,72.4429455,3
6/22/2024 10:30,70.536423,3
6/22/2024 10:45,68.6299005,3
6/22/2024 11:00,66.723378,3
6/22/2024 11:15,66.8212407,3
6/22/2024 11:30,66.9191034,3
6/22/2024 11:45,67.0169661,3
6/22/2024 12:00,67.1148288,3
6/22/2024 12:15,68.0394513,3
6/22/2024 12:30,68.9640738,3
6/22/2024 12:45,69.8886963,3
6/22/2024 13:00,70.8133188,3
6/22/2024 13:15,68.0486157,3
6/22/2024 13:30,65.2839126,3
6/22/2024 13:45,62.5192095,3
6/22/2024 14:00,59.7545064,3
6/22/2024 14:15,60.5239887,3
6/22/2024 14:30,61.293471,3
6/22/2024 14:45,62.0629533,3
6/22/2024 15:00,62.8324356,3
6/22/2024 15:15,66.9930732,3
6/22/2024 15:30,71.1537108,3
6/22/2024 15:45,75.3143484,3
6/22/2024 16:00,79.474986,3
6/22/2024 16:15,82.2599817,3
6/22/2024 16:30,85.0449774,3
6/22/2024 16:45,87.8299731,3
6/22/2024 17:00,90.6149688,3
6/22/2024 17:15,97.2882885,3
6/22/2024 17:30,103.9616082,3
6/22/2024 17:45,110.6349279,3
6/22/2024 18:00,117.3082476,3
6/22/2024 18:15,118.77717,3
6/22/2024 18:30,120.2460924,3
6/22/2024 18:45,121.7150148,3
6/22/2024 19:00,123.1839372,3
6/22/2024 19:15,121.516671,3
6/22/2024 19:30,119.8494048,3
6/22/2024 19:45,118.1821386,3
6/22/2024 20:00,116.5148724,3
6/22/2024 20:15,119.467773,3
6/22/2024 20:30,122.4206736,3
6/22/2024 20:45,125.3735742,3
6/22/2024 21:00,128.3264748,3
6/22/2024 21:15,128.9748561,3
6/22/2024 21:30,129.6232374,3
6/22/2024 21:45,130.2716187,3
6/22/2024 22:00,130.92,3
6/22/2024 22:15,130.92,3
6/22/2024 22:30,130.92,3
6/22/2024 22:45,130.92,3
6/22/2024 23:00,130.92,3
6/22/2024 23:15,130.92,3
6/22/2024 23:30,130.92,3
6/22/2024 23:45,130.92,3
6/23/2024 0:00,130.92,3
6/23/2024 0:15,130.92,3
6/23/2024 0:30,130.92,3
6/23/2024 0:45,130.92,3
6/23/2024 1:00,130.92,3
6/23/2024 1:15,130.92,3
6/23/2024 1:30,130.92,3
6/23/2024 1:45,130.92,3
6/23/2024 2:00,130.92,3
6/23/2024 2:15,130.92,3
6/23/2024 2:30,130.92,3
6/23/2024 2:45,130.92,3
6/23/2024 3:00,130.92,3
6/23/2024 3:15,130.92,3
6/23/2024 3:30,130.92,3
6/23/2024 3:45,130.92,3
6/23/2024 4:00,130.92,3
6/23/2024 4:15,130.92,3
6/23/2024 4:30,130.92,3
6/23/2024 4:45,130.92,3
6/23/2024 5:00,130.92,3
6/23/2024 5:15,130.92,3
6/23/2024 5:30,130.92,3
6/23/2024 5:45,130.92,3
6/23/2024 6:00,130.92,3
6/23/2024 6:15,130.0307259,3
6/23/2024 6:30,129.1414518,3
6/23/2024 6:45,128.2521777,3
6/23/2024 7:00,127.3629036,3
6/23/2024 7:15,125.5958109,3
6/23/2024 7:30,123.8287182,3
6/23/2024 7:45,122.0616255,3
6/23/2024 8:00,120.2945328,3
6/23/2024 8:15,121.1088552,3
6/23/2024 8:30,121.9231776,3
6/23/2024 8:45,122.7375,3
6/23/2024 9:00,123.5518224,3
6/23/2024 9:15,122.3647053,3
6/23/2024 9:30,121.1775882,3
6/23/2024 9:45,119.9904711,3
6/23/2024 10:00,118.803354,3
6/23/2024 10:15,116.5332012,3
6/23/2024 10:30,114.2630484,3
6/23/2024 10:45,111.9928956,3
6/23/2024 11:00,109.7227428,3
6/23/2024 11:15,106.4765814,3
6/23/2024 11:30,103.23042,3
6/23/2024 11:45,99.9842586,3
6/23/2024 12:00,96.7380972,3
6/23/2024 12:15,94.0067787,3
6/23/2024 12:30,91.2754602,3
6/23/2024 12:45,88.5441417,3
6/23/2024 13:00,85.8128232,3
6/23/2024 13:15,85.6796121,3
6/23/2024 13:30,85.546401,3
6/23/2024 13:45,85.4131899,3
6/23/2024 14:00,85.2799788,3
6/23/2024 14:15,84.5550093,3
6/23/2024 14:30,83.8300398,3
6/23/2024 14:45,83.1050703,3
6/23/2024 15:00,82.3801008,3
6/23/2024 15:15,80.8067697,3
6/23/2024 15:30,79.2334386,3
6/23/2024 15:45,77.6601075,3
6/23/2024 16:00,76.0867764,3
6/23/2024 16:15,80.2873446,3
6/23/2024 16:30,84.4879128,3
6/23/2024 16:45,88.688481,3
6/23/2024 17:00,92.8890492,3
6/23/2024 17:15,98.6298912,3
6/23/2024 17:30,104.3707332,3
6/23/2024 17:45,110.1115752,3
6/23/2024 18:00,115.8524172,3
6/23/2024 18:15,116.6114259,3
6/23/2024 18:30,117.3704346,3
6/23/2024 18:45,118.1294433,3
6/23/2024 19:00,118.888452,3
6/23/2024 19:15,118.7722605,3
6/23/2024 19:30,118.656069,3
6/23/2024 19:45,118.5398775,3
6/23/2024 20:00,118.423686,3
6/23/2024 20:15,120.865344,3
6/23/2024 20:30,123.307002,3
6/23/2024 20:45,125.74866,3
6/23/2024 21:00,128.190318,3
6/23/2024 21:15,128.8727385,3
6/23/2024 21:30,129.555159,3
6/23/2024 21:45,130.2375795,3
6/23/2024 22:00,130.92,3
6/23/2024 22:15,130.92,3
6/23/2024 22:30,130.92,3
6/23/2024 22:45,130.92,3
6/23/2024 23:00,130.92,3
6/23/2024 23:15,130.92,3
6/23/2024 23:30,130.92,3
6/23/2024 23:45,130.92,3
6/24/2024 0:00,130.92,3
6/24/2024 0:15,130.92,3
6/24/2024 0:30,130.92,3
6/24/2024 0:45,130.92,3
6/24/2024 1:00,130.92,3
6/24/2024 1:15,130.92,3
6/24/2024 1:30,130.92,3
6/24/2024 1:45,130.92,3
6/24/2024 2:00,130.92,3
6/24/2024 2:15,130.92,3
6/24/2024 2:30,130.92,3
6/24/2024 2:45,130.92,3
6/24/2024 3:00,130.92,3
6/24/2024 3:15,130.92,3
6/24/2024 3:30,130.92,3
6/24/2024 3:45,130.92,3
6/24/2024 4:00,130.92,3
6/24/2024 4:15,130.92,3
6/24/2024 4:30,130.92,3
6/24/2024 4:45,130.92,3
6/24/2024 5:00,130.92,3
6/24/2024 5:15,130.6152837,3
6/24/2024 5:30,130.3105674,3
6/24/2024 5:45,130.0058511,3
6/24/2024 6:00,129.7011348,3
6/24/2024 6:15,126.9491964,3
6/24/2024 6:30,124.197258,3
6/24/2024 6:45,121.4453196,3
6/24/2024 7:00,118.6933812,3
6/24/2024 7:15,114.5860935,3
6/24/2024 7:30,110.4788058,3
6/24/2024 7:45,106.3715181,3
6/24/2024 8:00,102.2642304,3
6/24/2024 8:15,97.4093895,3
6/24/2024 8:30,92.5545486,3
6/24/2024 8:45,87.6997077,3
6/24/2024 9:00,82.8448668,3
6/24/2024 9:15,77.9959173,3
6/24/2024 9:30,73.1469678,3
6/24/2024 9:45,68.2980183,3
6/24/2024 10:00,63.4490688,3
6/24/2024 10:15,59.0072805,3
6/24/2024 10:30,54.5654922,3
6/24/2024 10:45,50.1237039,3
6/24/2024 11:00,45.6819156,3
6/24/2024 11:15,44.1226584,3
6/24/2024 11:30,42.5634012,3
6/24/2024 11:45,41.004144,3
6/24/2024 12:00,39.4448868,3
6/24/2024 12:15,42.1041993,3
6/24/2024 12:30,44.7635118,3
6/24/2024 12:45,47.4228243,3
6/24/2024 13:00,50.0821368,3
6/24/2024 13:15,52.790217,3
6/24/2024 13:30,55.4982972,3
6/24/2024 13:45,58.2063774,3
6/24/2024 14:00,60.9144576,3
6/24/2024 14:15,59.7960735,3
6/24/2024 14:30,58.6776894,3
6/24/2024 14:45,57.5593053,3
6/24/2024 15:00,56.4409212,3
6/24/2024 15:15,58.8593409,3
6/24/2024 15:30,61.2777606,3
6/24/2024 15:45,63.6961803,3
6/24/2024 16:00,66.1146,3
6/24/2024 16:15,69.4952817,3
6/24/2024 16:30,72.8759634,3
6/24/2024 16:45,76.2566451,3
6/24/2024 17:00,79.6373268,3
6/24/2024 17:15,85.2839064,3
6/24/2024 17:30,90.930486,3
6/24/2024 17:45,96.5770656,3
6/24/2024 18:00,102.2236452,3
6/24/2024 18:15,105.1441431,3
6/24/2024 18:30,108.064641,3
6/24/2024 18:45,110.9851389,3
6/24/2024 19:00,113.9056368,3
6/24/2024 19:15,113.6575434,3
6/24/2024 19:30,113.40945,3
6/24/2024 19:45,113.1613566,3
6/24/2024 20:00,112.9132632,3
6/24/2024 20:15,116.2785618,3
6/24/2024 20:30,119.6438604,3
6/24/2024 20:45,123.009159,3
6/24/2024 21:00,126.3744576,3
6/24/2024 21:15,127.5108432,3
6/24/2024 21:30,128.6472288,3
6/24/2024 21:45,129.7836144,3
6/24/2024 22:00,130.92,3
6/24/2024 22:15,130.92,3
6/24/2024 22:30,130.92,3
6/24/2024 22:45,130.92,3
6/24/2024 23:00,130.92,3
6/24/2024 23:15,130.92,3
6/24/2024 23:30,130.92,3
6/24/2024 23:45,130.92,3
6/25/2024 0:00,130.92,3
6/25/2024 0:15,130.92,3
6/25/2024 0:30,130.92,3
6/25/2024 0:45,130.92,3
6/25/2024 1:00,130.92,3
6/25/2024 1:15,130.92,3
6/25/2024 1:30,130.92,3
6/25/2024 1:45,130.92,3
6/25/2024 2:00,130.92,3
6/25/2024 2:15,130.92,3
6/25/2024 2:30,130.92,3
6/25/2024 2:45,130.92,3
6/25/2024 3:00,130.92,3
6/25/2024 3:15,130.92,3
6/25/2024 3:30,130.92,3
6/25/2024 3:45,130.92,3
6/25/2024 4:00,130.92,3
6/25/2024 4:15,130.92,3
6/25/2024 4:30,130.92,3
6/25/2024 4:45,130.92,3
6/25/2024 5:00,130.92,3
6/25/2024 5:15,130.5809172,3
6/25/2024 5:30,130.2418344,3
6/25/2024 5:45,129.9027516,3
6/25/2024 6:00,129.5636688,3
6/25/2024 6:15,126.5682192,3
6/25/2024 6:30,123.5727696,3
6/25/2024 6:45,120.57732,3
6/25/2024 7:00,117.5818704,3
6/25/2024 7:15,113.2729659,3
6/25/2024 7:30,108.9640614,3
6/25/2024 7:45,104.6551569,3
6/25/2024 8:00,100.3462524,3
6/25/2024 8:15,95.3762019,3
6/25/2024 8:30,90.4061514,3
6/25/2024 8:45,85.4361009,3
6/25/2024 9:00,80.4660504,3
6/25/2024 9:15,75.701217,3
6/25/2024 9:30,70.9363836,3
6/25/2024 9:45,66.1715502,3
6/25/2024 10:00,61.4067168,3
6/25/2024 10:15,57.3148122,3
6/25/2024 10:30,53.2229076,3
6/25/2024 10:45,49.131003,3
6/25/2024 11:00,45.0390984,3
6/25/2024 11:15,42.411534,3
6/25/2024 11:30,39.7839696,3
6/25/2024 11:45,37.1564052,3
6/25/2024 12:00,34.5288408,3
6/25/2024 12:15,32.0698359,3
6/25/2024 12:30,29.610831,3
6/25/2024 12:45,27.1518261,3
6/25/2024 13:00,24.6928212,3
6/25/2024 13:15,26.0874465,3
6/25/2024 13:30,27.4820718,3
6/25/2024 13:45,28.8766971,3
6/25/2024 14:00,30.2713224,3
6/25/2024 14:15,32.4992535,3
6/25/2024 14:30,34.7271846,3
6/25/2024 14:45,36.9551157,3
6/25/2024 15:00,39.1830468,3
6/25/2024 15:15,42.5895852,3
6/25/2024 15:30,45.9961236,3
6/25/2024 15:45,49.402662,3
6/25/2024 16:00,52.8092004,3
6/25/2024 16:15,58.8848703,3
6/25/2024 16:30,64.9605402,3
6/25/2024 16:45,71.0362101,3
6/25/2024 17:00,77.11188,3
6/25/2024 17:15,83.0206269,3
6/25/2024 17:30,88.9293738,3
6/25/2024 17:45,94.8381207,3
6/25/2024 18:00,100.7468676,3
6/25/2024 18:15,104.2411224,3
6/25/2024 18:30,107.7353772,3
6/25/2024 18:45,111.229632,3
6/25/2024 19:00,114.7238868,3
6/25/2024 19:15,114.2594481,3
6/25/2024 19:30,113.7950094,3
6/25/2024 19:45,113.3305707,3
6/25/2024 20:00,112.866132,3
6/25/2024 20:15,116.3757699,3
6/25/2024 20:30,119.8854078,3
6/25/2024 20:45,123.3950457,3
6/25/2024 21:00,126.9046836,3
6/25/2024 21:15,127.9085127,3
6/25/2024 21:30,128.9123418,3
6/25/2024 21:45,129.9161709,3
6/25/2024 22:00,130.92,3
6/25/2024 22:15,130.92,3
6/25/2024 22:30,130.92,3
6/25/2024 22:45,130.92,3
6/25/2024 23:00,130.92,3
6/25/2024 23:15,130.92,3
6/25/2024 23:30,130.92,3
6/25/2024 23:45,130.92,3
6/26/2024 0:00,130.92,3
6/26/2024 0:15,130.92,3
6/26/2024 0:30,130.92,3
6/26/2024 0:45,130.92,3
6/26/2024 1:00,130.92,3
6/26/2024 1:15,130.92,3
6/26/2024 1:30,130.92,3
6/26/2024 1:45,130.92,3
6/26/2024 2:00,130.92,3
6/26/2024 2:15,130.92,3
6/26/2024 2:30,130.92,3
6/26/2024 2:45,130.92,3
6/26/2024 3:00,130.92,3
6/26/2024 3:15,130.92,3
6/26/2024 3:30,130.92,3
6/26/2024 3:45,130.92,3
6/26/2024 4:00,130.92,3
6/26/2024 4:15,130.92,3
6/26/2024 4:30,130.92,3
6/26/2024 4:45,130.92,3
6/26/2024 5:00,130.92,3
6/26/2024 5:15,130.6401585,3
6/26/2024 5:30,130.360317,3
6/26/2024 5:45,130.0804755,3
6/26/2024 6:00,129.800634,3
6/26/2024 6:15,127.1256111,3
6/26/2024 6:30,124.4505882,3
6/26/2024 6:45,121.7755653,3
6/26/2024 7:00,119.1005424,3
6/26/2024 7:15,115.6648743,3
6/26/2024 7:30,112.2292062,3
6/26/2024 7:45,108.7935381,3
6/26/2024 8:00,105.35787,3
6/26/2024 8:15,99.7718409,3
6/26/2024 8:30,94.1858118,3
6/26/2024 8:45,88.5997827,3
6/26/2024 9:00,83.0137536,3
6/26/2024 9:15,79.4939694,3
6/26/2024 9:30,75.9741852,3
6/26/2024 9:45,72.454401,3
6/26/2024 10:00,68.9346168,3
6/26/2024 10:15,66.3512379,3
6/26/2024 10:30,63.767859,3
6/26/2024 10:45,61.1844801,3
6/26/2024 11:00,58.6011012,3
6/26/2024 11:15,57.0749013,3
6/26/2024 11:30,55.5487014,3
6/26/2024 11:45,54.0225015,3
6/26/2024 12:00,52.4963016,3
6/26/2024 12:15,51.7860606,3
6/26/2024 12:30,51.0758196,3
6/26/2024 12:45,50.3655786,3
6/26/2024 13:00,49.6553376,3
6/26/2024 13:15,51.7641315,3
6/26/2024 13:30,53.8729254,3
6/26/2024 13:45,55.9817193,3
6/26/2024 14:00,58.0905132,3
6/26/2024 14:15,56.4366663,3
6/26/2024 14:30,54.7828194,3
6/26/2024 14:45,53.1289725,3
6/26/2024 15:00,51.4751256,3
6/26/2024 15:15,54.6463353,3
6/26/2024 15:30,57.817545,3
6/26/2024 15:45,60.9887547,3
6/26/2024 16:00,64.1599644,3
6/26/2024 16:15,71.213934,3
6/26/2024 16:30,78.2679036,3
6/26/2024 16:45,85.3218732,3
6/26/2024 17:00,92.3758428,3
6/26/2024 17:15,98.6521476,3
6/26/2024 17:30,104.9284524,3
6/26/2024 17:45,111.2047572,3
6/26/2024 18:00,117.481062,3
6/26/2024 18:15,119.1480009,3
6/26/2024 18:30,120.8149398,3
6/26/2024 18:45,122.4818787,3
6/26/2024 19:00,124.1488176,3
6/26/2024 19:15,122.4324564,3
6/26/2024 19:30,120.7160952,3
6/26/2024 19:45,118.999734,3
6/26/2024 20:00,117.2833728,3
6/26/2024 20:15,119.8742796,3
6/26/2024 20:30,122.4651864,3
6/26/2024 20:45,125.0560932,3
6/26/2024 21:00,127.647,3
6/26/2024 21:15,128.46525,3
6/26/2024 21:30,129.2835,3
6/26/2024 21:45,130.10175,3
6/26/2024 22:00,130.92,3
6/26/2024 22:15,130.92,3
6/26/2024 22:30,130.92,3
6/26/2024 22:45,130.92,3
6/26/2024 23:00,130.92,3
6/26/2024 23:15,130.92,3
6/26/2024 23:30,130.92,3
6/26/2024 23:45,130.92,3
6/27/2024 0:00,130.92,3
6/27/2024 0:15,130.92,3
6/27/2024 0:30,130.92,3
6/27/2024 0:45,130.92,3
6/27/2024 1:00,130.92,3
6/27/2024 1:15,130.92,3
6/27/2024 1:30,130.92,3
6/27/2024 1:45,130.92,3
6/27/2024 2:00,130.92,3
6/27/2024 2:15,130.92,3
6/27/2024 2:30,130.92,3
6/27/2024 2:45,130.92,3
6/27/2024 3:00,130.92,3
6/27/2024 3:15,130.92,3
6/27/2024 3:30,130.92,3
6/27/2024 3:45,130.92,3
6/27/2024 4:00,130.92,3
6/27/2024 4:15,130.92,3
6/27/2024 4:30,130.92,3
6/27/2024 4:45,130.92,3
6/27/2024 5:00,130.92,3
6/27/2024 5:15,130.8015174,3
6/27/2024 5:30,130.6830348,3
6/27/2024 5:45,130.5645522,3
6/27/2024 6:00,130.4460696,3
6/27/2024 6:15,129.0471894,3
6/27/2024 6:30,127.6483092,3
6/27/2024 6:45,126.249429,3
6/27/2024 7:00,124.8505488,3
6/27/2024 7:15,123.2870367,3
6/27/2024 7:30,121.7235246,3
6/27/2024 7:45,120.1600125,3
6/27/2024 8:00,118.5965004,3
6/27/2024 8:15,111.6498852,3
6/27/2024 8:30,104.70327,3
6/27/2024 8:45,97.7566548,3
6/27/2024 9:00,90.8100396,3
6/27/2024 9:15,85.2711417,3
6/27/2024 9:30,79.7322438,3
6/27/2024 9:45,74.1933459,3
6/27/2024 10:00,68.654448,3
6/27/2024 10:15,66.7754187,3
6/27/2024 10:30,64.8963894,3
6/27/2024 10:45,63.0173601,3
6/27/2024 11:00,61.1383308,3
6/27/2024 11:15,60.9419508,3
6/27/2024 11:30,60.7455708,3
6/27/2024 11:45,60.5491908,3
6/27/2024 12:00,60.3528108,3
6/27/2024 12:15,59.6916648,3
6/27/2024 12:30,59.0305188,3
6/27/2024 12:45,58.3693728,3
6/27/2024 13:00,57.7082268,3
6/27/2024 13:15,54.5235978,3
6/27/2024 13:30,51.3389688,3
6/27/2024 13:45,48.1543398,3
6/27/2024 14:00,44.9697108,3
6/27/2024 14:15,46.1905398,3
6/27/2024 14:30,47.4113688,3
6/27/2024 14:45,48.6321978,3
6/27/2024 15:00,49.8530268,3
6/27/2024 15:15,56.5960614,3
6/27/2024 15:30,63.339096,3
6/27/2024 15:45,70.0821306,3
6/27/2024 16:00,76.8251652,3
6/27/2024 16:15,80.5701318,3
6/27/2024 16:30,84.3150984,3
6/27/2024 16:45,88.060065,3
6/27/2024 17:00,91.8050316,3
6/27/2024 17:15,97.9464888,3
6/27/2024 17:30,104.087946,3
6/27/2024 17:45,110.2294032,3
6/27/2024 18:00,116.3708604,3
6/27/2024 18:15,117.589071,3
6/27/2024 18:30,118.8072816,3
6/27/2024 18:45,120.0254922,3
6/27/2024 19:00,121.2437028,3
6/27/2024 19:15,121.061724,3
6/27/2024 19:30,120.8797452,3
6/27/2024 19:45,120.6977664,3
6/27/2024 20:00,120.5157876,3
6/27/2024 20:15,122.1784716,3
6/27/2024 20:30,123.8411556,3
6/27/2024 20:45,125.5038396,3
6/27/2024 21:00,127.1665236,3
6/27/2024 21:15,128.1048927,3
6/27/2024 21:30,129.0432618,3
6/27/2024 21:45,129.9816309,3
6/27/2024 22:00,130.92,3
6/27/2024 22:15,130.92,3
6/27/2024 22:30,130.92,3
6/27/2024 22:45,130.92,3
6/27/2024 23:00,130.92,3
6/27/2024 23:15,130.92,3
6/27/2024 23:30,130.92,3
6/27/2024 23:45,130.92,3
6/28/2024 0:00,130.92,3
6/28/2024 0:15,130.92,3
6/28/2024 0:30,130.92,3
6/28/2024 0:45,130.92,3
6/28/2024 1:00,130.92,3
6/28/2024 1:15,130.92,3
6/28/2024 1:30,130.92,3
6/28/2024 1:45,130.92,3
6/28/2024 2:00,130.92,3
6/28/2024 2:15,130.92,3
6/28/2024 2:30,130.92,3
6/28/2024 2:45,130.92,3
6/28/2024 3:00,130.92,3
6/28/2024 3:15,130.92,3
6/28/2024 3:30,130.92,3
6/28/2024 3:45,130.92,3
6/28/2024 4:00,130.92,3
6/28/2024 4:15,130.92,3
6/28/2024 4:30,130.92,3
6/28/2024 4:45,130.92,3
6/28/2024 5:00,130.92,3
6/28/2024 5:15,130.7360574,3
6/28/2024 5:30,130.5521148,3
6/28/2024 5:45,130.3681722,3
6/28/2024 6:00,130.1842296,3
6/28/2024 6:15,128.0675805,3
6/28/2024 6:30,125.9509314,3
6/28/2024 6:45,123.8342823,3
6/28/2024 7:00,121.7176332,3
6/28/2024 7:15,118.050564,3
6/28/2024 7:30,114.3834948,3
6/28/2024 7:45,110.7164256,3
6/28/2024 8:00,107.0493564,3
6/28/2024 8:15,104.0568525,3
6/28/2024 8:30,101.0643486,3
6/28/2024 8:45,98.0718447,3
6/28/2024 9:00,95.0793408,3
6/28/2024 9:15,87.6244287,3
6/28/2024 9:30,80.1695166,3
6/28/2024 9:45,72.7146045,3
6/28/2024 10:00,65.2596924,3
6/28/2024 10:15,61.2748149,3
6/28/2024 10:30,57.2899374,3
6/28/2024 10:45,53.3050599,3
6/28/2024 11:00,49.3201824,3
6/28/2024 11:15,46.545333,3
6/28/2024 11:30,43.7704836,3
6/28/2024 11:45,40.9956342,3
6/28/2024 12:00,38.2207848,3
6/28/2024 12:15,36.1970889,3
6/28/2024 12:30,34.173393,3
6/28/2024 12:45,32.1496971,3
6/28/2024 13:00,30.1260012,3
6/28/2024 13:15,31.7199522,3
6/28/2024 13:30,33.3139032,3
6/28/2024 13:45,34.9078542,3
6/28/2024 14:00,36.5018052,3
6/28/2024 14:15,43.3718322,3
6/28/2024 14:30,50.2418592,3
6/28/2024 14:45,57.1118862,3
6/28/2024 15:00,63.9819132,3
6/28/2024 15:15,63.5099466,3
6/28/2024 15:30,63.03798,3
6/28/2024 15:45,62.5660134,3
6/28/2024 16:00,62.0940468,3
6/28/2024 16:15,65.6812548,3
6/28/2024 16:30,69.2684628,3
6/28/2024 16:45,72.8556708,3
6/28/2024 17:00,76.4428788,3
6/28/2024 17:15,84.8145582,3
6/28/2024 17:30,93.1862376,3
6/28/2024 17:45,101.557917,3
6/28/2024 18:00,109.9295964,3
6/28/2024 18:15,113.5691724,3
6/28/2024 18:30,117.2087484,3
6/28/2024 18:45,120.8483244,3
6/28/2024 19:00,124.4879004,3
6/28/2024 19:15,123.4588692,3
6/28/2024 19:30,122.429838,3
6/28/2024 19:45,121.4008068,3
6/28/2024 20:00,120.3717756,3
6/28/2024 20:15,122.0302047,3
6/28/2024 20:30,123.6886338,3
6/28/2024 20:45,125.3470629,3
6/28/2024 21:00,127.005492,3
6/28/2024 21:15,127.984119,3
6/28/2024 21:30,128.962746,3
6/28/2024 21:45,129.941373,3
6/28/2024 22:00,130.92,3
6/28/2024 22:15,130.92,3
6/28/2024 22:30,130.92,3
6/28/2024 22:45,130.92,3
6/28/2024 23:00,130.92,3
6/28/2024 23:15,130.92,3
6/28/2024 23:30,130.92,3
6/28/2024 23:45,130.92,3
6/29/2024 0:00,130.92,3
6/29/2024 0:15,130.92,3
6/29/2024 0:30,130.92,3
6/29/2024 0:45,130.92,3
6/29/2024 1:00,130.92,3
6/29/2024 1:15,130.92,3
6/29/2024 1:30,130.92,3
6/29/2024 1:45,130.92,3
6/29/2024 2:00,130.92,3
6/29/2024 2:15,130.92,3
6/29/2024 2:30,130.92,3
6/29/2024 2:45,130.92,3
6/29/2024 3:00,130.92,3
6/29/2024 3:15,130.92,3
6/29/2024 3:30,130.92,3
6/29/2024 3:45,130.92,3
6/29/2024 4:00,130.92,3
6/29/2024 4:15,130.92,3
6/29/2024 4:30,130.92,3
6/29/2024 4:45,130.92,3
6/29/2024 5:00,130.92,3
6/29/2024 5:15,130.6339398,3
6/29/2024 5:30,130.3478796,3
6/29/2024 5:45,130.0618194,3
6/29/2024 6:00,129.7757592,3
6/29/2024 6:15,126.8726082,3
6/29/2024 6:30,123.9694572,3
6/29/2024 6:45,121.0663062,3
6/29/2024 7:00,118.1631552,3
6/29/2024 7:15,113.9537499,3
6/29/2024 7:30,109.7443446,3
6/29/2024 7:45,105.5349393,3
6/29/2024 8:00,101.325534,3
6/29/2024 8:15,96.8248317,3
6/29/2024 8:30,92.3241294,3
6/29/2024 8:45,87.8234271,3
6/29/2024 9:00,83.3227248,3
6/29/2024 9:15,78.1589127,3
6/29/2024 9:30,72.9951006,3
6/29/2024 9:45,67.8312885,3
6/29/2024 10:00,62.6674764,3
6/29/2024 10:15,58.1009868,3
6/29/2024 10:30,53.5344972,3
6/29/2024 10:45,48.9680076,3
6/29/2024 11:00,44.401518,3
6/29/2024 11:15,41.1602661,3
6/29/2024 11:30,37.9190142,3
6/29/2024 11:45,34.6777623,3
6/29/2024 12:00,31.4365104,3
6/29/2024 12:15,29.5656636,3
6/29/2024 12:30,27.6948168,3
6/29/2024 12:45,25.82397,3
6/29/2024 13:00,23.9531232,3
6/29/2024 13:15,23.7197583,3
6/29/2024 13:30,23.4863934,3
6/29/2024 13:45,23.2530285,3
6/29/2024 14:00,23.0196636,3
6/29/2024 14:15,25.0731438,3
6/29/2024 14:30,27.126624,3
6/29/2024 14:45,29.1801042,3
6/29/2024 15:00,31.2335844,3
6/29/2024 15:15,36.0115098,3
6/29/2024 15:30,40.7894352,3
6/29/2024 15:45,45.5673606,3
6/29/2024 16:00,50.345286,3
6/29/2024 16:15,58.243035,3
6/29/2024 16:30,66.140784,3
6/29/2024 16:45,74.038533,3
6/29/2024 17:00,81.936282,3
6/29/2024 17:15,90.6964665,3
6/29/2024 17:30,99.456651,3
6/29/2024 17:45,108.2168355,3
6/29/2024 18:00,116.97702,3
6/29/2024 18:15,119.140473,3
6/29/2024 18:30,121.303926,3
6/29/2024 18:45,123.467379,3
6/29/2024 19:00,125.630832,3
6/29/2024 19:15,124.1700921,3
6/29/2024 19:30,122.7093522,3
6/29/2024 19:45,121.2486123,3
6/29/2024 20:00,119.7878724,3
6/29/2024 20:15,121.598496,3
6/29/2024 20:30,123.4091196,3
6/29/2024 20:45,125.2197432,3
6/29/2024 21:00,127.0303668,3
6/29/2024 21:15,128.0027751,3
6/29/2024 21:30,128.9751834,3
6/29/2024 21:45,129.9475917,3
6/29/2024 22:00,130.92,3
6/29/2024 22:15,130.92,3
6/29/2024 22:30,130.92,3
6/29/2024 22:45,130.92,3
6/29/2024 23:00,130.92,3
6/29/2024 23:15,130.92,3
6/29/2024 23:30,130.92,3
6/29/2024 23:45,130.92,3
6/30/2024 0:00,130.92,3
6/30/2024 0:15,130.92,3
6/30/2024 0:30,130.92,3
6/30/2024 0:45,130.92,3
6/30/2024 1:00,130.92,3
6/30/2024 1:15,130.92,3
6/30/2024 1:30,130.92,3
6/30/2024 1:45,130.92,3
6/30/2024 2:00,130.92,3
6/30/2024 2:15,130.92,3
6/30/2024 2:30,130.92,3
6/30/2024 2:45,130.92,3
6/30/2024 3:00,130.92,3
6/30/2024 3:15,130.92,3
6/30/2024 3:30,130.92,3
6/30/2024 3:45,130.92,3
6/30/2024 4:00,130.92,3
6/30/2024 4:15,130.92,3
6/30/2024 4:30,130.92,3
6/30/2024 4:45,130.92,3
6/30/2024 5:00,130.92,3
6/30/2024 5:15,130.7642052,3
6/30/2024 5:30,130.6084104,3
6/30/2024 5:45,130.4526156,3
6/30/2024 6:00,130.2968208,3
6/30/2024 6:15,128.1484236,3
6/30/2024 6:30,126.0000264,3
6/30/2024 6:45,123.8516292,3
6/30/2024 7:00,121.703232,3
6/30/2024 7:15,117.3609429,3
6/30/2024 7:30,113.0186538,3
6/30/2024 7:45,108.6763647,3
6/30/2024 8:00,104.3340756,3
6/30/2024 8:15,99.8284638,3
6/30/2024 8:30,95.322852,3
6/30/2024 8:45,90.8172402,3
6/30/2024 9:00,86.3116284,3
6/30/2024 9:15,81.1183593,3
6/30/2024 9:30,75.9250902,3
6/30/2024 9:45,70.7318211,3
6/30/2024 10:00,65.538552,3
6/30/2024 10:15,64.9445025,3
6/30/2024 10:30,64.350453,3
6/30/2024 10:45,63.7564035,3
6/30/2024 11:00,63.162354,3
6/30/2024 11:15,65.7653709,3
6/30/2024 11:30,68.3683878,3
6/30/2024 11:45,70.9714047,3
6/30/2024 12:00,73.5744216,3
6/30/2024 12:15,71.8629699,3
6/30/2024 12:30,70.1515182,3
6/30/2024 12:45,68.4400665,3
6/30/2024 13:00,66.7286148,3
6/30/2024 13:15,66.7171593,3
6/30/2024 13:30,66.7057038,3
6/30/2024 13:45,66.6942483,3
6/30/2024 14:00,66.6827928,3
6/30/2024 14:15,70.4009208,3
6/30/2024 14:30,74.1190488,3
6/30/2024 14:45,77.8371768,3
6/30/2024 15:00,81.5553048,3
6/30/2024 15:15,82.9790598,3
6/30/2024 15:30,84.4028148,3
6/30/2024 15:45,85.8265698,3
6/30/2024 16:00,87.2503248,3
6/30/2024 16:15,90.6797742,3
6/30/2024 16:30,94.1092236,3
6/30/2024 16:45,97.538673,3
6/30/2024 17:00,100.9681224,3
6/30/2024 17:15,104.5500936,3
6/30/2024 17:30,108.1320648,3
6/30/2024 17:45,111.714036,3
6/30/2024 18:00,115.2960072,3
6/30/2024 18:15,118.5693345,3
6/30/2024 18:30,121.8426618,3
6/30/2024 18:45,125.1159891,3
6/30/2024 19:00,128.3893164,3
6/30/2024 19:15,126.8215494,3
6/30/2024 19:30,125.2537824,3
6/30/2024 19:45,123.6860154,3
6/30/2024 20:00,122.1182484,3
6/30/2024 20:15,123.7504935,3
6/30/2024 20:30,125.3827386,3
6/30/2024 20:45,127.0149837,3
6/30/2024 21:00,128.6472288,3
6/30/2024 21:15,129.2154216,3
6/30/2024 21:30,129.7836144,3
6/30/2024 21:45,130.3518072,3
6/30/2024 22:00,130.92,3
6/30/2024 22:15,130.92,3
6/30/2024 22:30,130.92,3
6/30/2024 22:45,130.92,3
6/30/2024 23:00,130.92,3
6/30/2024 23:15,130.92,3
6/30/2024 23:30,130.92,3
6/30/2024 23:45,130.92,3
